#-----------------------------------------------------------
# Vivado v2025.1 (64-bit)
# SW Build 6140274 on Thu May 22 00:12:29 MDT 2025
# IP Build 6138677 on Thu May 22 03:10:11 MDT 2025
# SharedData Build 6139179 on Tue May 20 17:58:58 MDT 2025
# Start of session at: Wed Apr  8 14:30:17 2026
# Process ID         : 37532
# Current directory  : C:/Users/Kheph/Documents/Projects/School/ECE449CPU/ECE449_LAB_CPU/ECE449CPU_2025.2
# Command line       : vivado.exe -gui_launcher_event rodinguilauncherevent34412 C:\Users\Kheph\Documents\Projects\School\ECE449CPU\ECE449_LAB_CPU\ECE449CPU_2025.2\ECE449CPU_2025.2.xpr
# Log file           : C:/Users/Kheph/Documents/Projects/School/ECE449CPU/ECE449_LAB_CPU/ECE449CPU_2025.2/vivado.log
# Journal file       : C:/Users/Kheph/Documents/Projects/School/ECE449CPU/ECE449_LAB_CPU/ECE449CPU_2025.2\vivado.jou
# Running On         : reckons-laptop
# Platform           : Windows Server 2016 or Windows 10
# Operating System   : 26200
# Processor Detail   : 11th Gen Intel(R) Core(TM) i7-1165G7 @ 2.80GHz
# CPU Frequency      : 2803 MHz
# CPU Physical cores : 4
# CPU Logical cores  : 8
# Host memory        : 38334 MB
# Swap memory        : 12884 MB
# Total Virtual      : 51219 MB
# Available Virtual  : 24934 MB
#-----------------------------------------------------------
start_gui
open_project C:/Users/Kheph/Documents/Projects/School/ECE449CPU/ECE449_LAB_CPU/ECE449CPU_2025.2/ECE449CPU_2025.2.xpr
INFO: [ProjectBase 1-489] The host OS only allows 260 characters in a normal path. The project is stored in a path with more than 80 characters. If you experience issues with IP, Block Designs, or files not being found, please consider moving the project to a location with a shorter path. Alternately consider using the OS subst command to map part of the path to a drive letter.
Current project path is 'C:/Users/Kheph/Documents/Projects/School/ECE449CPU/ECE449_LAB_CPU/ECE449CPU_2025.2'
WARNING: [Board 49-26] cannot add Board Part xilinx.com:emb-plus-vpr-4616:part0:1.0 available at C:/Xilinx/2025.1/data/xhub/boards\XilinxBoardStore\boards\Xilinx\emb-plus-vpr-4616\1.0\board.xml as part xcve2302-sfva784-2mp-e-s specified in board_part file is either invalid or not available
WARNING: [Board 49-26] cannot add Board Part xilinx.com:emb-plus-vpr-4616:part0:1.1 available at C:/Xilinx/2025.1/data/xhub/boards\XilinxBoardStore\boards\Xilinx\emb-plus-vpr-4616\1.1\board.xml as part xcve2302-sfva784-2mp-e-s specified in board_part file is either invalid or not available
WARNING: [Board 49-26] cannot add Board Part xilinx.com:kcu105:part0:1.6 available at C:/Xilinx/2025.1/data/xhub/boards\XilinxBoardStore\boards\Xilinx\kcu105\1.6\board.xml as part xcku040-ffva1156-2-e specified in board_part file is either invalid or not available
WARNING: [Board 49-26] cannot add Board Part xilinx.com:kcu105:part0:1.7 available at C:/Xilinx/2025.1/data/xhub/boards\XilinxBoardStore\boards\Xilinx\kcu105\1.7\board.xml as part xcku040-ffva1156-2-e specified in board_part file is either invalid or not available
WARNING: [Board 49-26] cannot add Board Part xilinx.com:kcu116:part0:1.4 available at C:/Xilinx/2025.1/data/xhub/boards\XilinxBoardStore\boards\Xilinx\kcu116\1.4\board.xml as part xcku5p-ffvb676-2-e specified in board_part file is either invalid or not available
WARNING: [Board 49-26] cannot add Board Part xilinx.com:kcu116:part0:1.5 available at C:/Xilinx/2025.1/data/xhub/boards\XilinxBoardStore\boards\Xilinx\kcu116\1.5\board.xml as part xcku5p-ffvb676-2-e specified in board_part file is either invalid or not available
WARNING: [Board 49-26] cannot add Board Part xilinx.com:scu35:part0:1.0 available at C:/Xilinx/2025.1/data/xhub/boards\XilinxBoardStore\boards\Xilinx\scu35\1.0\board.xml as part xcsu35p-sbvb625-2-e specified in board_part file is either invalid or not available
WARNING: [Board 49-26] cannot add Board Part xilinx.com:v80:part0:1.0 available at C:/Xilinx/2025.1/data/xhub/boards\XilinxBoardStore\boards\Xilinx\v80\1.0\board.xml as part xcv80-lsva4737-2mhp-e-s specified in board_part file is either invalid or not available
WARNING: [Board 49-26] cannot add Board Part xilinx.com:vcu108:part0:1.6 available at C:/Xilinx/2025.1/data/xhub/boards\XilinxBoardStore\boards\Xilinx\vcu108\1.6\board.xml as part xcvu095-ffva2104-2-e specified in board_part file is either invalid or not available
WARNING: [Board 49-26] cannot add Board Part xilinx.com:vcu108:part0:1.7 available at C:/Xilinx/2025.1/data/xhub/boards\XilinxBoardStore\boards\Xilinx\vcu108\1.7\board.xml as part xcvu095-ffva2104-2-e specified in board_part file is either invalid or not available
WARNING: [Board 49-26] cannot add Board Part xilinx.com:vcu110:part0:1.4 available at C:/Xilinx/2025.1/data/xhub/boards\XilinxBoardStore\boards\Xilinx\vcu110\1.4\board.xml as part xcvu190-flgc2104-2-e specified in board_part file is either invalid or not available
WARNING: [Board 49-26] cannot add Board Part xilinx.com:vcu128:part0:1.0 available at C:/Xilinx/2025.1/data/xhub/boards\XilinxBoardStore\boards\Xilinx\vcu128\production\1.0\board.xml as part xcvu37p-fsvh2892-2l-e specified in board_part file is either invalid or not available
WARNING: [Board 49-26] cannot add Board Part xilinx.com:vcu129:part0:1.0 available at C:/Xilinx/2025.1/data/xhub/boards\XilinxBoardStore\boards\Xilinx\vcu129\production\1.0\board.xml as part xcvu29p-fsga2577-2l-e specified in board_part file is either invalid or not available
WARNING: [Board 49-26] cannot add Board Part xilinx.com:vek280:part0:1.0 available at C:/Xilinx/2025.1/data/xhub/boards\XilinxBoardStore\boards\Xilinx\vek280\production\1.0\board.xml as part xcve2802-vsvh1760-2mp-e-s specified in board_part file is either invalid or not available
WARNING: [Board 49-26] cannot add Board Part xilinx.com:vek280:part0:1.1 available at C:/Xilinx/2025.1/data/xhub/boards\XilinxBoardStore\boards\Xilinx\vek280\production\1.1\board.xml as part xcve2802-vsvh1760-2mp-e-s specified in board_part file is either invalid or not available
WARNING: [Board 49-26] cannot add Board Part xilinx.com:vek280:part0:1.2 available at C:/Xilinx/2025.1/data/xhub/boards\XilinxBoardStore\boards\Xilinx\vek280\production\1.2\board.xml as part xcve2802-vsvh1760-2mp-e-s specified in board_part file is either invalid or not available
WARNING: [Board 49-26] cannot add Board Part xilinx.com:vek385:part0:1.0 available at C:/Xilinx/2025.1/data/xhub/boards\XilinxBoardStore\boards\Xilinx\vek385\1.0\board.xml as part xc2ve3858-ssva2112-2mp-e-s specified in board_part file is either invalid or not available
WARNING: [Board 49-26] cannot add Board Part xilinx.com:vermeo_t1_rfsoc:part0:1.0 available at C:/Xilinx/2025.1/data/xhub/boards\XilinxBoardStore\boards\Xilinx\vermeo_t1_rfsoc\1.0\board.xml as part xczu21dr-ffvd1156-2l-e specified in board_part file is either invalid or not available
WARNING: [Board 49-26] cannot add Board Part xilinx.com:vhk158:part0:1.0 available at C:/Xilinx/2025.1/data/xhub/boards\XilinxBoardStore\boards\Xilinx\vhk158\production\1.0\board.xml as part xcvh1582-vsva3697-2mp-e-s specified in board_part file is either invalid or not available
WARNING: [Board 49-26] cannot add Board Part xilinx.com:vhk158:part0:1.1 available at C:/Xilinx/2025.1/data/xhub/boards\XilinxBoardStore\boards\Xilinx\vhk158\production\1.1\board.xml as part xcvh1582-vsva3697-2mp-e-s specified in board_part file is either invalid or not available
WARNING: [Board 49-26] cannot add Board Part xilinx.com:vhk158:part0:1.2 available at C:/Xilinx/2025.1/data/xhub/boards\XilinxBoardStore\boards\Xilinx\vhk158\production\1.2\board.xml as part xcvh1582-vsva3697-2mp-e-s specified in board_part file is either invalid or not available
WARNING: [Board 49-26] cannot add Board Part xilinx.com:vpk180:part0:1.0 available at C:/Xilinx/2025.1/data/xhub/boards\XilinxBoardStore\boards\Xilinx\vpk180\production\1.0\board.xml as part xcvp1802-lsvc4072-2mp-e-s specified in board_part file is either invalid or not available
WARNING: [Board 49-26] cannot add Board Part xilinx.com:vpk180:part0:1.1 available at C:/Xilinx/2025.1/data/xhub/boards\XilinxBoardStore\boards\Xilinx\vpk180\production\1.1\board.xml as part xcvp1802-lsvc4072-2mp-e-s specified in board_part file is either invalid or not available
WARNING: [Board 49-26] cannot add Board Part xilinx.com:vpk180:part0:1.2 available at C:/Xilinx/2025.1/data/xhub/boards\XilinxBoardStore\boards\Xilinx\vpk180\production\1.2\board.xml as part xcvp1802-lsvc4072-2mp-e-s specified in board_part file is either invalid or not available
WARNING: [Board 49-26] cannot add Board Part xilinx.com:zcu111:part0:1.2 available at C:/Xilinx/2025.1/data/xhub/boards\XilinxBoardStore\boards\Xilinx\zcu111\1.2\board.xml as part xczu28dr-ffvg1517-2-e specified in board_part file is either invalid or not available
WARNING: [Board 49-26] cannot add Board Part xilinx.com:zcu111:part0:1.3 available at C:/Xilinx/2025.1/data/xhub/boards\XilinxBoardStore\boards\Xilinx\zcu111\1.3\board.xml as part xczu28dr-ffvg1517-2-e specified in board_part file is either invalid or not available
WARNING: [Board 49-26] cannot add Board Part xilinx.com:zcu111:part0:1.4 available at C:/Xilinx/2025.1/data/xhub/boards\XilinxBoardStore\boards\Xilinx\zcu111\1.4\board.xml as part xczu28dr-ffvg1517-2-e specified in board_part file is either invalid or not available
WARNING: [Board 49-26] cannot add Board Part xilinx.com:zcu1275:part0:1.0 available at C:/Xilinx/2025.1/data/xhub/boards\XilinxBoardStore\boards\Xilinx\zcu1275\1.0\board.xml as part xczu29dr-ffvf1760-2-e specified in board_part file is either invalid or not available
WARNING: [Board 49-26] cannot add Board Part xilinx.com:zcu1285:part0:1.0 available at C:/Xilinx/2025.1/data/xhub/boards\XilinxBoardStore\boards\Xilinx\zcu1285\1.0\board.xml as part xczu39dr-ffvf1760-2-i specified in board_part file is either invalid or not available
WARNING: [Board 49-26] cannot add Board Part xilinx.com:zcu208:part0:2.0 available at C:/Xilinx/2025.1/data/xhub/boards\XilinxBoardStore\boards\Xilinx\zcu208\production\2.0\board.xml as part xczu48dr-fsvg1517-2-e specified in board_part file is either invalid or not available
WARNING: [Board 49-26] cannot add Board Part xilinx.com:zcu208ld:part0:2.0 available at C:/Xilinx/2025.1/data/xhub/boards\XilinxBoardStore\boards\Xilinx\zcu208ld\production\2.0\board.xml as part xczu58dr-fsvg1517-2-i specified in board_part file is either invalid or not available
WARNING: [Board 49-26] cannot add Board Part xilinx.com:zcu216:part0:2.0 available at C:/Xilinx/2025.1/data/xhub/boards\XilinxBoardStore\boards\Xilinx\zcu216\production\2.0\board.xml as part xczu49dr-ffvf1760-2-e specified in board_part file is either invalid or not available
WARNING: [Board 49-26] cannot add Board Part xilinx.com:zcu216ld:part0:2.0 available at C:/Xilinx/2025.1/data/xhub/boards\XilinxBoardStore\boards\Xilinx\zcu216ld\production\2.0\board.xml as part xczu59dr-ffvf1760-2-i specified in board_part file is either invalid or not available
WARNING: [Board 49-26] cannot add Board Part xilinx.com:zcu670:part0:2.0 available at C:/Xilinx/2025.1/data/xhub/boards\XilinxBoardStore\boards\Xilinx\zcu670\2.0\board.xml as part xczu67dr-fsve1156-2-i specified in board_part file is either invalid or not available
WARNING: [Board 49-26] cannot add Board Part xilinx.com:zcu670ld:part0:1.0 available at C:/Xilinx/2025.1/data/xhub/boards\XilinxBoardStore\boards\Xilinx\zcu670ld\1.0\board.xml as part xczu57dr-fsve1156-2-i specified in board_part file is either invalid or not available
INFO: [filemgmt 56-3] Default IP Output Path : Could not find the directory 'C:/Users/Kheph/Documents/Projects/School/ECE449CPU/ECE449_LAB_CPU/ECE449CPU_2025.2/ECE449CPU_2025.2.gen/sources_1'.
CRITICAL WARNING: [Project 1-19] Could not find the file 'C:/Users/Kheph/Documents/Projects/School/ECE449CPU/ECE449_LAB_CPU/project_1/cpu_top_level_testbench_behav.wcfg'.
Scanning sources...
Finished scanning sources
WARNING: [Board 49-26] cannot add Board Part xilinx.com:emb-plus-vpr-4616:part0:1.0 available at C:/Xilinx/2025.1/data/xhub/boards\XilinxBoardStore\boards\Xilinx\emb-plus-vpr-4616\1.0\board.xml as part xcve2302-sfva784-2mp-e-s specified in board_part file is either invalid or not available
WARNING: [Board 49-26] cannot add Board Part xilinx.com:emb-plus-vpr-4616:part0:1.1 available at C:/Xilinx/2025.1/data/xhub/boards\XilinxBoardStore\boards\Xilinx\emb-plus-vpr-4616\1.1\board.xml as part xcve2302-sfva784-2mp-e-s specified in board_part file is either invalid or not available
WARNING: [Board 49-26] cannot add Board Part xilinx.com:kcu105:part0:1.6 available at C:/Xilinx/2025.1/data/xhub/boards\XilinxBoardStore\boards\Xilinx\kcu105\1.6\board.xml as part xcku040-ffva1156-2-e specified in board_part file is either invalid or not available
WARNING: [Board 49-26] cannot add Board Part xilinx.com:kcu105:part0:1.7 available at C:/Xilinx/2025.1/data/xhub/boards\XilinxBoardStore\boards\Xilinx\kcu105\1.7\board.xml as part xcku040-ffva1156-2-e specified in board_part file is either invalid or not available
WARNING: [Board 49-26] cannot add Board Part xilinx.com:kcu116:part0:1.4 available at C:/Xilinx/2025.1/data/xhub/boards\XilinxBoardStore\boards\Xilinx\kcu116\1.4\board.xml as part xcku5p-ffvb676-2-e specified in board_part file is either invalid or not available
WARNING: [Board 49-26] cannot add Board Part xilinx.com:kcu116:part0:1.5 available at C:/Xilinx/2025.1/data/xhub/boards\XilinxBoardStore\boards\Xilinx\kcu116\1.5\board.xml as part xcku5p-ffvb676-2-e specified in board_part file is either invalid or not available
WARNING: [Board 49-26] cannot add Board Part xilinx.com:scu35:part0:1.0 available at C:/Xilinx/2025.1/data/xhub/boards\XilinxBoardStore\boards\Xilinx\scu35\1.0\board.xml as part xcsu35p-sbvb625-2-e specified in board_part file is either invalid or not available
WARNING: [Board 49-26] cannot add Board Part xilinx.com:v80:part0:1.0 available at C:/Xilinx/2025.1/data/xhub/boards\XilinxBoardStore\boards\Xilinx\v80\1.0\board.xml as part xcv80-lsva4737-2mhp-e-s specified in board_part file is either invalid or not available
WARNING: [Board 49-26] cannot add Board Part xilinx.com:vcu108:part0:1.6 available at C:/Xilinx/2025.1/data/xhub/boards\XilinxBoardStore\boards\Xilinx\vcu108\1.6\board.xml as part xcvu095-ffva2104-2-e specified in board_part file is either invalid or not available
WARNING: [Board 49-26] cannot add Board Part xilinx.com:vcu108:part0:1.7 available at C:/Xilinx/2025.1/data/xhub/boards\XilinxBoardStore\boards\Xilinx\vcu108\1.7\board.xml as part xcvu095-ffva2104-2-e specified in board_part file is either invalid or not available
WARNING: [Board 49-26] cannot add Board Part xilinx.com:vcu110:part0:1.4 available at C:/Xilinx/2025.1/data/xhub/boards\XilinxBoardStore\boards\Xilinx\vcu110\1.4\board.xml as part xcvu190-flgc2104-2-e specified in board_part file is either invalid or not available
WARNING: [Board 49-26] cannot add Board Part xilinx.com:vcu128:part0:1.0 available at C:/Xilinx/2025.1/data/xhub/boards\XilinxBoardStore\boards\Xilinx\vcu128\production\1.0\board.xml as part xcvu37p-fsvh2892-2l-e specified in board_part file is either invalid or not available
WARNING: [Board 49-26] cannot add Board Part xilinx.com:vcu129:part0:1.0 available at C:/Xilinx/2025.1/data/xhub/boards\XilinxBoardStore\boards\Xilinx\vcu129\production\1.0\board.xml as part xcvu29p-fsga2577-2l-e specified in board_part file is either invalid or not available
WARNING: [Board 49-26] cannot add Board Part xilinx.com:vek280:part0:1.0 available at C:/Xilinx/2025.1/data/xhub/boards\XilinxBoardStore\boards\Xilinx\vek280\production\1.0\board.xml as part xcve2802-vsvh1760-2mp-e-s specified in board_part file is either invalid or not available
WARNING: [Board 49-26] cannot add Board Part xilinx.com:vek280:part0:1.1 available at C:/Xilinx/2025.1/data/xhub/boards\XilinxBoardStore\boards\Xilinx\vek280\production\1.1\board.xml as part xcve2802-vsvh1760-2mp-e-s specified in board_part file is either invalid or not available
WARNING: [Board 49-26] cannot add Board Part xilinx.com:vek280:part0:1.2 available at C:/Xilinx/2025.1/data/xhub/boards\XilinxBoardStore\boards\Xilinx\vek280\production\1.2\board.xml as part xcve2802-vsvh1760-2mp-e-s specified in board_part file is either invalid or not available
WARNING: [Board 49-26] cannot add Board Part xilinx.com:vek385:part0:1.0 available at C:/Xilinx/2025.1/data/xhub/boards\XilinxBoardStore\boards\Xilinx\vek385\1.0\board.xml as part xc2ve3858-ssva2112-2mp-e-s specified in board_part file is either invalid or not available
WARNING: [Board 49-26] cannot add Board Part xilinx.com:vermeo_t1_rfsoc:part0:1.0 available at C:/Xilinx/2025.1/data/xhub/boards\XilinxBoardStore\boards\Xilinx\vermeo_t1_rfsoc\1.0\board.xml as part xczu21dr-ffvd1156-2l-e specified in board_part file is either invalid or not available
WARNING: [Board 49-26] cannot add Board Part xilinx.com:vhk158:part0:1.0 available at C:/Xilinx/2025.1/data/xhub/boards\XilinxBoardStore\boards\Xilinx\vhk158\production\1.0\board.xml as part xcvh1582-vsva3697-2mp-e-s specified in board_part file is either invalid or not available
WARNING: [Board 49-26] cannot add Board Part xilinx.com:vhk158:part0:1.1 available at C:/Xilinx/2025.1/data/xhub/boards\XilinxBoardStore\boards\Xilinx\vhk158\production\1.1\board.xml as part xcvh1582-vsva3697-2mp-e-s specified in board_part file is either invalid or not available
WARNING: [Board 49-26] cannot add Board Part xilinx.com:vhk158:part0:1.2 available at C:/Xilinx/2025.1/data/xhub/boards\XilinxBoardStore\boards\Xilinx\vhk158\production\1.2\board.xml as part xcvh1582-vsva3697-2mp-e-s specified in board_part file is either invalid or not available
WARNING: [Board 49-26] cannot add Board Part xilinx.com:vpk180:part0:1.0 available at C:/Xilinx/2025.1/data/xhub/boards\XilinxBoardStore\boards\Xilinx\vpk180\production\1.0\board.xml as part xcvp1802-lsvc4072-2mp-e-s specified in board_part file is either invalid or not available
WARNING: [Board 49-26] cannot add Board Part xilinx.com:vpk180:part0:1.1 available at C:/Xilinx/2025.1/data/xhub/boards\XilinxBoardStore\boards\Xilinx\vpk180\production\1.1\board.xml as part xcvp1802-lsvc4072-2mp-e-s specified in board_part file is either invalid or not available
WARNING: [Board 49-26] cannot add Board Part xilinx.com:vpk180:part0:1.2 available at C:/Xilinx/2025.1/data/xhub/boards\XilinxBoardStore\boards\Xilinx\vpk180\production\1.2\board.xml as part xcvp1802-lsvc4072-2mp-e-s specified in board_part file is either invalid or not available
WARNING: [Board 49-26] cannot add Board Part xilinx.com:zcu111:part0:1.2 available at C:/Xilinx/2025.1/data/xhub/boards\XilinxBoardStore\boards\Xilinx\zcu111\1.2\board.xml as part xczu28dr-ffvg1517-2-e specified in board_part file is either invalid or not available
WARNING: [Board 49-26] cannot add Board Part xilinx.com:zcu111:part0:1.3 available at C:/Xilinx/2025.1/data/xhub/boards\XilinxBoardStore\boards\Xilinx\zcu111\1.3\board.xml as part xczu28dr-ffvg1517-2-e specified in board_part file is either invalid or not available
WARNING: [Board 49-26] cannot add Board Part xilinx.com:zcu111:part0:1.4 available at C:/Xilinx/2025.1/data/xhub/boards\XilinxBoardStore\boards\Xilinx\zcu111\1.4\board.xml as part xczu28dr-ffvg1517-2-e specified in board_part file is either invalid or not available
WARNING: [Board 49-26] cannot add Board Part xilinx.com:zcu1275:part0:1.0 available at C:/Xilinx/2025.1/data/xhub/boards\XilinxBoardStore\boards\Xilinx\zcu1275\1.0\board.xml as part xczu29dr-ffvf1760-2-e specified in board_part file is either invalid or not available
WARNING: [Board 49-26] cannot add Board Part xilinx.com:zcu1285:part0:1.0 available at C:/Xilinx/2025.1/data/xhub/boards\XilinxBoardStore\boards\Xilinx\zcu1285\1.0\board.xml as part xczu39dr-ffvf1760-2-i specified in board_part file is either invalid or not available
WARNING: [Board 49-26] cannot add Board Part xilinx.com:zcu208:part0:2.0 available at C:/Xilinx/2025.1/data/xhub/boards\XilinxBoardStore\boards\Xilinx\zcu208\production\2.0\board.xml as part xczu48dr-fsvg1517-2-e specified in board_part file is either invalid or not available
WARNING: [Board 49-26] cannot add Board Part xilinx.com:zcu208ld:part0:2.0 available at C:/Xilinx/2025.1/data/xhub/boards\XilinxBoardStore\boards\Xilinx\zcu208ld\production\2.0\board.xml as part xczu58dr-fsvg1517-2-i specified in board_part file is either invalid or not available
WARNING: [Board 49-26] cannot add Board Part xilinx.com:zcu216:part0:2.0 available at C:/Xilinx/2025.1/data/xhub/boards\XilinxBoardStore\boards\Xilinx\zcu216\production\2.0\board.xml as part xczu49dr-ffvf1760-2-e specified in board_part file is either invalid or not available
WARNING: [Board 49-26] cannot add Board Part xilinx.com:zcu216ld:part0:2.0 available at C:/Xilinx/2025.1/data/xhub/boards\XilinxBoardStore\boards\Xilinx\zcu216ld\production\2.0\board.xml as part xczu59dr-ffvf1760-2-i specified in board_part file is either invalid or not available
WARNING: [Board 49-26] cannot add Board Part xilinx.com:zcu670:part0:2.0 available at C:/Xilinx/2025.1/data/xhub/boards\XilinxBoardStore\boards\Xilinx\zcu670\2.0\board.xml as part xczu67dr-fsve1156-2-i specified in board_part file is either invalid or not available
WARNING: [Board 49-26] cannot add Board Part xilinx.com:zcu670ld:part0:1.0 available at C:/Xilinx/2025.1/data/xhub/boards\XilinxBoardStore\boards\Xilinx\zcu670ld\1.0\board.xml as part xczu57dr-fsve1156-2-i specified in board_part file is either invalid or not available
WARNING: [Project 1-5713] Board part '' set for the project  is not found. BoardPart property will be unset. Please select board from latest repo build 
INFO: [IP_Flow 19-234] Refreshing IP repositories
INFO: [IP_Flow 19-1704] No user IP repositories specified
INFO: [IP_Flow 19-2313] Loaded Vivado IP repository 'C:/Xilinx/2025.1/Vivado/data/ip'.
open_project: Time (s): cpu = 00:00:22 ; elapsed = 00:00:09 . Memory (MB): peak = 1700.625 ; gain = 190.086
update_compile_order -fileset sources_1
WARNING: [IP_Flow 19-4067] Ignoring invalid widget type specified checkbox.Providing a default widget
WARNING: [IP_Flow 19-4067] Ignoring invalid widget type specified checkbox.Providing a default widget
INFO: [IP_Flow 19-3484] Absolute path of file 'c:/Users/Kheph/Documents/Projects/School/ECE449CPU/ECE449_LAB_CPU/Assembler/MilestoneTestCode/FormatL/FORMAT_L_Test_Part1.coe' provided. It will be converted relative to IP Instance files '../../../../../Assembler/MilestoneTestCode/FormatL/FORMAT_L_Test_Part1.coe'
INFO: [IP_Flow 19-3484] Absolute path of file 'c:/Users/Kheph/Documents/Projects/School/ECE449CPU/ECE449_LAB_CPU/FormatA_Test.coe' provided. It will be converted relative to IP Instance files '../../../../../FormatA_Test.coe'
INFO: [IP_Flow 19-3484] Absolute path of file 'c:/Users/Kheph/Documents/Projects/School/ECE449CPU/ECE449_LAB_CPU/FormatA_Test.coe' provided. It will be converted relative to IP Instance files '../../../../../FormatA_Test.coe'
create_ip -name blk_mem_gen -vendor xilinx.com -library ip -version 8.4 -module_name blk_mem_gen_0
set_property -dict [list \
  CONFIG.Coe_File {C:/Users/Kheph/Documents/Projects/School/ECE449CPU/ECE449_LAB_CPU/FormatA_Test.coe} \
  CONFIG.Disable_Collision_Warnings {false} \
  CONFIG.Disable_Out_of_Range_Warnings {false} \
  CONFIG.Fill_Remaining_Memory_Locations {false} \
  CONFIG.Load_Init_File {true} \
  CONFIG.Memory_Type {Single_Port_ROM} \
  CONFIG.Register_PortA_Output_of_Memory_Core {false} \
  CONFIG.Register_PortA_Output_of_Memory_Primitives {false} \
  CONFIG.Use_REGCEA_Pin {false} \
  CONFIG.Write_Depth_A {512} \
] [get_ips blk_mem_gen_0]
INFO: [IP_Flow 19-3484] Absolute path of file 'c:/Users/Kheph/Documents/Projects/School/ECE449CPU/ECE449_LAB_CPU/FormatA_Test.coe' provided. It will be converted relative to IP Instance files '../../../../../FormatA_Test.coe'
generate_target {instantiation_template} [get_files c:/Users/Kheph/Documents/Projects/School/ECE449CPU/ECE449_LAB_CPU/ECE449CPU_2025.2/ECE449CPU_2025.2.srcs/sources_1/ip/blk_mem_gen_0/blk_mem_gen_0.xci]
INFO: [IP_Flow 19-1686] Generating 'Instantiation Template' target for IP 'blk_mem_gen_0'...
update_compile_order -fileset sources_1
generate_target all [get_files  c:/Users/Kheph/Documents/Projects/School/ECE449CPU/ECE449_LAB_CPU/ECE449CPU_2025.2/ECE449CPU_2025.2.srcs/sources_1/ip/blk_mem_gen_0/blk_mem_gen_0.xci]
INFO: [IP_Flow 19-1686] Generating 'Synthesis' target for IP 'blk_mem_gen_0'...
INFO: [IP_Flow 19-1686] Generating 'Simulation' target for IP 'blk_mem_gen_0'...
INFO: [IP_Flow 19-1686] Generating 'Miscellaneous' target for IP 'blk_mem_gen_0'...
INFO: [IP_Flow 19-1686] Generating 'Change Log' target for IP 'blk_mem_gen_0'...
catch { config_ip_cache -export [get_ips -all blk_mem_gen_0] }
export_ip_user_files -of_objects [get_files c:/Users/Kheph/Documents/Projects/School/ECE449CPU/ECE449_LAB_CPU/ECE449CPU_2025.2/ECE449CPU_2025.2.srcs/sources_1/ip/blk_mem_gen_0/blk_mem_gen_0.xci] -no_script -sync -force -quiet
create_ip_run [get_files -of_objects [get_fileset sources_1] c:/Users/Kheph/Documents/Projects/School/ECE449CPU/ECE449_LAB_CPU/ECE449CPU_2025.2/ECE449CPU_2025.2.srcs/sources_1/ip/blk_mem_gen_0/blk_mem_gen_0.xci]
launch_runs blk_mem_gen_0_synth_1 -jobs 4
[Wed Apr  8 14:36:08 2026] Launched blk_mem_gen_0_synth_1...
Run output will be captured here: C:/Users/Kheph/Documents/Projects/School/ECE449CPU/ECE449_LAB_CPU/ECE449CPU_2025.2/ECE449CPU_2025.2.runs/blk_mem_gen_0_synth_1/runme.log
INFO: [Vivado 12-4357] Exporting simulation files for 'blk_mem_gen_0'... please wait for 'blk_mem_gen_0_synth_1' run to finish...
wait_on_run blk_mem_gen_0_synth_1
[Wed Apr  8 14:36:08 2026] Waiting for blk_mem_gen_0_synth_1 to finish...
[Wed Apr  8 14:36:14 2026] Waiting for blk_mem_gen_0_synth_1 to finish...
[Wed Apr  8 14:36:19 2026] Waiting for blk_mem_gen_0_synth_1 to finish...
[Wed Apr  8 14:36:24 2026] Waiting for blk_mem_gen_0_synth_1 to finish...
[Wed Apr  8 14:36:34 2026] Waiting for blk_mem_gen_0_synth_1 to finish...
[Wed Apr  8 14:36:44 2026] Waiting for blk_mem_gen_0_synth_1 to finish...
[Wed Apr  8 14:36:54 2026] Waiting for blk_mem_gen_0_synth_1 to finish...
[Wed Apr  8 14:37:04 2026] Waiting for blk_mem_gen_0_synth_1 to finish...

*** Running vivado
    with args -log blk_mem_gen_0.vds -m64 -product Vivado -mode batch -messageDb vivado.pb -notrace -source blk_mem_gen_0.tcl



****** Vivado v2025.1 (64-bit)
  **** SW Build 6140274 on Thu May 22 00:12:29 MDT 2025
  **** IP Build 6138677 on Thu May 22 03:10:11 MDT 2025
  **** SharedData Build 6139179 on Tue May 20 17:58:58 MDT 2025
  **** Start of session at: Wed Apr  8 14:36:10 2026
    ** Copyright 1986-2022 Xilinx, Inc. All Rights Reserved.
    ** Copyright 2022-2025 Advanced Micro Devices, Inc. All Rights Reserved.

source blk_mem_gen_0.tcl -notrace
Command: synth_design -top blk_mem_gen_0 -part xc7a35tcpg236-1 -incremental_mode off -mode out_of_context
Starting synth_design
Attempting to get a license for feature 'Synthesis' and/or device 'xc7a35t'
INFO: [Common 17-349] Got license for feature 'Synthesis' and/or device 'xc7a35t'
INFO: [Device 21-403] Loading part xc7a35tcpg236-1
INFO: [Synth 8-7079] Multithreading enabled for synth_design using a maximum of 2 processes.
INFO: [Synth 8-7078] Launching helper process for spawning children vivado processes
INFO: [Synth 8-7075] Helper process launched with PID 33000
---------------------------------------------------------------------------------
Starting RTL Elaboration : Time (s): cpu = 00:00:06 ; elapsed = 00:00:07 . Memory (MB): peak = 1281.965 ; gain = 492.520
---------------------------------------------------------------------------------
INFO: [Synth 8-638] synthesizing module 'blk_mem_gen_0' [c:/Users/Kheph/Documents/Projects/School/ECE449CPU/ECE449_LAB_CPU/ECE449CPU_2025.2/ECE449CPU_2025.2.gen/sources_1/ip/blk_mem_gen_0/synth/blk_mem_gen_0.vhd:68]
	Parameter C_FAMILY bound to: artix7 - type: string 
	Parameter C_XDEVICEFAMILY bound to: artix7 - type: string 
	Parameter C_ELABORATION_DIR bound to: ./ - type: string 
	Parameter C_INTERFACE_TYPE bound to: 0 - type: integer 
	Parameter C_AXI_TYPE bound to: 1 - type: integer 
	Parameter C_AXI_SLAVE_TYPE bound to: 0 - type: integer 
	Parameter C_USE_BRAM_BLOCK bound to: 0 - type: integer 
	Parameter C_ENABLE_32BIT_ADDRESS bound to: 0 - type: integer 
	Parameter C_CTRL_ECC_ALGO bound to: NONE - type: string 
	Parameter C_HAS_AXI_ID bound to: 0 - type: integer 
	Parameter C_AXI_ID_WIDTH bound to: 4 - type: integer 
	Parameter C_MEM_TYPE bound to: 3 - type: integer 
	Parameter C_BYTE_SIZE bound to: 9 - type: integer 
	Parameter C_ALGORITHM bound to: 1 - type: integer 
	Parameter C_PRIM_TYPE bound to: 1 - type: integer 
	Parameter C_LOAD_INIT_FILE bound to: 1 - type: integer 
	Parameter C_INIT_FILE_NAME bound to: blk_mem_gen_0.mif - type: string 
	Parameter C_INIT_FILE bound to: blk_mem_gen_0.mem - type: string 
	Parameter C_USE_DEFAULT_DATA bound to: 0 - type: integer 
	Parameter C_DEFAULT_DATA bound to: 0 - type: string 
	Parameter C_HAS_RSTA bound to: 0 - type: integer 
	Parameter C_RST_PRIORITY_A bound to: CE - type: string 
	Parameter C_RSTRAM_A bound to: 0 - type: integer 
	Parameter C_INITA_VAL bound to: 0 - type: string 
	Parameter C_HAS_ENA bound to: 1 - type: integer 
	Parameter C_HAS_REGCEA bound to: 0 - type: integer 
	Parameter C_USE_BYTE_WEA bound to: 0 - type: integer 
	Parameter C_WEA_WIDTH bound to: 1 - type: integer 
	Parameter C_WRITE_MODE_A bound to: WRITE_FIRST - type: string 
	Parameter C_WRITE_WIDTH_A bound to: 16 - type: integer 
	Parameter C_READ_WIDTH_A bound to: 16 - type: integer 
	Parameter C_WRITE_DEPTH_A bound to: 512 - type: integer 
	Parameter C_READ_DEPTH_A bound to: 512 - type: integer 
	Parameter C_ADDRA_WIDTH bound to: 9 - type: integer 
	Parameter C_HAS_RSTB bound to: 0 - type: integer 
	Parameter C_RST_PRIORITY_B bound to: CE - type: string 
	Parameter C_RSTRAM_B bound to: 0 - type: integer 
	Parameter C_INITB_VAL bound to: 0 - type: string 
	Parameter C_HAS_ENB bound to: 0 - type: integer 
	Parameter C_HAS_REGCEB bound to: 0 - type: integer 
	Parameter C_USE_BYTE_WEB bound to: 0 - type: integer 
	Parameter C_WEB_WIDTH bound to: 1 - type: integer 
	Parameter C_WRITE_MODE_B bound to: WRITE_FIRST - type: string 
	Parameter C_WRITE_WIDTH_B bound to: 16 - type: integer 
	Parameter C_READ_WIDTH_B bound to: 16 - type: integer 
	Parameter C_WRITE_DEPTH_B bound to: 512 - type: integer 
	Parameter C_READ_DEPTH_B bound to: 512 - type: integer 
	Parameter C_ADDRB_WIDTH bound to: 9 - type: integer 
	Parameter C_HAS_MEM_OUTPUT_REGS_A bound to: 0 - type: integer 
	Parameter C_HAS_MEM_OUTPUT_REGS_B bound to: 0 - type: integer 
	Parameter C_HAS_MUX_OUTPUT_REGS_A bound to: 0 - type: integer 
	Parameter C_HAS_MUX_OUTPUT_REGS_B bound to: 0 - type: integer 
	Parameter C_MUX_PIPELINE_STAGES bound to: 0 - type: integer 
	Parameter C_HAS_SOFTECC_INPUT_REGS_A bound to: 0 - type: integer 
	Parameter C_HAS_SOFTECC_OUTPUT_REGS_B bound to: 0 - type: integer 
	Parameter C_USE_SOFTECC bound to: 0 - type: integer 
	Parameter C_USE_ECC bound to: 0 - type: integer 
	Parameter C_EN_ECC_PIPE bound to: 0 - type: integer 
	Parameter C_READ_LATENCY_A bound to: 1 - type: integer 
	Parameter C_READ_LATENCY_B bound to: 1 - type: integer 
	Parameter C_HAS_INJECTERR bound to: 0 - type: integer 
	Parameter C_SIM_COLLISION_CHECK bound to: ALL - type: string 
	Parameter C_COMMON_CLK bound to: 0 - type: integer 
	Parameter C_DISABLE_WARN_BHV_COLL bound to: 0 - type: integer 
	Parameter C_EN_SLEEP_PIN bound to: 0 - type: integer 
	Parameter C_USE_URAM bound to: 0 - type: integer 
	Parameter C_EN_RDADDRA_CHG bound to: 0 - type: integer 
	Parameter C_EN_RDADDRB_CHG bound to: 0 - type: integer 
	Parameter C_EN_DEEPSLEEP_PIN bound to: 0 - type: integer 
	Parameter C_EN_SHUTDOWN_PIN bound to: 0 - type: integer 
	Parameter C_EN_SAFETY_CKT bound to: 0 - type: integer 
	Parameter C_DISABLE_WARN_BHV_RANGE bound to: 0 - type: integer 
	Parameter C_COUNT_36K_BRAM bound to: 0 - type: string 
	Parameter C_COUNT_18K_BRAM bound to: 1 - type: string 
	Parameter C_EST_POWER_SUMMARY bound to: Estimated Power for IP     :     2.7096 mW - type: string 
INFO: [Synth 8-3491] module 'blk_mem_gen_v8_4_11' declared at 'c:/Users/Kheph/Documents/Projects/School/ECE449CPU/ECE449_LAB_CPU/ECE449CPU_2025.2/ECE449CPU_2025.2.gen/sources_1/ip/blk_mem_gen_0/hdl/blk_mem_gen_v8_4_vhsyn_rfs.vhd:195209' bound to instance 'U0' of component 'blk_mem_gen_v8_4_11' [c:/Users/Kheph/Documents/Projects/School/ECE449CPU/ECE449_LAB_CPU/ECE449CPU_2025.2/ECE449CPU_2025.2.gen/sources_1/ip/blk_mem_gen_0/synth/blk_mem_gen_0.vhd:234]
INFO: [Synth 8-256] done synthesizing module 'blk_mem_gen_0' (0#1) [c:/Users/Kheph/Documents/Projects/School/ECE449CPU/ECE449_LAB_CPU/ECE449CPU_2025.2/ECE449CPU_2025.2.gen/sources_1/ip/blk_mem_gen_0/synth/blk_mem_gen_0.vhd:68]
WARNING: [Synth 8-7129] Port CLKB in module blk_mem_output_block is either unconnected or has no load
WARNING: [Synth 8-7129] Port DOUTB_I[15] in module blk_mem_output_block is either unconnected or has no load
WARNING: [Synth 8-7129] Port DOUTB_I[14] in module blk_mem_output_block is either unconnected or has no load
WARNING: [Synth 8-7129] Port DOUTB_I[13] in module blk_mem_output_block is either unconnected or has no load
WARNING: [Synth 8-7129] Port DOUTB_I[12] in module blk_mem_output_block is either unconnected or has no load
WARNING: [Synth 8-7129] Port DOUTB_I[11] in module blk_mem_output_block is either unconnected or has no load
WARNING: [Synth 8-7129] Port DOUTB_I[10] in module blk_mem_output_block is either unconnected or has no load
WARNING: [Synth 8-7129] Port DOUTB_I[9] in module blk_mem_output_block is either unconnected or has no load
WARNING: [Synth 8-7129] Port DOUTB_I[8] in module blk_mem_output_block is either unconnected or has no load
WARNING: [Synth 8-7129] Port DOUTB_I[7] in module blk_mem_output_block is either unconnected or has no load
WARNING: [Synth 8-7129] Port DOUTB_I[6] in module blk_mem_output_block is either unconnected or has no load
WARNING: [Synth 8-7129] Port DOUTB_I[5] in module blk_mem_output_block is either unconnected or has no load
WARNING: [Synth 8-7129] Port DOUTB_I[4] in module blk_mem_output_block is either unconnected or has no load
WARNING: [Synth 8-7129] Port DOUTB_I[3] in module blk_mem_output_block is either unconnected or has no load
WARNING: [Synth 8-7129] Port DOUTB_I[2] in module blk_mem_output_block is either unconnected or has no load
WARNING: [Synth 8-7129] Port DOUTB_I[1] in module blk_mem_output_block is either unconnected or has no load
WARNING: [Synth 8-7129] Port DOUTB_I[0] in module blk_mem_output_block is either unconnected or has no load
WARNING: [Synth 8-7129] Port SBITERR_I in module blk_mem_output_block is either unconnected or has no load
WARNING: [Synth 8-7129] Port DBITERR_I in module blk_mem_output_block is either unconnected or has no load
WARNING: [Synth 8-7129] Port RDADDRECC_I[8] in module blk_mem_output_block is either unconnected or has no load
WARNING: [Synth 8-7129] Port RDADDRECC_I[7] in module blk_mem_output_block is either unconnected or has no load
WARNING: [Synth 8-7129] Port RDADDRECC_I[6] in module blk_mem_output_block is either unconnected or has no load
WARNING: [Synth 8-7129] Port RDADDRECC_I[5] in module blk_mem_output_block is either unconnected or has no load
WARNING: [Synth 8-7129] Port RDADDRECC_I[4] in module blk_mem_output_block is either unconnected or has no load
WARNING: [Synth 8-7129] Port RDADDRECC_I[3] in module blk_mem_output_block is either unconnected or has no load
WARNING: [Synth 8-7129] Port RDADDRECC_I[2] in module blk_mem_output_block is either unconnected or has no load
WARNING: [Synth 8-7129] Port RDADDRECC_I[1] in module blk_mem_output_block is either unconnected or has no load
WARNING: [Synth 8-7129] Port RDADDRECC_I[0] in module blk_mem_output_block is either unconnected or has no load
WARNING: [Synth 8-7129] Port DOUTB[35] in module blk_mem_gen_prim_wrapper_init is either unconnected or has no load
WARNING: [Synth 8-7129] Port DOUTB[34] in module blk_mem_gen_prim_wrapper_init is either unconnected or has no load
WARNING: [Synth 8-7129] Port DOUTB[33] in module blk_mem_gen_prim_wrapper_init is either unconnected or has no load
WARNING: [Synth 8-7129] Port DOUTB[32] in module blk_mem_gen_prim_wrapper_init is either unconnected or has no load
WARNING: [Synth 8-7129] Port DOUTB[31] in module blk_mem_gen_prim_wrapper_init is either unconnected or has no load
WARNING: [Synth 8-7129] Port DOUTB[30] in module blk_mem_gen_prim_wrapper_init is either unconnected or has no load
WARNING: [Synth 8-7129] Port DOUTB[29] in module blk_mem_gen_prim_wrapper_init is either unconnected or has no load
WARNING: [Synth 8-7129] Port DOUTB[28] in module blk_mem_gen_prim_wrapper_init is either unconnected or has no load
WARNING: [Synth 8-7129] Port DOUTB[27] in module blk_mem_gen_prim_wrapper_init is either unconnected or has no load
WARNING: [Synth 8-7129] Port DOUTB[26] in module blk_mem_gen_prim_wrapper_init is either unconnected or has no load
WARNING: [Synth 8-7129] Port DOUTB[25] in module blk_mem_gen_prim_wrapper_init is either unconnected or has no load
WARNING: [Synth 8-7129] Port DOUTB[24] in module blk_mem_gen_prim_wrapper_init is either unconnected or has no load
WARNING: [Synth 8-7129] Port DOUTB[23] in module blk_mem_gen_prim_wrapper_init is either unconnected or has no load
WARNING: [Synth 8-7129] Port DOUTB[22] in module blk_mem_gen_prim_wrapper_init is either unconnected or has no load
WARNING: [Synth 8-7129] Port DOUTB[21] in module blk_mem_gen_prim_wrapper_init is either unconnected or has no load
WARNING: [Synth 8-7129] Port DOUTB[20] in module blk_mem_gen_prim_wrapper_init is either unconnected or has no load
WARNING: [Synth 8-7129] Port DOUTB[19] in module blk_mem_gen_prim_wrapper_init is either unconnected or has no load
WARNING: [Synth 8-7129] Port DOUTB[18] in module blk_mem_gen_prim_wrapper_init is either unconnected or has no load
WARNING: [Synth 8-7129] Port DOUTB[17] in module blk_mem_gen_prim_wrapper_init is either unconnected or has no load
WARNING: [Synth 8-7129] Port DOUTB[16] in module blk_mem_gen_prim_wrapper_init is either unconnected or has no load
WARNING: [Synth 8-7129] Port DOUTB[15] in module blk_mem_gen_prim_wrapper_init is either unconnected or has no load
WARNING: [Synth 8-7129] Port DOUTB[14] in module blk_mem_gen_prim_wrapper_init is either unconnected or has no load
WARNING: [Synth 8-7129] Port DOUTB[13] in module blk_mem_gen_prim_wrapper_init is either unconnected or has no load
WARNING: [Synth 8-7129] Port DOUTB[12] in module blk_mem_gen_prim_wrapper_init is either unconnected or has no load
WARNING: [Synth 8-7129] Port DOUTB[11] in module blk_mem_gen_prim_wrapper_init is either unconnected or has no load
WARNING: [Synth 8-7129] Port DOUTB[10] in module blk_mem_gen_prim_wrapper_init is either unconnected or has no load
WARNING: [Synth 8-7129] Port DOUTB[9] in module blk_mem_gen_prim_wrapper_init is either unconnected or has no load
WARNING: [Synth 8-7129] Port DOUTB[8] in module blk_mem_gen_prim_wrapper_init is either unconnected or has no load
WARNING: [Synth 8-7129] Port DOUTB[7] in module blk_mem_gen_prim_wrapper_init is either unconnected or has no load
WARNING: [Synth 8-7129] Port DOUTB[6] in module blk_mem_gen_prim_wrapper_init is either unconnected or has no load
WARNING: [Synth 8-7129] Port DOUTB[5] in module blk_mem_gen_prim_wrapper_init is either unconnected or has no load
WARNING: [Synth 8-7129] Port DOUTB[4] in module blk_mem_gen_prim_wrapper_init is either unconnected or has no load
WARNING: [Synth 8-7129] Port DOUTB[3] in module blk_mem_gen_prim_wrapper_init is either unconnected or has no load
WARNING: [Synth 8-7129] Port DOUTB[2] in module blk_mem_gen_prim_wrapper_init is either unconnected or has no load
WARNING: [Synth 8-7129] Port DOUTB[1] in module blk_mem_gen_prim_wrapper_init is either unconnected or has no load
WARNING: [Synth 8-7129] Port DOUTB[0] in module blk_mem_gen_prim_wrapper_init is either unconnected or has no load
WARNING: [Synth 8-7129] Port SBITERR in module blk_mem_gen_prim_wrapper_init is either unconnected or has no load
WARNING: [Synth 8-7129] Port DBITERR in module blk_mem_gen_prim_wrapper_init is either unconnected or has no load
WARNING: [Synth 8-7129] Port SSRA in module blk_mem_gen_prim_wrapper_init is either unconnected or has no load
WARNING: [Synth 8-7129] Port CLKB in module blk_mem_gen_prim_wrapper_init is either unconnected or has no load
WARNING: [Synth 8-7129] Port SSRB in module blk_mem_gen_prim_wrapper_init is either unconnected or has no load
WARNING: [Synth 8-7129] Port ENB in module blk_mem_gen_prim_wrapper_init is either unconnected or has no load
WARNING: [Synth 8-7129] Port REGCEB in module blk_mem_gen_prim_wrapper_init is either unconnected or has no load
WARNING: [Synth 8-7129] Port WEB[0] in module blk_mem_gen_prim_wrapper_init is either unconnected or has no load
WARNING: [Synth 8-7129] Port ADDRB[8] in module blk_mem_gen_prim_wrapper_init is either unconnected or has no load
WARNING: [Synth 8-7129] Port ADDRB[7] in module blk_mem_gen_prim_wrapper_init is either unconnected or has no load
WARNING: [Synth 8-7129] Port ADDRB[6] in module blk_mem_gen_prim_wrapper_init is either unconnected or has no load
WARNING: [Synth 8-7129] Port ADDRB[5] in module blk_mem_gen_prim_wrapper_init is either unconnected or has no load
WARNING: [Synth 8-7129] Port ADDRB[4] in module blk_mem_gen_prim_wrapper_init is either unconnected or has no load
WARNING: [Synth 8-7129] Port ADDRB[3] in module blk_mem_gen_prim_wrapper_init is either unconnected or has no load
WARNING: [Synth 8-7129] Port ADDRB[2] in module blk_mem_gen_prim_wrapper_init is either unconnected or has no load
WARNING: [Synth 8-7129] Port ADDRB[1] in module blk_mem_gen_prim_wrapper_init is either unconnected or has no load
WARNING: [Synth 8-7129] Port ADDRB[0] in module blk_mem_gen_prim_wrapper_init is either unconnected or has no load
WARNING: [Synth 8-7129] Port DINB[35] in module blk_mem_gen_prim_wrapper_init is either unconnected or has no load
WARNING: [Synth 8-7129] Port DINB[34] in module blk_mem_gen_prim_wrapper_init is either unconnected or has no load
WARNING: [Synth 8-7129] Port DINB[33] in module blk_mem_gen_prim_wrapper_init is either unconnected or has no load
WARNING: [Synth 8-7129] Port DINB[32] in module blk_mem_gen_prim_wrapper_init is either unconnected or has no load
WARNING: [Synth 8-7129] Port DINB[31] in module blk_mem_gen_prim_wrapper_init is either unconnected or has no load
WARNING: [Synth 8-7129] Port DINB[30] in module blk_mem_gen_prim_wrapper_init is either unconnected or has no load
WARNING: [Synth 8-7129] Port DINB[29] in module blk_mem_gen_prim_wrapper_init is either unconnected or has no load
WARNING: [Synth 8-7129] Port DINB[28] in module blk_mem_gen_prim_wrapper_init is either unconnected or has no load
WARNING: [Synth 8-7129] Port DINB[27] in module blk_mem_gen_prim_wrapper_init is either unconnected or has no load
WARNING: [Synth 8-7129] Port DINB[26] in module blk_mem_gen_prim_wrapper_init is either unconnected or has no load
WARNING: [Synth 8-7129] Port DINB[25] in module blk_mem_gen_prim_wrapper_init is either unconnected or has no load
WARNING: [Synth 8-7129] Port DINB[24] in module blk_mem_gen_prim_wrapper_init is either unconnected or has no load
WARNING: [Synth 8-7129] Port DINB[23] in module blk_mem_gen_prim_wrapper_init is either unconnected or has no load
WARNING: [Synth 8-7129] Port DINB[22] in module blk_mem_gen_prim_wrapper_init is either unconnected or has no load
WARNING: [Synth 8-7129] Port DINB[21] in module blk_mem_gen_prim_wrapper_init is either unconnected or has no load
WARNING: [Synth 8-7129] Port DINB[20] in module blk_mem_gen_prim_wrapper_init is either unconnected or has no load
WARNING: [Synth 8-7129] Port DINB[19] in module blk_mem_gen_prim_wrapper_init is either unconnected or has no load
WARNING: [Synth 8-7129] Port DINB[18] in module blk_mem_gen_prim_wrapper_init is either unconnected or has no load
WARNING: [Synth 8-7129] Port DINB[17] in module blk_mem_gen_prim_wrapper_init is either unconnected or has no load
INFO: [Common 17-14] Message 'Synth 8-7129' appears 100 times and further instances of the messages will be disabled. Use the Tcl command set_msg_config to change the current settings.
---------------------------------------------------------------------------------
Finished RTL Elaboration : Time (s): cpu = 00:00:13 ; elapsed = 00:00:14 . Memory (MB): peak = 1645.637 ; gain = 856.191
---------------------------------------------------------------------------------
---------------------------------------------------------------------------------
Start Handling Custom Attributes
---------------------------------------------------------------------------------
---------------------------------------------------------------------------------
Finished Handling Custom Attributes : Time (s): cpu = 00:00:13 ; elapsed = 00:00:14 . Memory (MB): peak = 1645.637 ; gain = 856.191
---------------------------------------------------------------------------------
---------------------------------------------------------------------------------
Finished RTL Optimization Phase 1 : Time (s): cpu = 00:00:13 ; elapsed = 00:00:14 . Memory (MB): peak = 1645.637 ; gain = 856.191
---------------------------------------------------------------------------------
Netlist sorting complete. Time (s): cpu = 00:00:00 ; elapsed = 00:00:00.005 . Memory (MB): peak = 1645.637 ; gain = 0.000
INFO: [Netlist 29-17] Analyzing 1 Unisim elements for replacement
INFO: [Netlist 29-28] Unisim Transformation completed in 0 CPU seconds
INFO: [Project 1-570] Preparing netlist for logic optimization

Processing XDC Constraints
Initializing timing engine
Parsing XDC File [c:/Users/Kheph/Documents/Projects/School/ECE449CPU/ECE449_LAB_CPU/ECE449CPU_2025.2/ECE449CPU_2025.2.gen/sources_1/ip/blk_mem_gen_0/blk_mem_gen_0_ooc.xdc] for cell 'U0'
Finished Parsing XDC File [c:/Users/Kheph/Documents/Projects/School/ECE449CPU/ECE449_LAB_CPU/ECE449CPU_2025.2/ECE449CPU_2025.2.gen/sources_1/ip/blk_mem_gen_0/blk_mem_gen_0_ooc.xdc] for cell 'U0'
Parsing XDC File [C:/Users/Kheph/Documents/Projects/School/ECE449CPU/ECE449_LAB_CPU/ECE449CPU_2025.2/ECE449CPU_2025.2.runs/blk_mem_gen_0_synth_1/dont_touch.xdc]
Finished Parsing XDC File [C:/Users/Kheph/Documents/Projects/School/ECE449CPU/ECE449_LAB_CPU/ECE449CPU_2025.2/ECE449CPU_2025.2.runs/blk_mem_gen_0_synth_1/dont_touch.xdc]
Completed Processing XDC Constraints

Netlist sorting complete. Time (s): cpu = 00:00:00 ; elapsed = 00:00:00 . Memory (MB): peak = 1645.637 ; gain = 0.000
INFO: [Project 1-111] Unisim Transformation Summary:
No Unisim elements were transformed.

Constraint Validation Runtime : Time (s): cpu = 00:00:00 ; elapsed = 00:00:00.103 . Memory (MB): peak = 1645.637 ; gain = 0.000
INFO: [Designutils 20-5008] Incremental synthesis strategy off
---------------------------------------------------------------------------------
Finished Constraint Validation : Time (s): cpu = 00:00:20 ; elapsed = 00:00:22 . Memory (MB): peak = 1645.637 ; gain = 856.191
---------------------------------------------------------------------------------
---------------------------------------------------------------------------------
Start Loading Part and Timing Information
---------------------------------------------------------------------------------
Loading part: xc7a35tcpg236-1
---------------------------------------------------------------------------------
Finished Loading Part and Timing Information : Time (s): cpu = 00:00:20 ; elapsed = 00:00:22 . Memory (MB): peak = 1645.637 ; gain = 856.191
---------------------------------------------------------------------------------
---------------------------------------------------------------------------------
Start Applying 'set_property' XDC Constraints
---------------------------------------------------------------------------------
---------------------------------------------------------------------------------
Finished applying 'set_property' XDC Constraints : Time (s): cpu = 00:00:20 ; elapsed = 00:00:22 . Memory (MB): peak = 1645.637 ; gain = 856.191
---------------------------------------------------------------------------------
---------------------------------------------------------------------------------
Finished RTL Optimization Phase 2 : Time (s): cpu = 00:00:20 ; elapsed = 00:00:22 . Memory (MB): peak = 1645.637 ; gain = 856.191
---------------------------------------------------------------------------------
---------------------------------------------------------------------------------
Start RTL Component Statistics 
---------------------------------------------------------------------------------
Detailed RTL Component Info : 
---------------------------------------------------------------------------------
Finished RTL Component Statistics 
---------------------------------------------------------------------------------
---------------------------------------------------------------------------------
Start Part Resource Summary
---------------------------------------------------------------------------------
Part Resources:
DSPs: 90 (col length:60)
BRAMs: 100 (col length: RAMB18 60 RAMB36 30)
---------------------------------------------------------------------------------
Finished Part Resource Summary
---------------------------------------------------------------------------------
---------------------------------------------------------------------------------
Start Cross Boundary and Area Optimization
---------------------------------------------------------------------------------
WARNING: [Synth 8-7080] Parallel synthesis criteria is not met
---------------------------------------------------------------------------------
Finished Cross Boundary and Area Optimization : Time (s): cpu = 00:00:22 ; elapsed = 00:00:24 . Memory (MB): peak = 1645.637 ; gain = 856.191
---------------------------------------------------------------------------------
---------------------------------------------------------------------------------
Start Applying XDC Timing Constraints
---------------------------------------------------------------------------------
---------------------------------------------------------------------------------
Finished Applying XDC Timing Constraints : Time (s): cpu = 00:00:27 ; elapsed = 00:00:29 . Memory (MB): peak = 1645.637 ; gain = 856.191
---------------------------------------------------------------------------------
---------------------------------------------------------------------------------
Start Timing Optimization
---------------------------------------------------------------------------------
---------------------------------------------------------------------------------
Finished Timing Optimization : Time (s): cpu = 00:00:27 ; elapsed = 00:00:29 . Memory (MB): peak = 1645.637 ; gain = 856.191
---------------------------------------------------------------------------------
---------------------------------------------------------------------------------
Start Technology Mapping
---------------------------------------------------------------------------------
---------------------------------------------------------------------------------
Finished Technology Mapping : Time (s): cpu = 00:00:27 ; elapsed = 00:00:29 . Memory (MB): peak = 1645.637 ; gain = 856.191
---------------------------------------------------------------------------------
---------------------------------------------------------------------------------
Start IO Insertion
---------------------------------------------------------------------------------
---------------------------------------------------------------------------------
Start Flattening Before IO Insertion
---------------------------------------------------------------------------------
---------------------------------------------------------------------------------
Finished Flattening Before IO Insertion
---------------------------------------------------------------------------------
---------------------------------------------------------------------------------
Start Final Netlist Cleanup
---------------------------------------------------------------------------------
---------------------------------------------------------------------------------
Finished Final Netlist Cleanup
---------------------------------------------------------------------------------
---------------------------------------------------------------------------------
Finished IO Insertion : Time (s): cpu = 00:00:30 ; elapsed = 00:00:32 . Memory (MB): peak = 1848.930 ; gain = 1059.484
---------------------------------------------------------------------------------
---------------------------------------------------------------------------------
Start Renaming Generated Instances
---------------------------------------------------------------------------------
---------------------------------------------------------------------------------
Finished Renaming Generated Instances : Time (s): cpu = 00:00:30 ; elapsed = 00:00:32 . Memory (MB): peak = 1848.930 ; gain = 1059.484
---------------------------------------------------------------------------------
---------------------------------------------------------------------------------
Start Rebuilding User Hierarchy
---------------------------------------------------------------------------------
---------------------------------------------------------------------------------
Finished Rebuilding User Hierarchy : Time (s): cpu = 00:00:30 ; elapsed = 00:00:32 . Memory (MB): peak = 1848.930 ; gain = 1059.484
---------------------------------------------------------------------------------
---------------------------------------------------------------------------------
Start Renaming Generated Ports
---------------------------------------------------------------------------------
---------------------------------------------------------------------------------
Finished Renaming Generated Ports : Time (s): cpu = 00:00:30 ; elapsed = 00:00:32 . Memory (MB): peak = 1848.930 ; gain = 1059.484
---------------------------------------------------------------------------------
---------------------------------------------------------------------------------
Start Handling Custom Attributes
---------------------------------------------------------------------------------
---------------------------------------------------------------------------------
Finished Handling Custom Attributes : Time (s): cpu = 00:00:30 ; elapsed = 00:00:32 . Memory (MB): peak = 1848.930 ; gain = 1059.484
---------------------------------------------------------------------------------
---------------------------------------------------------------------------------
Start Renaming Generated Nets
---------------------------------------------------------------------------------
---------------------------------------------------------------------------------
Finished Renaming Generated Nets : Time (s): cpu = 00:00:30 ; elapsed = 00:00:32 . Memory (MB): peak = 1848.930 ; gain = 1059.484
---------------------------------------------------------------------------------
---------------------------------------------------------------------------------
Start Writing Synthesis Report
---------------------------------------------------------------------------------

Report BlackBoxes: 
+-+--------------+----------+
| |BlackBox name |Instances |
+-+--------------+----------+
+-+--------------+----------+

Report Cell Usage: 
+------+---------+------+
|      |Cell     |Count |
+------+---------+------+
|1     |RAMB18E1 |     1|
+------+---------+------+
---------------------------------------------------------------------------------
Finished Writing Synthesis Report : Time (s): cpu = 00:00:30 ; elapsed = 00:00:32 . Memory (MB): peak = 1848.930 ; gain = 1059.484
---------------------------------------------------------------------------------
Synthesis finished with 0 errors, 0 critical warnings and 181 warnings.
Synthesis Optimization Runtime : Time (s): cpu = 00:00:15 ; elapsed = 00:00:30 . Memory (MB): peak = 1848.930 ; gain = 1059.484
Synthesis Optimization Complete : Time (s): cpu = 00:00:30 ; elapsed = 00:00:33 . Memory (MB): peak = 1848.930 ; gain = 1059.484
INFO: [Project 1-571] Translating synthesized netlist
Netlist sorting complete. Time (s): cpu = 00:00:00 ; elapsed = 00:00:00.001 . Memory (MB): peak = 1848.930 ; gain = 0.000
INFO: [Netlist 29-17] Analyzing 1 Unisim elements for replacement
INFO: [Netlist 29-28] Unisim Transformation completed in 0 CPU seconds
INFO: [Project 1-570] Preparing netlist for logic optimization
INFO: [Opt 31-138] Pushed 0 inverter(s) to 0 load pin(s).
Netlist sorting complete. Time (s): cpu = 00:00:00 ; elapsed = 00:00:00 . Memory (MB): peak = 1861.805 ; gain = 0.000
INFO: [Project 1-111] Unisim Transformation Summary:
No Unisim elements were transformed.

Synth Design complete | Checksum: 30ac4b94
INFO: [Common 17-83] Releasing license: Synthesis
21 Infos, 101 Warnings, 0 Critical Warnings and 0 Errors encountered.
synth_design completed successfully
synth_design: Time (s): cpu = 00:00:33 ; elapsed = 00:00:54 . Memory (MB): peak = 1861.805 ; gain = 1259.250
INFO: [Common 17-1381] The checkpoint 'C:/Users/Kheph/Documents/Projects/School/ECE449CPU/ECE449_LAB_CPU/ECE449CPU_2025.2/ECE449CPU_2025.2.runs/blk_mem_gen_0_synth_1/blk_mem_gen_0.dcp' has been generated.
INFO: [Coretcl 2-1648] Added synthesis output to IP cache for IP blk_mem_gen_0, cache-ID = 1961d7ad8a89464a
INFO: [Coretcl 2-1174] Renamed 6 cell refs.
INFO: [Common 17-1381] The checkpoint 'C:/Users/Kheph/Documents/Projects/School/ECE449CPU/ECE449_LAB_CPU/ECE449CPU_2025.2/ECE449CPU_2025.2.runs/blk_mem_gen_0_synth_1/blk_mem_gen_0.dcp' has been generated.
INFO: [Vivado 12-24828] Executing command : report_utilization -file blk_mem_gen_0_utilization_synth.rpt -pb blk_mem_gen_0_utilization_synth.pb
INFO: [Common 17-206] Exiting Vivado at Wed Apr  8 14:37:14 2026...
[Wed Apr  8 14:37:19 2026] blk_mem_gen_0_synth_1 finished
wait_on_runs: Time (s): cpu = 00:00:03 ; elapsed = 00:01:10 . Memory (MB): peak = 1793.133 ; gain = 0.000
export_simulation -lib_map_path [list {modelsim=C:/Users/Kheph/Documents/Projects/School/ECE449CPU/ECE449_LAB_CPU/ECE449CPU_2025.2/ECE449CPU_2025.2.cache/compile_simlib/modelsim} {questa=C:/Users/Kheph/Documents/Projects/School/ECE449CPU/ECE449_LAB_CPU/ECE449CPU_2025.2/ECE449CPU_2025.2.cache/compile_simlib/questa} {riviera=C:/Users/Kheph/Documents/Projects/School/ECE449CPU/ECE449_LAB_CPU/ECE449CPU_2025.2/ECE449CPU_2025.2.cache/compile_simlib/riviera} {activehdl=C:/Users/Kheph/Documents/Projects/School/ECE449CPU/ECE449_LAB_CPU/ECE449CPU_2025.2/ECE449CPU_2025.2.cache/compile_simlib/activehdl}] -of_objects [get_files c:/Users/Kheph/Documents/Projects/School/ECE449CPU/ECE449_LAB_CPU/ECE449CPU_2025.2/ECE449CPU_2025.2.srcs/sources_1/ip/blk_mem_gen_0/blk_mem_gen_0.xci] -directory C:/Users/Kheph/Documents/Projects/School/ECE449CPU/ECE449_LAB_CPU/ECE449CPU_2025.2/ECE449CPU_2025.2.ip_user_files/sim_scripts -ip_user_files_dir C:/Users/Kheph/Documents/Projects/School/ECE449CPU/ECE449_LAB_CPU/ECE449CPU_2025.2/ECE449CPU_2025.2.ip_user_files -ipstatic_source_dir C:/Users/Kheph/Documents/Projects/School/ECE449CPU/ECE449_LAB_CPU/ECE449CPU_2025.2/ECE449CPU_2025.2.ip_user_files/ipstatic -use_ip_compiled_libs -force -quiet
WARNING: [IP_Flow 19-4067] Ignoring invalid widget type specified checkbox.Providing a default widget
WARNING: [IP_Flow 19-4067] Ignoring invalid widget type specified checkbox.Providing a default widget
export_ip_user_files -of_objects  [get_files c:/Users/Kheph/Documents/Projects/School/ECE449CPU/ECE449_LAB_CPU/ECE449CPU_2025.2/ECE449CPU_2025.2.srcs/sources_1/ip/blk_mem_gen_0/blk_mem_gen_0.xci] -no_script -reset -force -quiet
remove_files  -fileset blk_mem_gen_0 c:/Users/Kheph/Documents/Projects/School/ECE449CPU/ECE449_LAB_CPU/ECE449CPU_2025.2/ECE449CPU_2025.2.srcs/sources_1/ip/blk_mem_gen_0/blk_mem_gen_0.xci
INFO: [Project 1-386] Moving file 'c:/Users/Kheph/Documents/Projects/School/ECE449CPU/ECE449_LAB_CPU/ECE449CPU_2025.2/ECE449CPU_2025.2.srcs/sources_1/ip/blk_mem_gen_0/blk_mem_gen_0.xci' from fileset 'blk_mem_gen_0' to fileset 'sources_1'.
WARNING: [IP_Flow 19-4067] Ignoring invalid widget type specified checkbox.Providing a default widget
WARNING: [IP_Flow 19-4067] Ignoring invalid widget type specified checkbox.Providing a default widget
create_ip -name blk_mem_gen -vendor xilinx.com -library ip -version 8.4 -module_name CPU_ROM
set_property -dict [list \
  CONFIG.Memory_Type {Single_Port_ROM} \
  CONFIG.Register_PortA_Output_of_Memory_Primitives {false} \
  CONFIG.Use_Byte_Write_Enable {false} \
  CONFIG.Write_Depth_A {512} \
  CONFIG.Write_Width_A {16} \
] [get_ips CPU_ROM]
generate_target {instantiation_template} [get_files c:/Users/Kheph/Documents/Projects/School/ECE449CPU/ECE449_LAB_CPU/ECE449CPU_2025.2/ECE449CPU_2025.2.srcs/sources_1/ip/CPU_ROM/CPU_ROM.xci]
INFO: [IP_Flow 19-1686] Generating 'Instantiation Template' target for IP 'CPU_ROM'...
WARNING: [filemgmt 56-199] Attempt to get parsing info during refresh. "On-the-fly" syntax checking information may be incorrect. [c:\Users\Kheph\Documents\Projects\School\ECE449CPU\ECE449_LAB_CPU\ECE449CPU_2025.2\ECE449CPU_2025.2.gen\sources_1\ip\blk_mem_gen_0\synth\blk_mem_gen_0.vhd:]
WARNING: [filemgmt 56-199] Attempt to get parsing info during refresh. "On-the-fly" syntax checking information may be incorrect. [C:\Users\Kheph\Documents\Projects\School\ECE449CPU\ECE449_LAB_CPU\Data Path\datapath.vhd:]
WARNING: [filemgmt 56-199] Attempt to get parsing info during refresh. "On-the-fly" syntax checking information may be incorrect. [C:\Users\Kheph\Documents\Projects\School\ECE449CPU\ECE449_LAB_CPU\ROM\CPU_ROM_wrapper.vhd:]
WARNING: [filemgmt 56-199] Attempt to get parsing info during refresh. "On-the-fly" syntax checking information may be incorrect. [C:\Users\Kheph\Documents\Projects\School\ECE449CPU\ECE449_LAB_CPU\ROM\CPU_ROM_wrapper.vhd:]
WARNING: [filemgmt 56-199] Attempt to get parsing info during refresh. "On-the-fly" syntax checking information may be incorrect. [C:\Users\Kheph\Documents\Projects\School\ECE449CPU\ECE449_LAB_CPU\ROM\CPU_ROM_wrapper.vhd:]
generate_target all [get_files  c:/Users/Kheph/Documents/Projects/School/ECE449CPU/ECE449_LAB_CPU/ECE449CPU_2025.2/ECE449CPU_2025.2.srcs/sources_1/ip/CPU_ROM/CPU_ROM.xci]
INFO: [IP_Flow 19-1686] Generating 'Synthesis' target for IP 'CPU_ROM'...
INFO: [IP_Flow 19-1686] Generating 'Simulation' target for IP 'CPU_ROM'...
INFO: [IP_Flow 19-1686] Generating 'Miscellaneous' target for IP 'CPU_ROM'...
INFO: [IP_Flow 19-1686] Generating 'Change Log' target for IP 'CPU_ROM'...
catch { config_ip_cache -export [get_ips -all CPU_ROM] }
export_ip_user_files -of_objects [get_files c:/Users/Kheph/Documents/Projects/School/ECE449CPU/ECE449_LAB_CPU/ECE449CPU_2025.2/ECE449CPU_2025.2.srcs/sources_1/ip/CPU_ROM/CPU_ROM.xci] -no_script -sync -force -quiet
create_ip_run [get_files -of_objects [get_fileset sources_1] c:/Users/Kheph/Documents/Projects/School/ECE449CPU/ECE449_LAB_CPU/ECE449CPU_2025.2/ECE449CPU_2025.2.srcs/sources_1/ip/CPU_ROM/CPU_ROM.xci]
launch_runs CPU_ROM_synth_1 -jobs 4
[Wed Apr  8 14:46:05 2026] Launched CPU_ROM_synth_1...
Run output will be captured here: C:/Users/Kheph/Documents/Projects/School/ECE449CPU/ECE449_LAB_CPU/ECE449CPU_2025.2/ECE449CPU_2025.2.runs/CPU_ROM_synth_1/runme.log
INFO: [Vivado 12-4357] Exporting simulation files for 'CPU_ROM'... please wait for 'CPU_ROM_synth_1' run to finish...
WARNING: [filemgmt 56-199] Attempt to get parsing info during refresh. "On-the-fly" syntax checking information may be incorrect. [c:\Users\Kheph\Documents\Projects\School\ECE449CPU\ECE449_LAB_CPU\ECE449CPU_2025.2\ECE449CPU_2025.2.gen\sources_1\ip\blk_mem_gen_0\synth\blk_mem_gen_0.vhd:]
wait_on_run CPU_ROM_synth_1
WARNING: [filemgmt 56-199] Attempt to get parsing info during refresh. "On-the-fly" syntax checking information may be incorrect. [C:\Users\Kheph\Documents\Projects\School\ECE449CPU\ECE449_LAB_CPU\Data Path\datapath.vhd:]
WARNING: [filemgmt 56-199] Attempt to get parsing info during refresh. "On-the-fly" syntax checking information may be incorrect. [C:\Users\Kheph\Documents\Projects\School\ECE449CPU\ECE449_LAB_CPU\ROM\CPU_ROM_wrapper.vhd:]
WARNING: [filemgmt 56-199] Attempt to get parsing info during refresh. "On-the-fly" syntax checking information may be incorrect. [C:\Users\Kheph\Documents\Projects\School\ECE449CPU\ECE449_LAB_CPU\ROM\CPU_ROM_wrapper.vhd:]
WARNING: [filemgmt 56-199] Attempt to get parsing info during refresh. "On-the-fly" syntax checking information may be incorrect. [C:\Users\Kheph\Documents\Projects\School\ECE449CPU\ECE449_LAB_CPU\ROM\CPU_ROM_wrapper.vhd:]
[Wed Apr  8 14:46:05 2026] Waiting for CPU_ROM_synth_1 to finish...
[Wed Apr  8 14:46:10 2026] Waiting for CPU_ROM_synth_1 to finish...
[Wed Apr  8 14:46:15 2026] Waiting for CPU_ROM_synth_1 to finish...
[Wed Apr  8 14:46:20 2026] Waiting for CPU_ROM_synth_1 to finish...
[Wed Apr  8 14:46:30 2026] Waiting for CPU_ROM_synth_1 to finish...
[Wed Apr  8 14:46:40 2026] Waiting for CPU_ROM_synth_1 to finish...
[Wed Apr  8 14:46:50 2026] Waiting for CPU_ROM_synth_1 to finish...

*** Running vivado
    with args -log CPU_ROM.vds -m64 -product Vivado -mode batch -messageDb vivado.pb -notrace -source CPU_ROM.tcl



****** Vivado v2025.1 (64-bit)
  **** SW Build 6140274 on Thu May 22 00:12:29 MDT 2025
  **** IP Build 6138677 on Thu May 22 03:10:11 MDT 2025
  **** SharedData Build 6139179 on Tue May 20 17:58:58 MDT 2025
  **** Start of session at: Wed Apr  8 14:46:07 2026
    ** Copyright 1986-2022 Xilinx, Inc. All Rights Reserved.
    ** Copyright 2022-2025 Advanced Micro Devices, Inc. All Rights Reserved.

source CPU_ROM.tcl -notrace
Command: synth_design -top CPU_ROM -part xc7a35tcpg236-1 -incremental_mode off -mode out_of_context
Starting synth_design
Attempting to get a license for feature 'Synthesis' and/or device 'xc7a35t'
INFO: [Common 17-349] Got license for feature 'Synthesis' and/or device 'xc7a35t'
INFO: [Device 21-403] Loading part xc7a35tcpg236-1
INFO: [Synth 8-7079] Multithreading enabled for synth_design using a maximum of 2 processes.
INFO: [Synth 8-7078] Launching helper process for spawning children vivado processes
INFO: [Synth 8-7075] Helper process launched with PID 30376
---------------------------------------------------------------------------------
Starting RTL Elaboration : Time (s): cpu = 00:00:06 ; elapsed = 00:00:06 . Memory (MB): peak = 1281.180 ; gain = 492.582
---------------------------------------------------------------------------------
INFO: [Synth 8-638] synthesizing module 'CPU_ROM' [c:/Users/Kheph/Documents/Projects/School/ECE449CPU/ECE449_LAB_CPU/ECE449CPU_2025.2/ECE449CPU_2025.2.gen/sources_1/ip/CPU_ROM/synth/CPU_ROM.vhd:68]
	Parameter C_FAMILY bound to: artix7 - type: string 
	Parameter C_XDEVICEFAMILY bound to: artix7 - type: string 
	Parameter C_ELABORATION_DIR bound to: ./ - type: string 
	Parameter C_INTERFACE_TYPE bound to: 0 - type: integer 
	Parameter C_AXI_TYPE bound to: 1 - type: integer 
	Parameter C_AXI_SLAVE_TYPE bound to: 0 - type: integer 
	Parameter C_USE_BRAM_BLOCK bound to: 0 - type: integer 
	Parameter C_ENABLE_32BIT_ADDRESS bound to: 0 - type: integer 
	Parameter C_CTRL_ECC_ALGO bound to: NONE - type: string 
	Parameter C_HAS_AXI_ID bound to: 0 - type: integer 
	Parameter C_AXI_ID_WIDTH bound to: 4 - type: integer 
	Parameter C_MEM_TYPE bound to: 3 - type: integer 
	Parameter C_BYTE_SIZE bound to: 9 - type: integer 
	Parameter C_ALGORITHM bound to: 1 - type: integer 
	Parameter C_PRIM_TYPE bound to: 1 - type: integer 
	Parameter C_LOAD_INIT_FILE bound to: 0 - type: integer 
	Parameter C_INIT_FILE_NAME bound to: no_coe_file_loaded - type: string 
	Parameter C_INIT_FILE bound to: CPU_ROM.mem - type: string 
	Parameter C_USE_DEFAULT_DATA bound to: 0 - type: integer 
	Parameter C_DEFAULT_DATA bound to: 0 - type: string 
	Parameter C_HAS_RSTA bound to: 0 - type: integer 
	Parameter C_RST_PRIORITY_A bound to: CE - type: string 
	Parameter C_RSTRAM_A bound to: 0 - type: integer 
	Parameter C_INITA_VAL bound to: 0 - type: string 
	Parameter C_HAS_ENA bound to: 1 - type: integer 
	Parameter C_HAS_REGCEA bound to: 0 - type: integer 
	Parameter C_USE_BYTE_WEA bound to: 0 - type: integer 
	Parameter C_WEA_WIDTH bound to: 1 - type: integer 
	Parameter C_WRITE_MODE_A bound to: WRITE_FIRST - type: string 
	Parameter C_WRITE_WIDTH_A bound to: 16 - type: integer 
	Parameter C_READ_WIDTH_A bound to: 16 - type: integer 
	Parameter C_WRITE_DEPTH_A bound to: 512 - type: integer 
	Parameter C_READ_DEPTH_A bound to: 512 - type: integer 
	Parameter C_ADDRA_WIDTH bound to: 9 - type: integer 
	Parameter C_HAS_RSTB bound to: 0 - type: integer 
	Parameter C_RST_PRIORITY_B bound to: CE - type: string 
	Parameter C_RSTRAM_B bound to: 0 - type: integer 
	Parameter C_INITB_VAL bound to: 0 - type: string 
	Parameter C_HAS_ENB bound to: 0 - type: integer 
	Parameter C_HAS_REGCEB bound to: 0 - type: integer 
	Parameter C_USE_BYTE_WEB bound to: 0 - type: integer 
	Parameter C_WEB_WIDTH bound to: 1 - type: integer 
	Parameter C_WRITE_MODE_B bound to: WRITE_FIRST - type: string 
	Parameter C_WRITE_WIDTH_B bound to: 16 - type: integer 
	Parameter C_READ_WIDTH_B bound to: 16 - type: integer 
	Parameter C_WRITE_DEPTH_B bound to: 512 - type: integer 
	Parameter C_READ_DEPTH_B bound to: 512 - type: integer 
	Parameter C_ADDRB_WIDTH bound to: 9 - type: integer 
	Parameter C_HAS_MEM_OUTPUT_REGS_A bound to: 0 - type: integer 
	Parameter C_HAS_MEM_OUTPUT_REGS_B bound to: 0 - type: integer 
	Parameter C_HAS_MUX_OUTPUT_REGS_A bound to: 0 - type: integer 
	Parameter C_HAS_MUX_OUTPUT_REGS_B bound to: 0 - type: integer 
	Parameter C_MUX_PIPELINE_STAGES bound to: 0 - type: integer 
	Parameter C_HAS_SOFTECC_INPUT_REGS_A bound to: 0 - type: integer 
	Parameter C_HAS_SOFTECC_OUTPUT_REGS_B bound to: 0 - type: integer 
	Parameter C_USE_SOFTECC bound to: 0 - type: integer 
	Parameter C_USE_ECC bound to: 0 - type: integer 
	Parameter C_EN_ECC_PIPE bound to: 0 - type: integer 
	Parameter C_READ_LATENCY_A bound to: 1 - type: integer 
	Parameter C_READ_LATENCY_B bound to: 1 - type: integer 
	Parameter C_HAS_INJECTERR bound to: 0 - type: integer 
	Parameter C_SIM_COLLISION_CHECK bound to: ALL - type: string 
	Parameter C_COMMON_CLK bound to: 0 - type: integer 
	Parameter C_DISABLE_WARN_BHV_COLL bound to: 0 - type: integer 
	Parameter C_EN_SLEEP_PIN bound to: 0 - type: integer 
	Parameter C_USE_URAM bound to: 0 - type: integer 
	Parameter C_EN_RDADDRA_CHG bound to: 0 - type: integer 
	Parameter C_EN_RDADDRB_CHG bound to: 0 - type: integer 
	Parameter C_EN_DEEPSLEEP_PIN bound to: 0 - type: integer 
	Parameter C_EN_SHUTDOWN_PIN bound to: 0 - type: integer 
	Parameter C_EN_SAFETY_CKT bound to: 0 - type: integer 
	Parameter C_DISABLE_WARN_BHV_RANGE bound to: 0 - type: integer 
	Parameter C_COUNT_36K_BRAM bound to: 0 - type: string 
	Parameter C_COUNT_18K_BRAM bound to: 1 - type: string 
	Parameter C_EST_POWER_SUMMARY bound to: Estimated Power for IP     :     2.7096 mW - type: string 
INFO: [Synth 8-3491] module 'blk_mem_gen_v8_4_11' declared at 'c:/Users/Kheph/Documents/Projects/School/ECE449CPU/ECE449_LAB_CPU/ECE449CPU_2025.2/ECE449CPU_2025.2.gen/sources_1/ip/CPU_ROM/hdl/blk_mem_gen_v8_4_vhsyn_rfs.vhd:195209' bound to instance 'U0' of component 'blk_mem_gen_v8_4_11' [c:/Users/Kheph/Documents/Projects/School/ECE449CPU/ECE449_LAB_CPU/ECE449CPU_2025.2/ECE449CPU_2025.2.gen/sources_1/ip/CPU_ROM/synth/CPU_ROM.vhd:234]
INFO: [Synth 8-256] done synthesizing module 'CPU_ROM' (0#1) [c:/Users/Kheph/Documents/Projects/School/ECE449CPU/ECE449_LAB_CPU/ECE449CPU_2025.2/ECE449CPU_2025.2.gen/sources_1/ip/CPU_ROM/synth/CPU_ROM.vhd:68]
WARNING: [Synth 8-7129] Port CLKB in module blk_mem_output_block is either unconnected or has no load
WARNING: [Synth 8-7129] Port DOUTB_I[15] in module blk_mem_output_block is either unconnected or has no load
WARNING: [Synth 8-7129] Port DOUTB_I[14] in module blk_mem_output_block is either unconnected or has no load
WARNING: [Synth 8-7129] Port DOUTB_I[13] in module blk_mem_output_block is either unconnected or has no load
WARNING: [Synth 8-7129] Port DOUTB_I[12] in module blk_mem_output_block is either unconnected or has no load
WARNING: [Synth 8-7129] Port DOUTB_I[11] in module blk_mem_output_block is either unconnected or has no load
WARNING: [Synth 8-7129] Port DOUTB_I[10] in module blk_mem_output_block is either unconnected or has no load
WARNING: [Synth 8-7129] Port DOUTB_I[9] in module blk_mem_output_block is either unconnected or has no load
WARNING: [Synth 8-7129] Port DOUTB_I[8] in module blk_mem_output_block is either unconnected or has no load
WARNING: [Synth 8-7129] Port DOUTB_I[7] in module blk_mem_output_block is either unconnected or has no load
WARNING: [Synth 8-7129] Port DOUTB_I[6] in module blk_mem_output_block is either unconnected or has no load
WARNING: [Synth 8-7129] Port DOUTB_I[5] in module blk_mem_output_block is either unconnected or has no load
WARNING: [Synth 8-7129] Port DOUTB_I[4] in module blk_mem_output_block is either unconnected or has no load
WARNING: [Synth 8-7129] Port DOUTB_I[3] in module blk_mem_output_block is either unconnected or has no load
WARNING: [Synth 8-7129] Port DOUTB_I[2] in module blk_mem_output_block is either unconnected or has no load
WARNING: [Synth 8-7129] Port DOUTB_I[1] in module blk_mem_output_block is either unconnected or has no load
WARNING: [Synth 8-7129] Port DOUTB_I[0] in module blk_mem_output_block is either unconnected or has no load
WARNING: [Synth 8-7129] Port SBITERR_I in module blk_mem_output_block is either unconnected or has no load
WARNING: [Synth 8-7129] Port DBITERR_I in module blk_mem_output_block is either unconnected or has no load
WARNING: [Synth 8-7129] Port RDADDRECC_I[8] in module blk_mem_output_block is either unconnected or has no load
WARNING: [Synth 8-7129] Port RDADDRECC_I[7] in module blk_mem_output_block is either unconnected or has no load
WARNING: [Synth 8-7129] Port RDADDRECC_I[6] in module blk_mem_output_block is either unconnected or has no load
WARNING: [Synth 8-7129] Port RDADDRECC_I[5] in module blk_mem_output_block is either unconnected or has no load
WARNING: [Synth 8-7129] Port RDADDRECC_I[4] in module blk_mem_output_block is either unconnected or has no load
WARNING: [Synth 8-7129] Port RDADDRECC_I[3] in module blk_mem_output_block is either unconnected or has no load
WARNING: [Synth 8-7129] Port RDADDRECC_I[2] in module blk_mem_output_block is either unconnected or has no load
WARNING: [Synth 8-7129] Port RDADDRECC_I[1] in module blk_mem_output_block is either unconnected or has no load
WARNING: [Synth 8-7129] Port RDADDRECC_I[0] in module blk_mem_output_block is either unconnected or has no load
WARNING: [Synth 8-7129] Port DOUTB[35] in module blk_mem_gen_prim_wrapper is either unconnected or has no load
WARNING: [Synth 8-7129] Port DOUTB[34] in module blk_mem_gen_prim_wrapper is either unconnected or has no load
WARNING: [Synth 8-7129] Port DOUTB[33] in module blk_mem_gen_prim_wrapper is either unconnected or has no load
WARNING: [Synth 8-7129] Port DOUTB[32] in module blk_mem_gen_prim_wrapper is either unconnected or has no load
WARNING: [Synth 8-7129] Port DOUTB[31] in module blk_mem_gen_prim_wrapper is either unconnected or has no load
WARNING: [Synth 8-7129] Port DOUTB[30] in module blk_mem_gen_prim_wrapper is either unconnected or has no load
WARNING: [Synth 8-7129] Port DOUTB[29] in module blk_mem_gen_prim_wrapper is either unconnected or has no load
WARNING: [Synth 8-7129] Port DOUTB[28] in module blk_mem_gen_prim_wrapper is either unconnected or has no load
WARNING: [Synth 8-7129] Port DOUTB[27] in module blk_mem_gen_prim_wrapper is either unconnected or has no load
WARNING: [Synth 8-7129] Port DOUTB[26] in module blk_mem_gen_prim_wrapper is either unconnected or has no load
WARNING: [Synth 8-7129] Port DOUTB[25] in module blk_mem_gen_prim_wrapper is either unconnected or has no load
WARNING: [Synth 8-7129] Port DOUTB[24] in module blk_mem_gen_prim_wrapper is either unconnected or has no load
WARNING: [Synth 8-7129] Port DOUTB[23] in module blk_mem_gen_prim_wrapper is either unconnected or has no load
WARNING: [Synth 8-7129] Port DOUTB[22] in module blk_mem_gen_prim_wrapper is either unconnected or has no load
WARNING: [Synth 8-7129] Port DOUTB[21] in module blk_mem_gen_prim_wrapper is either unconnected or has no load
WARNING: [Synth 8-7129] Port DOUTB[20] in module blk_mem_gen_prim_wrapper is either unconnected or has no load
WARNING: [Synth 8-7129] Port DOUTB[19] in module blk_mem_gen_prim_wrapper is either unconnected or has no load
WARNING: [Synth 8-7129] Port DOUTB[18] in module blk_mem_gen_prim_wrapper is either unconnected or has no load
WARNING: [Synth 8-7129] Port DOUTB[17] in module blk_mem_gen_prim_wrapper is either unconnected or has no load
WARNING: [Synth 8-7129] Port DOUTB[16] in module blk_mem_gen_prim_wrapper is either unconnected or has no load
WARNING: [Synth 8-7129] Port DOUTB[15] in module blk_mem_gen_prim_wrapper is either unconnected or has no load
WARNING: [Synth 8-7129] Port DOUTB[14] in module blk_mem_gen_prim_wrapper is either unconnected or has no load
WARNING: [Synth 8-7129] Port DOUTB[13] in module blk_mem_gen_prim_wrapper is either unconnected or has no load
WARNING: [Synth 8-7129] Port DOUTB[12] in module blk_mem_gen_prim_wrapper is either unconnected or has no load
WARNING: [Synth 8-7129] Port DOUTB[11] in module blk_mem_gen_prim_wrapper is either unconnected or has no load
WARNING: [Synth 8-7129] Port DOUTB[10] in module blk_mem_gen_prim_wrapper is either unconnected or has no load
WARNING: [Synth 8-7129] Port DOUTB[9] in module blk_mem_gen_prim_wrapper is either unconnected or has no load
WARNING: [Synth 8-7129] Port DOUTB[8] in module blk_mem_gen_prim_wrapper is either unconnected or has no load
WARNING: [Synth 8-7129] Port DOUTB[7] in module blk_mem_gen_prim_wrapper is either unconnected or has no load
WARNING: [Synth 8-7129] Port DOUTB[6] in module blk_mem_gen_prim_wrapper is either unconnected or has no load
WARNING: [Synth 8-7129] Port DOUTB[5] in module blk_mem_gen_prim_wrapper is either unconnected or has no load
WARNING: [Synth 8-7129] Port DOUTB[4] in module blk_mem_gen_prim_wrapper is either unconnected or has no load
WARNING: [Synth 8-7129] Port DOUTB[3] in module blk_mem_gen_prim_wrapper is either unconnected or has no load
WARNING: [Synth 8-7129] Port DOUTB[2] in module blk_mem_gen_prim_wrapper is either unconnected or has no load
WARNING: [Synth 8-7129] Port DOUTB[1] in module blk_mem_gen_prim_wrapper is either unconnected or has no load
WARNING: [Synth 8-7129] Port DOUTB[0] in module blk_mem_gen_prim_wrapper is either unconnected or has no load
WARNING: [Synth 8-7129] Port SBITERR in module blk_mem_gen_prim_wrapper is either unconnected or has no load
WARNING: [Synth 8-7129] Port DBITERR in module blk_mem_gen_prim_wrapper is either unconnected or has no load
WARNING: [Synth 8-7129] Port SSRA in module blk_mem_gen_prim_wrapper is either unconnected or has no load
WARNING: [Synth 8-7129] Port CLKB in module blk_mem_gen_prim_wrapper is either unconnected or has no load
WARNING: [Synth 8-7129] Port SSRB in module blk_mem_gen_prim_wrapper is either unconnected or has no load
WARNING: [Synth 8-7129] Port ENB in module blk_mem_gen_prim_wrapper is either unconnected or has no load
WARNING: [Synth 8-7129] Port REGCEB in module blk_mem_gen_prim_wrapper is either unconnected or has no load
WARNING: [Synth 8-7129] Port WEB[0] in module blk_mem_gen_prim_wrapper is either unconnected or has no load
WARNING: [Synth 8-7129] Port ADDRB[8] in module blk_mem_gen_prim_wrapper is either unconnected or has no load
WARNING: [Synth 8-7129] Port ADDRB[7] in module blk_mem_gen_prim_wrapper is either unconnected or has no load
WARNING: [Synth 8-7129] Port ADDRB[6] in module blk_mem_gen_prim_wrapper is either unconnected or has no load
WARNING: [Synth 8-7129] Port ADDRB[5] in module blk_mem_gen_prim_wrapper is either unconnected or has no load
WARNING: [Synth 8-7129] Port ADDRB[4] in module blk_mem_gen_prim_wrapper is either unconnected or has no load
WARNING: [Synth 8-7129] Port ADDRB[3] in module blk_mem_gen_prim_wrapper is either unconnected or has no load
WARNING: [Synth 8-7129] Port ADDRB[2] in module blk_mem_gen_prim_wrapper is either unconnected or has no load
WARNING: [Synth 8-7129] Port ADDRB[1] in module blk_mem_gen_prim_wrapper is either unconnected or has no load
WARNING: [Synth 8-7129] Port ADDRB[0] in module blk_mem_gen_prim_wrapper is either unconnected or has no load
WARNING: [Synth 8-7129] Port DINB[35] in module blk_mem_gen_prim_wrapper is either unconnected or has no load
WARNING: [Synth 8-7129] Port DINB[34] in module blk_mem_gen_prim_wrapper is either unconnected or has no load
WARNING: [Synth 8-7129] Port DINB[33] in module blk_mem_gen_prim_wrapper is either unconnected or has no load
WARNING: [Synth 8-7129] Port DINB[32] in module blk_mem_gen_prim_wrapper is either unconnected or has no load
WARNING: [Synth 8-7129] Port DINB[31] in module blk_mem_gen_prim_wrapper is either unconnected or has no load
WARNING: [Synth 8-7129] Port DINB[30] in module blk_mem_gen_prim_wrapper is either unconnected or has no load
WARNING: [Synth 8-7129] Port DINB[29] in module blk_mem_gen_prim_wrapper is either unconnected or has no load
WARNING: [Synth 8-7129] Port DINB[28] in module blk_mem_gen_prim_wrapper is either unconnected or has no load
WARNING: [Synth 8-7129] Port DINB[27] in module blk_mem_gen_prim_wrapper is either unconnected or has no load
WARNING: [Synth 8-7129] Port DINB[26] in module blk_mem_gen_prim_wrapper is either unconnected or has no load
WARNING: [Synth 8-7129] Port DINB[25] in module blk_mem_gen_prim_wrapper is either unconnected or has no load
WARNING: [Synth 8-7129] Port DINB[24] in module blk_mem_gen_prim_wrapper is either unconnected or has no load
WARNING: [Synth 8-7129] Port DINB[23] in module blk_mem_gen_prim_wrapper is either unconnected or has no load
WARNING: [Synth 8-7129] Port DINB[22] in module blk_mem_gen_prim_wrapper is either unconnected or has no load
WARNING: [Synth 8-7129] Port DINB[21] in module blk_mem_gen_prim_wrapper is either unconnected or has no load
WARNING: [Synth 8-7129] Port DINB[20] in module blk_mem_gen_prim_wrapper is either unconnected or has no load
WARNING: [Synth 8-7129] Port DINB[19] in module blk_mem_gen_prim_wrapper is either unconnected or has no load
WARNING: [Synth 8-7129] Port DINB[18] in module blk_mem_gen_prim_wrapper is either unconnected or has no load
WARNING: [Synth 8-7129] Port DINB[17] in module blk_mem_gen_prim_wrapper is either unconnected or has no load
INFO: [Common 17-14] Message 'Synth 8-7129' appears 100 times and further instances of the messages will be disabled. Use the Tcl command set_msg_config to change the current settings.
---------------------------------------------------------------------------------
Finished RTL Elaboration : Time (s): cpu = 00:00:13 ; elapsed = 00:00:13 . Memory (MB): peak = 1642.223 ; gain = 853.625
---------------------------------------------------------------------------------
---------------------------------------------------------------------------------
Start Handling Custom Attributes
---------------------------------------------------------------------------------
---------------------------------------------------------------------------------
Finished Handling Custom Attributes : Time (s): cpu = 00:00:13 ; elapsed = 00:00:13 . Memory (MB): peak = 1642.223 ; gain = 853.625
---------------------------------------------------------------------------------
---------------------------------------------------------------------------------
Finished RTL Optimization Phase 1 : Time (s): cpu = 00:00:13 ; elapsed = 00:00:13 . Memory (MB): peak = 1642.223 ; gain = 853.625
---------------------------------------------------------------------------------
Netlist sorting complete. Time (s): cpu = 00:00:00 ; elapsed = 00:00:00.004 . Memory (MB): peak = 1642.223 ; gain = 0.000
INFO: [Netlist 29-17] Analyzing 1 Unisim elements for replacement
INFO: [Netlist 29-28] Unisim Transformation completed in 0 CPU seconds
INFO: [Project 1-570] Preparing netlist for logic optimization

Processing XDC Constraints
Initializing timing engine
Parsing XDC File [c:/Users/Kheph/Documents/Projects/School/ECE449CPU/ECE449_LAB_CPU/ECE449CPU_2025.2/ECE449CPU_2025.2.gen/sources_1/ip/CPU_ROM/CPU_ROM_ooc.xdc] for cell 'U0'
Finished Parsing XDC File [c:/Users/Kheph/Documents/Projects/School/ECE449CPU/ECE449_LAB_CPU/ECE449CPU_2025.2/ECE449CPU_2025.2.gen/sources_1/ip/CPU_ROM/CPU_ROM_ooc.xdc] for cell 'U0'
Parsing XDC File [C:/Users/Kheph/Documents/Projects/School/ECE449CPU/ECE449_LAB_CPU/ECE449CPU_2025.2/ECE449CPU_2025.2.runs/CPU_ROM_synth_1/dont_touch.xdc]
Finished Parsing XDC File [C:/Users/Kheph/Documents/Projects/School/ECE449CPU/ECE449_LAB_CPU/ECE449CPU_2025.2/ECE449CPU_2025.2.runs/CPU_ROM_synth_1/dont_touch.xdc]
Completed Processing XDC Constraints

Netlist sorting complete. Time (s): cpu = 00:00:00 ; elapsed = 00:00:00 . Memory (MB): peak = 1642.223 ; gain = 0.000
INFO: [Project 1-111] Unisim Transformation Summary:
No Unisim elements were transformed.

Constraint Validation Runtime : Time (s): cpu = 00:00:00 ; elapsed = 00:00:00.017 . Memory (MB): peak = 1642.223 ; gain = 0.000
INFO: [Designutils 20-5008] Incremental synthesis strategy off
---------------------------------------------------------------------------------
Finished Constraint Validation : Time (s): cpu = 00:00:20 ; elapsed = 00:00:21 . Memory (MB): peak = 1642.223 ; gain = 853.625
---------------------------------------------------------------------------------
---------------------------------------------------------------------------------
Start Loading Part and Timing Information
---------------------------------------------------------------------------------
Loading part: xc7a35tcpg236-1
---------------------------------------------------------------------------------
Finished Loading Part and Timing Information : Time (s): cpu = 00:00:20 ; elapsed = 00:00:21 . Memory (MB): peak = 1642.223 ; gain = 853.625
---------------------------------------------------------------------------------
---------------------------------------------------------------------------------
Start Applying 'set_property' XDC Constraints
---------------------------------------------------------------------------------
---------------------------------------------------------------------------------
Finished applying 'set_property' XDC Constraints : Time (s): cpu = 00:00:20 ; elapsed = 00:00:21 . Memory (MB): peak = 1642.223 ; gain = 853.625
---------------------------------------------------------------------------------
---------------------------------------------------------------------------------
Finished RTL Optimization Phase 2 : Time (s): cpu = 00:00:20 ; elapsed = 00:00:21 . Memory (MB): peak = 1642.223 ; gain = 853.625
---------------------------------------------------------------------------------
---------------------------------------------------------------------------------
Start RTL Component Statistics 
---------------------------------------------------------------------------------
Detailed RTL Component Info : 
---------------------------------------------------------------------------------
Finished RTL Component Statistics 
---------------------------------------------------------------------------------
---------------------------------------------------------------------------------
Start Part Resource Summary
---------------------------------------------------------------------------------
Part Resources:
DSPs: 90 (col length:60)
BRAMs: 100 (col length: RAMB18 60 RAMB36 30)
---------------------------------------------------------------------------------
Finished Part Resource Summary
---------------------------------------------------------------------------------
---------------------------------------------------------------------------------
Start Cross Boundary and Area Optimization
---------------------------------------------------------------------------------
WARNING: [Synth 8-7080] Parallel synthesis criteria is not met
---------------------------------------------------------------------------------
Finished Cross Boundary and Area Optimization : Time (s): cpu = 00:00:22 ; elapsed = 00:00:23 . Memory (MB): peak = 1642.223 ; gain = 853.625
---------------------------------------------------------------------------------
---------------------------------------------------------------------------------
Start Applying XDC Timing Constraints
---------------------------------------------------------------------------------
---------------------------------------------------------------------------------
Finished Applying XDC Timing Constraints : Time (s): cpu = 00:00:27 ; elapsed = 00:00:28 . Memory (MB): peak = 1642.223 ; gain = 853.625
---------------------------------------------------------------------------------
---------------------------------------------------------------------------------
Start Timing Optimization
---------------------------------------------------------------------------------
---------------------------------------------------------------------------------
Finished Timing Optimization : Time (s): cpu = 00:00:27 ; elapsed = 00:00:28 . Memory (MB): peak = 1642.223 ; gain = 853.625
---------------------------------------------------------------------------------
---------------------------------------------------------------------------------
Start Technology Mapping
---------------------------------------------------------------------------------
---------------------------------------------------------------------------------
Finished Technology Mapping : Time (s): cpu = 00:00:27 ; elapsed = 00:00:28 . Memory (MB): peak = 1642.223 ; gain = 853.625
---------------------------------------------------------------------------------
---------------------------------------------------------------------------------
Start IO Insertion
---------------------------------------------------------------------------------
---------------------------------------------------------------------------------
Start Flattening Before IO Insertion
---------------------------------------------------------------------------------
---------------------------------------------------------------------------------
Finished Flattening Before IO Insertion
---------------------------------------------------------------------------------
---------------------------------------------------------------------------------
Start Final Netlist Cleanup
---------------------------------------------------------------------------------
---------------------------------------------------------------------------------
Finished Final Netlist Cleanup
---------------------------------------------------------------------------------
---------------------------------------------------------------------------------
Finished IO Insertion : Time (s): cpu = 00:00:30 ; elapsed = 00:00:31 . Memory (MB): peak = 1860.152 ; gain = 1071.555
---------------------------------------------------------------------------------
---------------------------------------------------------------------------------
Start Renaming Generated Instances
---------------------------------------------------------------------------------
---------------------------------------------------------------------------------
Finished Renaming Generated Instances : Time (s): cpu = 00:00:30 ; elapsed = 00:00:31 . Memory (MB): peak = 1860.152 ; gain = 1071.555
---------------------------------------------------------------------------------
---------------------------------------------------------------------------------
Start Rebuilding User Hierarchy
---------------------------------------------------------------------------------
---------------------------------------------------------------------------------
Finished Rebuilding User Hierarchy : Time (s): cpu = 00:00:30 ; elapsed = 00:00:31 . Memory (MB): peak = 1860.152 ; gain = 1071.555
---------------------------------------------------------------------------------
---------------------------------------------------------------------------------
Start Renaming Generated Ports
---------------------------------------------------------------------------------
---------------------------------------------------------------------------------
Finished Renaming Generated Ports : Time (s): cpu = 00:00:30 ; elapsed = 00:00:31 . Memory (MB): peak = 1860.152 ; gain = 1071.555
---------------------------------------------------------------------------------
---------------------------------------------------------------------------------
Start Handling Custom Attributes
---------------------------------------------------------------------------------
---------------------------------------------------------------------------------
Finished Handling Custom Attributes : Time (s): cpu = 00:00:30 ; elapsed = 00:00:31 . Memory (MB): peak = 1860.152 ; gain = 1071.555
---------------------------------------------------------------------------------
---------------------------------------------------------------------------------
Start Renaming Generated Nets
---------------------------------------------------------------------------------
---------------------------------------------------------------------------------
Finished Renaming Generated Nets : Time (s): cpu = 00:00:30 ; elapsed = 00:00:31 . Memory (MB): peak = 1860.152 ; gain = 1071.555
---------------------------------------------------------------------------------
---------------------------------------------------------------------------------
Start Writing Synthesis Report
---------------------------------------------------------------------------------

Report BlackBoxes: 
+-+--------------+----------+
| |BlackBox name |Instances |
+-+--------------+----------+
+-+--------------+----------+

Report Cell Usage: 
+------+---------+------+
|      |Cell     |Count |
+------+---------+------+
|1     |RAMB18E1 |     1|
+------+---------+------+
---------------------------------------------------------------------------------
Finished Writing Synthesis Report : Time (s): cpu = 00:00:30 ; elapsed = 00:00:31 . Memory (MB): peak = 1860.152 ; gain = 1071.555
---------------------------------------------------------------------------------
Synthesis finished with 0 errors, 0 critical warnings and 181 warnings.
Synthesis Optimization Runtime : Time (s): cpu = 00:00:16 ; elapsed = 00:00:29 . Memory (MB): peak = 1860.152 ; gain = 1071.555
Synthesis Optimization Complete : Time (s): cpu = 00:00:31 ; elapsed = 00:00:31 . Memory (MB): peak = 1860.152 ; gain = 1071.555
INFO: [Project 1-571] Translating synthesized netlist
Netlist sorting complete. Time (s): cpu = 00:00:00 ; elapsed = 00:00:00.001 . Memory (MB): peak = 1860.152 ; gain = 0.000
INFO: [Netlist 29-17] Analyzing 1 Unisim elements for replacement
INFO: [Netlist 29-28] Unisim Transformation completed in 0 CPU seconds
INFO: [Project 1-570] Preparing netlist for logic optimization
INFO: [Opt 31-138] Pushed 0 inverter(s) to 0 load pin(s).
Netlist sorting complete. Time (s): cpu = 00:00:00 ; elapsed = 00:00:00 . Memory (MB): peak = 1873.008 ; gain = 0.000
INFO: [Project 1-111] Unisim Transformation Summary:
No Unisim elements were transformed.

Synth Design complete | Checksum: 92b664
INFO: [Common 17-83] Releasing license: Synthesis
21 Infos, 101 Warnings, 0 Critical Warnings and 0 Errors encountered.
synth_design completed successfully
synth_design: Time (s): cpu = 00:00:33 ; elapsed = 00:00:35 . Memory (MB): peak = 1873.008 ; gain = 1271.930
INFO: [Common 17-1381] The checkpoint 'C:/Users/Kheph/Documents/Projects/School/ECE449CPU/ECE449_LAB_CPU/ECE449CPU_2025.2/ECE449CPU_2025.2.runs/CPU_ROM_synth_1/CPU_ROM.dcp' has been generated.
INFO: [Coretcl 2-1648] Added synthesis output to IP cache for IP CPU_ROM, cache-ID = 31d998d9e781b69c
INFO: [Coretcl 2-1174] Renamed 6 cell refs.
INFO: [Common 17-1381] The checkpoint 'C:/Users/Kheph/Documents/Projects/School/ECE449CPU/ECE449_LAB_CPU/ECE449CPU_2025.2/ECE449CPU_2025.2.runs/CPU_ROM_synth_1/CPU_ROM.dcp' has been generated.
INFO: [Vivado 12-24828] Executing command : report_utilization -file CPU_ROM_utilization_synth.rpt -pb CPU_ROM_utilization_synth.pb
INFO: [Common 17-206] Exiting Vivado at Wed Apr  8 14:46:51 2026...
[Wed Apr  8 14:46:56 2026] CPU_ROM_synth_1 finished
wait_on_runs: Time (s): cpu = 00:00:02 ; elapsed = 00:00:50 . Memory (MB): peak = 1809.262 ; gain = 0.000
export_simulation -lib_map_path [list {modelsim=C:/Users/Kheph/Documents/Projects/School/ECE449CPU/ECE449_LAB_CPU/ECE449CPU_2025.2/ECE449CPU_2025.2.cache/compile_simlib/modelsim} {questa=C:/Users/Kheph/Documents/Projects/School/ECE449CPU/ECE449_LAB_CPU/ECE449CPU_2025.2/ECE449CPU_2025.2.cache/compile_simlib/questa} {riviera=C:/Users/Kheph/Documents/Projects/School/ECE449CPU/ECE449_LAB_CPU/ECE449CPU_2025.2/ECE449CPU_2025.2.cache/compile_simlib/riviera} {activehdl=C:/Users/Kheph/Documents/Projects/School/ECE449CPU/ECE449_LAB_CPU/ECE449CPU_2025.2/ECE449CPU_2025.2.cache/compile_simlib/activehdl}] -of_objects [get_files c:/Users/Kheph/Documents/Projects/School/ECE449CPU/ECE449_LAB_CPU/ECE449CPU_2025.2/ECE449CPU_2025.2.srcs/sources_1/ip/CPU_ROM/CPU_ROM.xci] -directory C:/Users/Kheph/Documents/Projects/School/ECE449CPU/ECE449_LAB_CPU/ECE449CPU_2025.2/ECE449CPU_2025.2.ip_user_files/sim_scripts -ip_user_files_dir C:/Users/Kheph/Documents/Projects/School/ECE449CPU/ECE449_LAB_CPU/ECE449CPU_2025.2/ECE449CPU_2025.2.ip_user_files -ipstatic_source_dir C:/Users/Kheph/Documents/Projects/School/ECE449CPU/ECE449_LAB_CPU/ECE449CPU_2025.2/ECE449CPU_2025.2.ip_user_files/ipstatic -use_ip_compiled_libs -force -quiet
WARNING: [filemgmt 56-199] Attempt to get parsing info during refresh. "On-the-fly" syntax checking information may be incorrect. [c:\Users\Kheph\Documents\Projects\School\ECE449CPU\ECE449_LAB_CPU\ECE449CPU_2025.2\ECE449CPU_2025.2.gen\sources_1\ip\blk_mem_gen_0\synth\blk_mem_gen_0.vhd:]
WARNING: [filemgmt 56-199] Attempt to get parsing info during refresh. "On-the-fly" syntax checking information may be incorrect. [C:\Users\Kheph\Documents\Projects\School\ECE449CPU\ECE449_LAB_CPU\Data Path\datapath.vhd:]
WARNING: [filemgmt 56-199] Attempt to get parsing info during refresh. "On-the-fly" syntax checking information may be incorrect. [C:\Users\Kheph\Documents\Projects\School\ECE449CPU\ECE449_LAB_CPU\ROM\CPU_ROM_wrapper.vhd:]
WARNING: [filemgmt 56-199] Attempt to get parsing info during refresh. "On-the-fly" syntax checking information may be incorrect. [C:\Users\Kheph\Documents\Projects\School\ECE449CPU\ECE449_LAB_CPU\ROM\CPU_ROM_wrapper.vhd:]
WARNING: [filemgmt 56-199] Attempt to get parsing info during refresh. "On-the-fly" syntax checking information may be incorrect. [C:\Users\Kheph\Documents\Projects\School\ECE449CPU\ECE449_LAB_CPU\ROM\CPU_ROM_wrapper.vhd:]
WARNING: [filemgmt 56-199] Attempt to get parsing info during refresh. "On-the-fly" syntax checking information may be incorrect. [c:\Users\Kheph\Documents\Projects\School\ECE449CPU\ECE449_LAB_CPU\ECE449CPU_2025.2\ECE449CPU_2025.2.gen\sources_1\ip\blk_mem_gen_0\synth\blk_mem_gen_0.vhd:]
WARNING: [filemgmt 56-199] Attempt to get parsing info during refresh. "On-the-fly" syntax checking information may be incorrect. [C:\Users\Kheph\Documents\Projects\School\ECE449CPU\ECE449_LAB_CPU\Data Path\datapath.vhd:]
WARNING: [filemgmt 56-199] Attempt to get parsing info during refresh. "On-the-fly" syntax checking information may be incorrect. [C:\Users\Kheph\Documents\Projects\School\ECE449CPU\ECE449_LAB_CPU\ROM\CPU_ROM_wrapper.vhd:]
WARNING: [filemgmt 56-199] Attempt to get parsing info during refresh. "On-the-fly" syntax checking information may be incorrect. [C:\Users\Kheph\Documents\Projects\School\ECE449CPU\ECE449_LAB_CPU\ROM\CPU_ROM_wrapper.vhd:]
WARNING: [filemgmt 56-199] Attempt to get parsing info during refresh. "On-the-fly" syntax checking information may be incorrect. [C:\Users\Kheph\Documents\Projects\School\ECE449CPU\ECE449_LAB_CPU\ROM\CPU_ROM_wrapper.vhd:]
