#
# A fatal error has been detected by the Java Runtime Environment:
#
#  EXCEPTION_ACCESS_VIOLATION (0xc0000005) at pc=0x00007ff9d1414d8d, pid=30964, tid=27728
#
# JRE version: OpenJDK Runtime Environment Temurin-21.0.1+12 (21.0.1+12) (build 21.0.1+12-LTS)
# Java VM: OpenJDK 64-Bit Server VM Temurin-21.0.1+12 (21.0.1+12-LTS, mixed mode, sharing, tiered, compressed oops, compressed class ptrs, g1 gc, windows-amd64)
# Problematic frame:
# C  0x00007ff9d1414d8d
#
# No core dump will be written. Minidumps are not enabled by default on client versions of Windows
#
# If you would like to submit a bug report, please visit:
#   https://github.com/adoptium/adoptium-support/issues
# The crash happened outside the Java Virtual Machine in native code.
# See problematic frame for where to report the bug.
#

---------------  S U M M A R Y ------------

Command Line: -Dsun.java2d.pmoffscreen=false -Dhttps.protocols=TLSv1,TLSv1.1,TLSv1.2 -Dsun.java2d.xrender=false -Dsun.java2d.d3d=false -Dsun.awt.nopixfmt=true -Dsun.java2d.dpiaware=true -Dsun.java2d.uiScale.enabled=false -Dswing.aatext=true -XX:-UsePerfData -Djdk.map.althashing.threshold=512 -XX:StringTableSize=4072 -XX:+UseStringDeduplication -XX:MaxGCPauseMillis=200 -XX:ParallelGCThreads=4 -XX:+ParallelRefProcEnabled --add-opens=java.desktop/javax.swing.plaf.synth=ALL-UNNAMED --add-opens=java.base/java.nio=ALL-UNNAMED --add-opens=java.desktop/sun.swing=ALL-UNNAMED --add-opens=java.desktop/javax.swing=ALL-UNNAMED --add-opens=java.desktop/javax.swing.tree=ALL-UNNAMED --add-opens=java.desktop/javax.swing.plaf.basic=ALL-UNNAMED --add-opens=java.desktop/javax.swing.plaf.synth=ALL-UNNAMED --add-opens=java.desktop/javax.swing.plaf.basic=ALL-UNNAMED --add-opens=java.desktop/javax.swing=ALL-UNNAMED --add-opens=java.desktop/javax.swing.tree=ALL-UNNAMED --add-opens=java.desktop/java.awt.event=ALL-UNNAMED --add-exports=java.desktop/javax.swing.plaf.synth=ALL-UNNAMED --add-exports=java.base/java.nio=ALL-UNNAMED --add-exports=java.desktop/sun.swing=ALL-UNNAMED --add-exports=java.desktop/javax.swing=ALL-UNNAMED --add-exports=java.desktop/javax.swing.tree=ALL-UNNAMED --add-exports=java.desktop/javax.swing.plaf.basic=ALL-UNNAMED --add-exports=java.desktop/sun.swing=ALL-UNNAMED --add-exports=java.desktop/sun.swing.table=ALL-UNNAMED --add-exports=java.desktop/sun.swing.plaf.synth=ALL-UNNAMED --add-exports=java.desktop/sun.awt.shell=ALL-UNNAMED --add-exports=java.base/sun.security.action=ALL-UNNAMED --add-exports=java.desktop/sun.font=ALL-UNNAMED -XX:NewSize=80m -XX:MaxNewSize=80m -Xms812m -Xmx6144m -Xss10m 

Host: 11th Gen Intel(R) Core(TM) i7-1165G7 @ 2.80GHz, 8 cores, 35G,  Windows 11 , 64 bit Build 26100 (10.0.26100.7920)
Time: Sat Mar 28 15:54:09 2026 Pacific Daylight Time elapsed time: 425310.669997 seconds (4d 22h 8m 30s)

---------------  T H R E A D  ---------------

Current thread (0x0000023995d96090):  JavaThread "AWT-EventQueue-0"        [_thread_in_native, id=27728, stack(0x0000009b34f00000,0x0000009b35900000) (10240K)]

Stack: [0x0000009b34f00000,0x0000009b35900000],  sp=0x0000009b358fb358,  free space=10220k
Native frames: (J=compiled Java code, j=interpreted, Vv=VM code, C=native code)
C  0x00007ff9d1414d8d
C  0x00007ff9d11c045d
C  0x00007ff9d128b76e
C  0x00007ff9d13aa451
C  0x00007ff9d13accd4
C  0x00007ff9d13ce237
C  0x00007ff9d13ce2af
C  0x00007ff9d13ce361
C  0x00007ff9d13aba60
C  0x00007ff9d14bf22e
C  0x00007ff9d14bee75
C  0x00007ff9d12ee236
C  0x000002393de48bb0

The last pc belongs to native nmethod (printed below).
Java frames: (J=compiled Java code, j=interpreted, Vv=VM code)
J 30579  ui.views.waveform.waveformi.WVExecutive_getGraphicsDataSize(J)J (0 bytes) @ 0x000002393de48b19 [0x000002393de48ac0+0x0000000000000059]
J 116252 c1 ui.views.waveform.executive.a.mDy()Ljava/io/ByteArrayInputStream; (118 bytes) @ 0x00000239362a5d44 [0x00000239362a5c40+0x0000000000000104]
J 116251 c1 ui.views.waveform.c.a.mCQ()V (144 bytes) @ 0x00000239362aab44 [0x00000239362aaaa0+0x00000000000000a4]
J 116248 c1 ui.views.waveform.a.Pl(Z)V (29 bytes) @ 0x00000239362addb4 [0x00000239362adc20+0x0000000000000194]
J 140077 c2 ui.views.waveform.d.b.l(Lui/frmwork/a/v;)V (654 bytes) @ 0x000002393e07bdb8 [0x000002393e07aea0+0x0000000000000f18]
J 140076 c2 ui.views.waveform.u.handleTclEvent(Lui/frmwork/a/v;)V (17 bytes) @ 0x000002393dffc270 [0x000002393dffc220+0x0000000000000050]
J 120470 c2 ui.frmwork.I.i(JZ)V (474 bytes) @ 0x000002393ea50a40 [0x000002393ea4f820+0x0000000000001220]
J 121682 c2 ui.frmwork.I.fireTclEvent(J)I (113 bytes) @ 0x000002393ef96680 [0x000002393ef95cc0+0x00000000000009c0]
v  ~StubRoutines::call_stub 0x000002393d2410e7
J 146324  ui.views.waveform.waveformi.WVExecutive_processModelEvent(JJ)V (0 bytes) @ 0x000002393e5af41c [0x000002393e5af3c0+0x000000000000005c]
J 146389 c1 ui.views.waveform.d.b.gr(J)V (109 bytes) @ 0x0000023936727d7c [0x0000023936727ca0+0x00000000000000dc]
J 140077 c2 ui.views.waveform.d.b.l(Lui/frmwork/a/v;)V (654 bytes) @ 0x000002393e07e900 [0x000002393e07aea0+0x0000000000003a60]
J 140076 c2 ui.views.waveform.u.handleTclEvent(Lui/frmwork/a/v;)V (17 bytes) @ 0x000002393dffc270 [0x000002393dffc220+0x0000000000000050]
J 120470 c2 ui.frmwork.I.i(JZ)V (474 bytes) @ 0x000002393ea50a40 [0x000002393ea4f820+0x0000000000001220]
J 121682 c2 ui.frmwork.I.fireTclEvent(J)I (113 bytes) @ 0x000002393ef96680 [0x000002393ef95cc0+0x00000000000009c0]
v  ~StubRoutines::call_stub 0x000002393d2410e7
J 146324  ui.views.waveform.waveformi.WVExecutive_processModelEvent(JJ)V (0 bytes) @ 0x000002393e5af41c [0x000002393e5af3c0+0x000000000000005c]
J 146389 c1 ui.views.waveform.d.b.gr(J)V (109 bytes) @ 0x0000023936727d7c [0x0000023936727ca0+0x00000000000000dc]
j  ui.views.waveform.d.f.actionPerformed(Ljava/awt/event/ActionEvent;)V+8
J 96055 c2 javax.swing.Timer.fireActionPerformed(Ljava/awt/event/ActionEvent;)V java.desktop@21.0.1 (46 bytes) @ 0x000002393f07a8d8 [0x000002393f07a7c0+0x0000000000000118]
J 24718 c2 javax.swing.Timer$DoPostEvent.run()V java.desktop@21.0.1 (85 bytes) @ 0x000002393e0d47f4 [0x000002393e0d4660+0x0000000000000194]
J 16199 c2 java.awt.EventQueue.dispatchEvent(Ljava/awt/AWTEvent;)V java.desktop@21.0.1 (80 bytes) @ 0x000002393d98afc4 [0x000002393d98a600+0x00000000000009c4]
J 81349 c2 java.awt.EventDispatchThread.pumpOneEventForFilters(I)V java.desktop@21.0.1 (106 bytes) @ 0x000002393f2e1c24 [0x000002393f2e1620+0x0000000000000604]
J 147643 c2 java.awt.EventDispatchThread.pumpEventsForFilter(ILjava/awt/Conditional;Ljava/awt/EventFilter;)V java.desktop@21.0.1 (47 bytes) @ 0x000002393f575ffc [0x000002393f575da0+0x000000000000025c]
j  java.awt.EventDispatchThread.pumpEventsForFilter(Ljava/awt/Conditional;Ljava/awt/EventFilter;)V+4 java.desktop@21.0.1
j  java.awt.WaitDispatchSupport$2.run()V+59 java.desktop@21.0.1
j  java.awt.WaitDispatchSupport$4.run()Ljava/lang/Void;+4 java.desktop@21.0.1
j  java.awt.WaitDispatchSupport$4.run()Ljava/lang/Object;+1 java.desktop@21.0.1
J 142593 c2 java.security.AccessController.doPrivileged(Ljava/security/PrivilegedAction;)Ljava/lang/Object; java.base@21.0.1 (9 bytes) @ 0x000002393ef24c64 [0x000002393ef24c20+0x0000000000000044]
j  java.awt.WaitDispatchSupport.enter()Z+266 java.desktop@21.0.1
j  java.awt.Dialog.show()V+225 java.desktop@21.0.1
J 146204 c1 java.awt.Window.setVisible(Z)V java.desktop@21.0.1 (6 bytes) @ 0x000002393699651c [0x00000239369962e0+0x000000000000023c]
j  java.awt.Dialog.setVisible(Z)V+2 java.desktop@21.0.1
j  ui.dlg.c.e.setVisible(Z)V+2
j  ui.dlg.c.bk.cho()V+65
j  ui.dlg.c.bk$c.actionPerformed(Ljava/awt/event/ActionEvent;)V+8
j  ui.dlg.c.bk.gtF()V+422
j  ui.views.c.w.b.a.run()V+60
j  ui.frmwork.cmd.a.iRs()Z+96
j  ui.frmwork.cmd.d.iRE()V+42
j  ui.i.A$b.actionPerformed(Ljava/awt/event/ActionEvent;)V+39
j  javax.swing.AbstractButton.fireActionPerformed(Ljava/awt/event/ActionEvent;)V+84 java.desktop@21.0.1
j  ui.utils.swing.b.C.fireActionPerformed(Ljava/awt/event/ActionEvent;)V+7
j  javax.swing.AbstractButton$Handler.actionPerformed(Ljava/awt/event/ActionEvent;)V+5 java.desktop@21.0.1
j  javax.swing.DefaultButtonModel.fireActionPerformed(Ljava/awt/event/ActionEvent;)V+34 java.desktop@21.0.1
J 147741 c1 javax.swing.DefaultButtonModel.setPressed(Z)V java.desktop@21.0.1 (125 bytes) @ 0x0000023937332d6c [0x0000023937331a60+0x000000000000130c]
J 139677 c1 javax.swing.plaf.basic.BasicButtonListener.mouseReleased(Ljava/awt/event/MouseEvent;)V java.desktop@21.0.1 (48 bytes) @ 0x0000023935ea755c [0x0000023935ea7100+0x000000000000045c]
j  com.jidesoft.plaf.basic.BasicJideButtonListener.mouseReleased(Ljava/awt/event/MouseEvent;)V+61
J 147785 c2 java.awt.AWTEventMulticaster.mouseReleased(Ljava/awt/event/MouseEvent;)V java.desktop@21.0.1 (27 bytes) @ 0x000002393e7aa1c4 [0x000002393e7aa140+0x0000000000000084]
J 147785 c2 java.awt.AWTEventMulticaster.mouseReleased(Ljava/awt/event/MouseEvent;)V java.desktop@21.0.1 (27 bytes) @ 0x000002393e7aa1c4 [0x000002393e7aa140+0x0000000000000084]
J 147785 c2 java.awt.AWTEventMulticaster.mouseReleased(Ljava/awt/event/MouseEvent;)V java.desktop@21.0.1 (27 bytes) @ 0x000002393e7aa1c4 [0x000002393e7aa140+0x0000000000000084]
J 123045 c2 javax.swing.JComponent.processMouseEvent(Ljava/awt/event/MouseEvent;)V java.desktop@21.0.1 (27 bytes) @ 0x000002393f502510 [0x000002393f502240+0x00000000000002d0]
J 111295 c2 java.awt.Container.processEvent(Ljava/awt/AWTEvent;)V java.desktop@21.0.1 (22 bytes) @ 0x000002393f3be18c [0x000002393f3bdfc0+0x00000000000001cc]
J 123606 c2 java.awt.Component.dispatchEventImpl(Ljava/awt/AWTEvent;)V java.desktop@21.0.1 (785 bytes) @ 0x000002393f607ecc [0x000002393f604980+0x000000000000354c]
J 114386 c2 java.awt.Container.dispatchEventImpl(Ljava/awt/AWTEvent;)V java.desktop@21.0.1 (129 bytes) @ 0x000002393d89adc0 [0x000002393d89ad60+0x0000000000000060]
J 124181 c2 java.awt.LightweightDispatcher.retargetMouseEvent(Ljava/awt/Component;ILjava/awt/event/MouseEvent;)V java.desktop@21.0.1 (372 bytes) @ 0x000002393f176b7c [0x000002393f176500+0x000000000000067c]
J 123574 c2 java.awt.LightweightDispatcher.processMouseEvent(Ljava/awt/event/MouseEvent;)Z java.desktop@21.0.1 (268 bytes) @ 0x000002393f5f13ac [0x000002393f5f1000+0x00000000000003ac]
J 123607 c2 java.awt.LightweightDispatcher.dispatchEvent(Ljava/awt/AWTEvent;)Z java.desktop@21.0.1 (73 bytes) @ 0x000002393f6134d8 [0x000002393f613420+0x00000000000000b8]
J 111341 c2 java.awt.Window.dispatchEventImpl(Ljava/awt/AWTEvent;)V java.desktop@21.0.1 (23 bytes) @ 0x000002393ddaf350 [0x000002393ddaf180+0x00000000000001d0]
J 111183 c2 java.awt.EventQueue.dispatchEventImpl(Ljava/awt/AWTEvent;Ljava/lang/Object;)V java.desktop@21.0.1 (139 bytes) @ 0x000002393db02744 [0x000002393db02320+0x0000000000000424]
J 111187 c2 java.awt.EventQueue$4.run()Ljava/lang/Object; java.desktop@21.0.1 (5 bytes) @ 0x000002393db01804 [0x000002393db017a0+0x0000000000000064]
J 16199 c2 java.awt.EventQueue.dispatchEvent(Ljava/awt/AWTEvent;)V java.desktop@21.0.1 (80 bytes) @ 0x000002393d98aa8c [0x000002393d98a600+0x000000000000048c]
J 81349 c2 java.awt.EventDispatchThread.pumpOneEventForFilters(I)V java.desktop@21.0.1 (106 bytes) @ 0x000002393f2e1c24 [0x000002393f2e1620+0x0000000000000604]
J 31234% c2 java.awt.EventDispatchThread.pumpEventsForFilter(ILjava/awt/Conditional;Ljava/awt/EventFilter;)V java.desktop@21.0.1 (47 bytes) @ 0x000002393df43adc [0x000002393df43a40+0x000000000000009c]
j  java.awt.EventDispatchThread.pumpEventsForHierarchy(ILjava/awt/Conditional;Ljava/awt/Component;)V+11 java.desktop@21.0.1
j  java.awt.EventDispatchThread.pumpEvents(ILjava/awt/Conditional;)V+4 java.desktop@21.0.1
j  java.awt.EventDispatchThread.pumpEvents(Ljava/awt/Conditional;)V+3 java.desktop@21.0.1
j  java.awt.EventDispatchThread.run()V+9 java.desktop@21.0.1
v  ~StubRoutines::call_stub 0x000002393d2410e7

siginfo: EXCEPTION_ACCESS_VIOLATION (0xc0000005), reading address 0xffffffffffffffff


Registers:
RAX=0x00000239b1727680, RBX=0x0000000000000001, RCX=0x00000239b1727680, RDX=0x00007ff9d1ae8408
RSP=0x0000009b358fb358, RBP=0x0000009b358fb490, RSI=0x0000009b358fb5c0, RDI=0x00000239bbfa5400
R8 =0x0000000000000000, R9 =0x00007ffad49520fe, R10=0x00007ffad4940000, R11=0x0000009b358fb370
R12=0x00000239bbfa5400, R13=0x0000009b358fba80, R14=0x0000000000000000, R15=0x00000239b4150760
RIP=0x00007ff9d1414d8d, EFLAGS=0x0000000000010206


Register to memory mapping:

RAX=0x00000239b1727680 points into unknown readable memory: 0x00007ff9d1ae8408 | 08 84 ae d1 f9 7f 00 00
RBX=0x0000000000000001 is an unknown value
RCX=0x00000239b1727680 points into unknown readable memory: 0x00007ff9d1ae8408 | 08 84 ae d1 f9 7f 00 00
RDX=0x00007ff9d1ae8408 points into unknown readable memory: 0x00007ff9d115cd60 | 60 cd 15 d1 f9 7f 00 00
RSP=0x0000009b358fb358 is pointing into the stack for thread: 0x0000023995d96090
RBP=0x0000009b358fb490 is pointing into the stack for thread: 0x0000023995d96090
RSI=0x0000009b358fb5c0 is pointing into the stack for thread: 0x0000023995d96090
RDI=0x00000239bbfa5400 points into unknown readable memory: 0x00007ff9d1b08898 | 98 88 b0 d1 f9 7f 00 00
R8 =0x0 is null
R9 =0x00007ffad49520fe VCRUNTIME140.dll
R10=0x00007ffad4940000 VCRUNTIME140.dll
R11=0x0000009b358fb370 is pointing into the stack for thread: 0x0000023995d96090
R12=0x00000239bbfa5400 points into unknown readable memory: 0x00007ff9d1b08898 | 98 88 b0 d1 f9 7f 00 00
R13=0x0000009b358fba80 is pointing into the stack for thread: 0x0000023995d96090
R14=0x0 is null
R15=0x00000239b4150760 points into unknown readable memory: 0x0000000000000000 | 00 00 00 00 00 00 00 00

Top of Stack: (sp=0x0000009b358fb358)
0x0000009b358fb358:   00007ff9d11c045d 000000000000000f
0x0000009b358fb368:   00004c8d31d1a263 00000239b4150760
0x0000009b358fb378:   0000000000000000 0000000000000001
0x0000009b358fb388:   00007ff9d128b76e 0000023900000002
0x0000009b358fb398:   0000000000000000 00000239c0333eb0
0x0000009b358fb3a8:   0000009b358fb5c0 00000239b132c600
0x0000009b358fb3b8:   0000000000000000 0000000000000001
0x0000009b358fb3c8:   0000000000000000 000000000000000f
0x0000009b358fb3d8:   0000000000000000 00000239c0333770
0x0000009b358fb3e8:   00000239c0334070 00000239c0333770
0x0000009b358fb3f8:   00007ff9d13524c3 00000239b41502e0
0x0000009b358fb408:   0000000000000001 00000239c0334070
0x0000009b358fb418:   00000239b132c6c0 00000239b4150760
0x0000009b358fb428:   00000239b4150760 0000009b358fba80
0x0000009b358fb438:   00000239bbfa5400 0000000000000001
0x0000009b358fb448:   f120000000000000 0000000000010000
0x0000009b358fb458:   0000000000000000 0000009b358fb590
0x0000009b358fb468:   0000000000000000 000000000000000f
0x0000009b358fb478:   0000000000000000 00000239b4150760
0x0000009b358fb488:   0000000000000000 000000000000000f
0x0000009b358fb498:   00000239bc7440f0 0000000000000001
0x0000009b358fb4a8:   f120000000000000 0000000000010000
0x0000009b358fb4b8:   0000000000000000 00000239b4150760
0x0000009b358fb4c8:   0000000000000000 000000000000000f
0x0000009b358fb4d8:   0000000000000000 00000000000078ab
0x0000009b358fb4e8:   0000000000000000 000000000000000f
0x0000009b358fb4f8:   00007ffadb55e0fb 00004c8d31d1a3b3
0x0000009b358fb508:   0000009b00000000 0000000000000000
0x0000009b358fb518:   00000000000078ab 0000009b358fb5b0
0x0000009b358fb528:   00007ff9d13aa451 00000239bc7440a0
0x0000009b358fb538:   0000000000000000 00000239c0333eb0
0x0000009b358fb548:   0000009b358fb5a0 00000239c01833f8 

Instructions: (pc=0x00007ff9d1414d8d)
0x00007ff9d1414c8d:   4d 85 c0 74 0e 48 8b 4a 08 48 8b 12 48 8b 01 48
0x00007ff9d1414c9d:   ff 60 70 c3 cc cc cc cc cc cc cc cc cc cc cc cc
0x00007ff9d1414cad:   cc cc cc 48 8b 41 30 c6 40 20 00 48 8b 51 30 80
0x00007ff9d1414cbd:   7a 20 00 74 0b 48 83 7a 10 00 74 04 b0 01 eb 02
0x00007ff9d1414ccd:   32 c0 3a 42 21 74 2c 4c 8b 42 10 88 42 21 84 c0
0x00007ff9d1414cdd:   74 0e 48 8b 4a 08 48 8b 12 48 8b 01 48 ff 60 68
0x00007ff9d1414ced:   4d 85 c0 74 0e 48 8b 4a 08 48 8b 12 48 8b 01 48
0x00007ff9d1414cfd:   ff 60 70 c3 cc cc cc cc cc cc cc cc cc cc cc cc
0x00007ff9d1414d0d:   cc cc cc 40 53 48 83 ec 20 48 8b 01 48 8b d9 ff
0x00007ff9d1414d1d:   50 10 48 85 c0 74 30 48 8b 03 48 8b cb ff 50 10
0x00007ff9d1414d2d:   33 d2 48 8b 08 4c 8b 81 b0 00 00 00 48 8b c8 41
0x00007ff9d1414d3d:   ff d0 48 8b c8 48 8b 10 ff 52 30 84 c0 74 08 b0
0x00007ff9d1414d4d:   01 48 83 c4 20 5b c3 32 c0 48 83 c4 20 5b c3 cc
0x00007ff9d1414d5d:   cc cc cc 40 53 48 83 ec 20 48 8b 41 20 48 8d 59
0x00007ff9d1414d6d:   20 48 8b cb ff 50 10 48 85 c0 74 1b 48 8b 03 48
0x00007ff9d1414d7d:   8b cb ff 50 10 48 8b c8 48 8b 10 48 83 c4 20 5b
0x00007ff9d1414d8d:   48 ff a2 98 01 00 00 48 83 c4 20 5b c3 cc cc cc
0x00007ff9d1414d9d:   cc cc cc 48 89 5c 24 08 48 89 6c 24 10 48 89 74
0x00007ff9d1414dad:   24 18 57 48 83 ec 20 49 8b d8 48 8b ea 48 8b f1
0x00007ff9d1414dbd:   e8 6e 00 00 00 48 8b 03 48 8b cb 33 ff ff 50 50
0x00007ff9d1414dcd:   85 c0 7e 47 48 8b 03 8b d7 48 8b cb ff 50 40 48
0x00007ff9d1414ddd:   85 c0 74 28 48 8b 08 48 8b d5 4c 8b 41 68 48 8b
0x00007ff9d1414ded:   c8 41 ff d0 48 8b d0 48 8b 48 10 48 89 71 08 48
0x00007ff9d1414dfd:   8b ce 4c 8b 06 41 ff 90 08 01 00 00 48 8b 03 48
0x00007ff9d1414e0d:   8b cb ff c7 ff 50 50 3b f8 7c b9 48 8b 5c 24 30
0x00007ff9d1414e1d:   48 8b 6c 24 38 48 8b 74 24 40 48 83 c4 20 5f c3
0x00007ff9d1414e2d:   cc cc cc 48 89 5c 24 08 48 89 74 24 10 57 48 83
0x00007ff9d1414e3d:   ec 20 48 8b f2 49 8b f8 49 8b d0 48 8b d9 e8 a0
0x00007ff9d1414e4d:   18 fc ff 48 8b 57 10 48 8b 4b 10 48 83 c2 10 48
0x00007ff9d1414e5d:   83 c1 10 48 3b ca 74 13 48 83 7a 18 10 4c 8b 42
0x00007ff9d1414e6d:   10 72 03 48 8b 12 e8 08 55 d5 ff e8 c3 dc ff ff
0x00007ff9d1414e7d:   48 8b 08 8b 51 40 8d 42 01 89 41 40 48 8b cf 48 


Stack slot to memory mapping:

stack at sp + 0 slots: 0x00007ff9d11c045d points into unknown readable memory: f6 d8 1b
stack at sp + 1 slots: 0x000000000000000f is an unknown value
stack at sp + 2 slots: 0x00004c8d31d1a263 is an unknown value
stack at sp + 3 slots: 0x00000239b4150760 points into unknown readable memory: 0x0000000000000000 | 00 00 00 00 00 00 00 00
stack at sp + 4 slots: 0x0 is null
stack at sp + 5 slots: 0x0000000000000001 is an unknown value
stack at sp + 6 slots: 0x00007ff9d128b76e points into unknown readable memory: 83 c0
stack at sp + 7 slots: 0x0000023900000002 is an unknown value


Compiled method (n/a) 425310849 30579     n 0       ui.views.waveform.waveformi::WVExecutive_getGraphicsDataSize (native)
 total in heap  [0x000002393de48910,0x000002393de48cf8] = 1000
 relocation     [0x000002393de48a70,0x000002393de48aa8] = 56
 main code      [0x000002393de48ac0,0x000002393de48cec] = 556
 stub code      [0x000002393de48cec,0x000002393de48cf0] = 4
 oops           [0x000002393de48cf0,0x000002393de48cf8] = 8

[Constant Pool (empty)]

[MachCode]
[Entry Point]
  # {method} {0x000002399208bd20} 'WVExecutive_getGraphicsDataSize' '(J)J' in 'ui/views/waveform/waveformi'
  # parm0:    rdx:rdx   = long
  #           [sp+0x70]  (sp of caller)
  0x000002393de48ac0: 448b 5208 | 49bb 0000 | 004f 3902 | 0000 4d03 | d349 3bc2 | 0f84 0600 

  0x000002393de48ad8: ;   {runtime_call ic_miss_stub}
  0x000002393de48ad8: 0000 e9a1 | 5e44 ff90 
[Verified Entry Point]
  0x000002393de48ae0: 8984 2400 | 80ff ff55 | 488b ec48 | 83ec 6090 | 4181 7f20 | 5f06 0000 

  0x000002393de48af8: ;   {runtime_call StubRoutines (final stubs)}
  0x000002393de48af8: 7405 e881 | d242 ff4c 

  0x000002393de48b00: ;   {oop(a 'java/lang/Class'{0x0000000680b64738} = 'ui/views/waveform/waveformi')}
  0x000002393de48b00: 8bc2 49be | 3847 b680 | 0600 0000 | 4c89 7424 | 504c 8d74 | 2450 498b | d6c5 f877 

  0x000002393de48b1c: ;   {internal_word}
  0x000002393de48b1c: 49ba 198b | e43d 3902 | 0000 4d89 | 97a0 0300 | 0049 89a7 | 9803 0000 

  0x000002393de48b34: ;   {external_word}
  0x000002393de48b34: 49ba ae9a | 3e20 fa7f | 0000 4180 | 3a00 0f84 | 4a00 0000 

  0x000002393de48b48: ;   {metadata({method} {0x000002399208bd20} 'WVExecutive_getGraphicsDataSize' '(J)J' in 'ui/views/waveform/waveformi')}
  0x000002393de48b48: 5241 5048 | ba18 bd08 | 9239 0200 | 0049 8bcf | 4883 ec20 | 40f6 c40f | 0f84 1900 | 0000 4883 
  0x000002393de48b68: ;   {runtime_call}
  0x000002393de48b68: ec08 48b8 | a0d6 e81f | fa7f 0000 | ffd0 4883 | c408 e90c 

  0x000002393de48b7c: ;   {runtime_call}
  0x000002393de48b7c: 0000 0048 | b8a0 d6e8 | 1ffa 7f00 | 00ff d048 | 83c4 2041 | 585a 498d | 8fb8 0300 | 0041 c787 
  0x000002393de48b9c: 4c04 0000 | 0400 0000 

  0x000002393de48ba4: ;   {runtime_call}
  0x000002393de48ba4: 48b8 10e2 | 2ed1 f97f | 0000 ffd0 | c5f8 7741 | c787 4c04 | 0000 0500 | 0000 f083 | 4424 c000 
  0x000002393de48bc4: 493b af50 | 0400 000f | 870e 0000 | 0041 83bf | 4804 0000 | 000f 842b | 0000 00c5 | f877 4889 
  0x000002393de48be4: 45f8 498b | cf4c 8be4 | 4883 ec20 | 4883 e4f0 

  0x000002393de48bf4: ;   {runtime_call}
  0x000002393de48bf4: 48b8 2099 | b41f fa7f | 0000 ffd0 | 498b e44d | 33e4 488b | 45f8 41c7 | 874c 0400 | 0008 0000 
  0x000002393de48c14: 0041 83bf | c804 0000 | 020f 849c 

  0x000002393de48c20: ;   {external_word}
  0x000002393de48c20: 0000 0049 | baae 9a3e | 20fa 7f00 | 0041 803a | 000f 844c | 0000 0048 

  0x000002393de48c38: ;   {metadata({method} {0x000002399208bd20} 'WVExecutive_getGraphicsDataSize' '(J)J' in 'ui/views/waveform/waveformi')}
  0x000002393de48c38: 8945 f848 | ba18 bd08 | 9239 0200 | 0049 8bcf | 4883 ec20 | 40f6 c40f | 0f84 1900 | 0000 4883 
  0x000002393de48c58: ;   {runtime_call}
  0x000002393de48c58: ec08 48b8 | a0d6 e81f | fa7f 0000 | ffd0 4883 | c408 e90c 

  0x000002393de48c6c: ;   {runtime_call}
  0x000002393de48c6c: 0000 0048 | b8a0 d6e8 | 1ffa 7f00 | 00ff d048 | 83c4 2048 | 8b45 f849 | c787 9803 | 0000 0000 
  0x000002393de48c8c: 0000 49c7 | 87a0 0300 | 0000 0000 | 00c5 f877 | 498b 8f28 | 0400 00c7 | 8100 0100 | 0000 0000 
  0x000002393de48cac: 00c9 4983 | 7f08 000f | 8501 0000 

  0x000002393de48cb8: ;   {runtime_call StubRoutines (initial stubs)}
  0x000002393de48cb8: 00c3 e941 | 823f ffc5 | f877 4889 | 45f8 4c8b | e448 83ec | 2048 83e4 

  0x000002393de48cd0: ;   {runtime_call}
  0x000002393de48cd0: f048 b880 | 0ee9 1ffa | 7f00 00ff | d049 8be4 | 4d33 e448 | 8b45 f8e9 | 37ff ffff 
[Stub Code]
  0x000002393de48cec: f4f4 f4f4 
[/MachCode]


Compiled method (c1) 425310858 116252   !   3       ui.views.waveform.executive.a::mDy (118 bytes)
 total in heap  [0x00000239362a5810,0x00000239362a7f70] = 10080
 relocation     [0x00000239362a5970,0x00000239362a5c28] = 696
 main code      [0x00000239362a5c40,0x00000239362a7530] = 6384
 stub code      [0x00000239362a7530,0x00000239362a7640] = 272
 oops           [0x00000239362a7640,0x00000239362a76c0] = 128
 metadata       [0x00000239362a76c0,0x00000239362a7760] = 160
 scopes data    [0x00000239362a7760,0x00000239362a7c38] = 1240
 scopes pcs     [0x00000239362a7c38,0x00000239362a7f38] = 768
 dependencies   [0x00000239362a7f38,0x00000239362a7f40] = 8
 handler table  [0x00000239362a7f40,0x00000239362a7f58] = 24
 nul chk table  [0x00000239362a7f58,0x00000239362a7f70] = 24

[Constant Pool (empty)]

[MachCode]
[Entry Point]
  # {method} {0x0000023992058f38} 'mDy' '()Ljava/io/ByteArrayInputStream;' in 'ui/views/waveform/executive/a'
  #           [sp+0x190]  (sp of caller)
  0x00000239362a5c40: 448b 5208 | 49bb 0000 | 004f 3902 | 0000 4d03 | d34c 3bd0 

  0x00000239362a5c54: ;   {runtime_call ic_miss_stub}
  0x00000239362a5c54: 0f85 268d | fe06 660f | 1f44 0000 
[Verified Entry Point]
  0x00000239362a5c60: 8984 2400 | 80ff ff55 | 4881 ec80 | 0100 0090 | 4181 7f20 | 5f06 0000 

  0x00000239362a5c78: ;   {runtime_call StubRoutines (final stubs)}
  0x00000239362a5c78: 7405 e801 | 01fd 0648 | 8994 2428 

  0x00000239362a5c84: ;   {metadata(method data for {method} {0x0000023992058f38} 'mDy' '()Ljava/io/ByteArrayInputStream;' in 'ui/views/waveform/executive/a')}
  0x00000239362a5c84: 0100 0048 | bea8 b8e6 | b639 0200 | 008b becc | 0000 0083 | c702 89be | cc00 0000 | 81e7 fe07 
  0x00000239362a5ca4: 0000 83ff | 000f 8452 

  0x00000239362a5cac: ;   {metadata(method data for {method} {0x0000023992058f38} 'mDy' '()Ljava/io/ByteArrayInputStream;' in 'ui/views/waveform/executive/a')}
  0x00000239362a5cac: 1400 0048 | bea8 b8e6 | b639 0200 | 0048 8386 | 1001 0000 

  0x00000239362a5cc0: ;   {metadata(method data for {method} {0x00000239906931b8} 'gnK' '()J' in 'ui/utils/s/d')}
  0x00000239362a5cc0: 0148 be78 | 7df6 9239 | 0200 008b | becc 0000 | 0083 c702 | 89be cc00 | 0000 81e7 | feff 1f00 
  0x00000239362a5ce0: 83ff 000f | 8439 1400 

  0x00000239362a5ce8: ;   {metadata(method data for {method} {0x00000239906931b8} 'gnK' '()J' in 'ui/utils/s/d')}
  0x00000239362a5ce8: 0048 be78 | 7df6 9239 | 0200 0048 | 8386 1001 

  0x00000239362a5cf8: ;   {runtime_call}
  0x00000239362a5cf8: 0000 0148 | b840 23e2 | 1ffa 7f00 

  0x00000239362a5d04: ;   {other}
  0x00000239362a5d04: 00ff d00f | 1f84 0000 | 0000 0048 | 8984 2430 | 0100 0048 | 8b94 2428 | 0100 0048 

  0x00000239362a5d20: ;   {metadata(method data for {method} {0x0000023992058f38} 'mDy' '()Ljava/io/ByteArrayInputStream;' in 'ui/views/waveform/executive/a')}
  0x00000239362a5d20: 8b72 1048 | bfa8 b8e6 | b639 0200 | 0048 8387 | 2001 0000 | 0148 8bd6 | 0f1f 8000 

  0x00000239362a5d3c: ;   {static_call}
  0x00000239362a5d3c: 0000 00e8 

  0x00000239362a5d40: ; ImmutableOopMap {[296]=Oop }
                      ;*invokestatic WVExecutive_getGraphicsDataSize {reexecute=0 rethrow=0 return_oop=0}
                      ; - ui.views.waveform.executive.a::mDy@10 (line 493)
  0x00000239362a5d40: 9c2d ba07 

  0x00000239362a5d44: ;   {other}
  0x00000239362a5d44: 0f1f 8400 | 3405 0000 | 448b c841 

  0x00000239362a5d50: ;   {metadata(method data for {method} {0x0000023992058f38} 'mDy' '()Ljava/io/ByteArrayInputStream;' in 'ui/views/waveform/executive/a')}
  0x00000239362a5d50: 83f9 0048 | bba8 b8e6 | b639 0200 | 0048 ba40 | 0100 0000 | 0000 000f | 840a 0000 | 0048 ba30 
  0x00000239362a5d70: 0100 0000 | 0000 0048 | 8b34 1348 | 8d76 0148 | 8934 130f | 8409 1200 

  0x00000239362a5d88: ;   {metadata(method data for {method} {0x0000023992058f38} 'mDy' '()Ljava/io/ByteArrayInputStream;' in 'ui/views/waveform/executive/a')}
  0x00000239362a5d88: 0048 bba8 | b8e6 b639 | 0200 00ff | 8350 0100 | 0048 8b94 | 2428 0100 | 0049 8bd9 | ffc3 4c8b 
  0x00000239362a5da8: ;   {metadata({type array byte})}
  0x00000239362a5da8: da48 bac0 | 2200 4f39 | 0200 0048 | 63db 488b | fb48 81fb | ffff ff00 | 0f87 7d13 | 0000 48be 
  0x00000239362a5dc8: 1700 0000 | 0000 0000 | 488d 341e | 4883 e6f8 | 498b 87b8 | 0100 0048 | 8d34 3049 | 3bb7 c801 
  0x00000239362a5de8: 0000 0f87 | 5313 0000 | 4989 b7b8 | 0100 0048 | 2bf0 48c7 | 0001 0000 | 0048 8bca | 49ba 0000 
  0x00000239362a5e08: 004f 3902 | 0000 492b | ca89 4808 | 8958 0c48 | 83ee 1048 | 85f6 0f84 | 1100 0000 | 4833 db48 
  0x00000239362a5e28: c1ee 0348 | 895c f008 | 48ff ce75 | f648 8984 | 2438 0100 | 0049 8b53 

  0x00000239362a5e40: ;   {metadata(method data for {method} {0x0000023992058f38} 'mDy' '()Ljava/io/ByteArrayInputStream;' in 'ui/views/waveform/executive/a')}
  0x00000239362a5e40: 1049 b8a8 | b8e6 b639 | 0200 0049 | 8380 f801 | 0000 014c 

  0x00000239362a5e54: ;   {static_call}
  0x00000239362a5e54: 8bc0 90e8 

  0x00000239362a5e58: ; ImmutableOopMap {[296]=Oop [312]=Oop }
                      ;*invokestatic WVExecutive_getGraphicsDataByteArray {reexecute=0 rethrow=0 return_oop=0}
                      ; - ui.views.waveform.executive.a::mDy@58 (line 505)
  0x00000239362a5e58: 0492 c807 

  0x00000239362a5e5c: ;   {other}
  0x00000239362a5e5c: 0f1f 8400 | 4c06 0001 | 488b 9424 | 2801 0000 | 448b 4220 | 49c1 e003 | 4983 f800 

  0x00000239362a5e78: ;   {metadata(method data for {method} {0x0000023992058f38} 'mDy' '()Ljava/io/ByteArrayInputStream;' in 'ui/views/waveform/executive/a')}
  0x00000239362a5e78: 48be a8b8 | e6b6 3902 | 0000 48bf | 0802 0000 | 0000 0000 | 0f84 0a00 | 0000 48bf | 1802 0000 
  0x00000239362a5e98: 0000 0000 | 488b 1c3e | 488d 5b01 | 4889 1c3e | 488b 8424 | 3801 0000 | 0f84 af00 | 0000 8b70 
  0x00000239362a5eb8: 0c41 8b78 

  0x00000239362a5ebc: ;   {metadata(method data for {method} {0x0000023992058f38} 'mDy' '()Ljava/io/ByteArrayInputStream;' in 'ui/views/waveform/executive/a')}
  0x00000239362a5ebc: 0c3b f748 | bea8 b8e6 | b639 0200 | 0048 bf28 | 0200 0000 | 0000 000f | 850a 0000 | 0048 bf38 
  0x00000239362a5edc: 0200 0000 | 0000 0048 | 8b1c 3e48 | 8d5b 0148 | 891c 3e0f | 8570 0000 

  0x00000239362a5ef4: ;   {metadata(method data for {method} {0x0000023992058f38} 'mDy' '()Ljava/io/ByteArrayInputStream;' in 'ui/views/waveform/executive/a')}
  0x00000239362a5ef4: 0048 bea8 | b8e6 b639 | 0200 0048 | 8386 4802 | 0000 0148 | 8bd0 0f1f 

  0x00000239362a5f0c: ;   {static_call}
  0x00000239362a5f0c: 4400 00e8 

  0x00000239362a5f10: ; ImmutableOopMap {[296]=Oop [312]=Oop }
                      ;*invokestatic equals {reexecute=0 rethrow=0 return_oop=0}
                      ; - ui.views.waveform.executive.a::mDy@85 (line 508)
  0x00000239362a5f10: 8c1f f708 

  0x00000239362a5f14: ;   {other}
  0x00000239362a5f14: 0f1f 8400 | 0407 0002 

  0x00000239362a5f1c: ;   {metadata(method data for {method} {0x0000023992058f38} 'mDy' '()Ljava/io/ByteArrayInputStream;' in 'ui/views/waveform/executive/a')}
  0x00000239362a5f1c: 83f8 0048 | bea8 b8e6 | b639 0200 | 0048 bf68 | 0200 0000 | 0000 000f | 850a 0000 | 0048 bf58 
  0x00000239362a5f3c: 0200 0000 | 0000 0048 | 8b1c 3e48 | 8d5b 0148 | 891c 3e0f | 851d 1000 | 0048 8b84 | 2438 0100 
  0x00000239362a5f5c: 0048 8b94 | 2428 0100 | 0041 0fbe | 7f40 83ff | 000f 85df | 1100 004c | 8bd0 49c1 | ea03 4489 
  0x00000239362a5f7c: 5220 488b | fa48 33f8 | 48c1 ef16 | 4883 ff00 | 0f85 df11 

  0x00000239362a5f90: ;   {metadata(method data for {method} {0x0000023992058f38} 'mDy' '()Ljava/io/ByteArrayInputStream;' in 'ui/views/waveform/executive/a')}
  0x00000239362a5f90: 0000 48bf | a8b8 e6b6 | 3902 0000 | 4883 8778 | 0200 0001 

  0x00000239362a5fa4: ;   {metadata(method data for {method} {0x00000239906931b8} 'gnK' '()J' in 'ui/utils/s/d')}
  0x00000239362a5fa4: 48bf 787d | f692 3902 | 0000 8b9f | cc00 0000 | 83c3 0289 | 9fcc 0000 | 0081 e3fe | ff1f 0083 
  0x00000239362a5fc4: fb00 0f84 | bd11 0000 

  0x00000239362a5fcc: ;   {metadata(method data for {method} {0x00000239906931b8} 'gnK' '()J' in 'ui/utils/s/d')}
  0x00000239362a5fcc: 48bf 787d | f692 3902 | 0000 4883 | 8710 0100 

  0x00000239362a5fdc: ;   {runtime_call}
  0x00000239362a5fdc: 0001 48b8 | 4023 e21f | fa7f 0000 

  0x00000239362a5fe8: ;   {other}
  0x00000239362a5fe8: ffd0 0f1f | 8400 0000 | 0000 488b | 9424 3001 | 0000 482b | c248 8984 | 2440 0100 

  0x00000239362a6004: ;   {metadata(method data for {method} {0x000002394f0aff60} 'linkToTargetMethod' '(JLjava/lang/Object;)Ljava/lang/Object;' in 'java/lang/invoke/Invokers$Holder')}
  0x00000239362a6004: 0048 bac8 | 2630 9339 | 0200 0048 | 8d92 f801 

  0x00000239362a6014: ;   {oop(a 'java/lang/invoke/BoundMethodHandle$Species_LLLL'{0x0000000683b5c6d0})}
  0x00000239362a6014: 0000 48be | d0c6 b583 | 0600 0000 | 488b fe48 | 85ff 7504 | 4883 0a01 

  0x00000239362a602c: ;   {metadata(method data for {method} {0x0000023992058f38} 'mDy' '()Ljava/io/ByteArrayInputStream;' in 'ui/views/waveform/executive/a')}
  0x00000239362a602c: 48ba a8b8 | e6b6 3902 | 0000 4883 | 8288 0200 

  0x00000239362a603c: ;   {metadata(method data for {method} {0x000002394f0aff60} 'linkToTargetMethod' '(JLjava/lang/Object;)Ljava/lang/Object;' in 'java/lang/invoke/Invokers$Holder')}
  0x00000239362a603c: 0001 48ba | c826 3093 | 3902 0000 | 8bba cc00 | 0000 83c7 | 0289 bacc | 0000 0081 | e7fe ff1f 
  0x00000239362a605c: 0083 ff00 | 0f84 4411 

  0x00000239362a6064: ;   {metadata(method data for {method} {0x000002399304bb48} 'invoke' '(Ljava/lang/Object;J)Ljava/lang/Object;' in 'java/lang/invoke/LambdaForm$MH+0x000002395078bc00')}
  0x00000239362a6064: 0000 48ba | 0040 2093 | 3902 0000 | 488d 92b8 | 0300 0048 | 85f6 7504 | 4883 0a01 

  0x00000239362a6080: ;   {metadata(method data for {method} {0x000002394f0aff60} 'linkToTargetMethod' '(JLjava/lang/Object;)Ljava/lang/Object;' in 'java/lang/invoke/Invokers$Holder')}
  0x00000239362a6080: 48ba c826 | 3093 3902 | 0000 4883 | 8248 0100 

  0x00000239362a6090: ;   {metadata(method data for {method} {0x000002399304bb48} 'invoke' '(Ljava/lang/Object;J)Ljava/lang/Object;' in 'java/lang/invoke/LambdaForm$MH+0x000002395078bc00')}
  0x00000239362a6090: 0001 48ba | 0040 2093 | 3902 0000 | 8bb2 cc00 | 0000 83c6 | 0289 b2cc | 0000 0081 | e6fe ff1f 
  0x00000239362a60b0: 0083 fe00 | 0f84 1111 

  0x00000239362a60b8: ;   {metadata(method data for {method} {0x000002399304b2a0} 'invoke' '(Ljava/lang/Object;J)J' in 'java/lang/invoke/LambdaForm$MH+0x000002395078b800')}
  0x00000239362a60b8: 0000 48ba | 00b5 0493 | 3902 0000 | 488d 9220 

  0x00000239362a60c8: ;   {oop(a 'java/lang/invoke/BoundMethodHandle$Species_LJ'{0x0000000683b5c6a0})}
  0x00000239362a60c8: 0200 0048 | bea0 c6b5 | 8306 0000 | 0048 85f6 | 7504 4883 

  0x00000239362a60dc: ;   {metadata(method data for {method} {0x000002399304bb48} 'invoke' '(Ljava/lang/Object;J)Ljava/lang/Object;' in 'java/lang/invoke/LambdaForm$MH+0x000002395078bc00')}
  0x00000239362a60dc: 0a01 48ba | 0040 2093 | 3902 0000 | 4883 8280 | 0100 0001 

  0x00000239362a60f0: ;   {metadata(method data for {method} {0x000002399304b2a0} 'invoke' '(Ljava/lang/Object;J)J' in 'java/lang/invoke/LambdaForm$MH+0x000002395078b800')}
  0x00000239362a60f0: 48ba 00b5 | 0493 3902 | 0000 8bb2 | cc00 0000 | 83c6 0289 | b2cc 0000 | 0081 e6fe | ff1f 0083 
  0x00000239362a6110: fe00 0f84 | d410 0000 

  0x00000239362a6118: ;   {metadata(method data for {method} {0x000002394f0b4ff0} 'invokeStatic' '(Ljava/lang/Object;JJ)J' in 'java/lang/invoke/DirectMethodHandle$Holder')}
  0x00000239362a6118: 48ba c828 | 3093 3902 | 0000 488d | 9218 0200 

  0x00000239362a6128: ;   {oop(a 'java/lang/invoke/DirectMethodHandle'{0x0000000682ddb238})}
  0x00000239362a6128: 0048 be38 | b2dd 8206 | 0000 0048 | 8bfe 4885 | ff75 0448 

  0x00000239362a613c: ;   {metadata(method data for {method} {0x000002399304b2a0} 'invoke' '(Ljava/lang/Object;J)J' in 'java/lang/invoke/LambdaForm$MH+0x000002395078b800')}
  0x00000239362a613c: 830a 0148 | ba00 b504 | 9339 0200 | 0048 8382 | 8001 0000 

  0x00000239362a6150: ;   {metadata(method data for {method} {0x000002394f0b4ff0} 'invokeStatic' '(Ljava/lang/Object;JJ)J' in 'java/lang/invoke/DirectMethodHandle$Holder')}
  0x00000239362a6150: 0148 bac8 | 2830 9339 | 0200 008b | bacc 0000 | 0083 c702 | 89ba cc00 | 0000 81e7 | feff 1f00 
  0x00000239362a6170: 83ff 000f | 8494 1000 

  0x00000239362a6178: ;   {metadata(method data for {method} {0x000002394f0b4ff0} 'invokeStatic' '(Ljava/lang/Object;JJ)J' in 'java/lang/invoke/DirectMethodHandle$Holder')}
  0x00000239362a6178: 0048 bac8 | 2830 9339 | 0200 0048 | 8d92 2001 | 0000 4885 | f675 0548 | 834a 0801 

  0x00000239362a6194: ;   {metadata(method data for {method} {0x000002394f0b4ff0} 'invokeStatic' '(Ljava/lang/Object;JJ)J' in 'java/lang/invoke/DirectMethodHandle$Holder')}
  0x00000239362a6194: 48ba c828 | 3093 3902 | 0000 4883 | 8210 0100 

  0x00000239362a61a4: ;   {metadata(method data for {method} {0x000002394f0a3038} 'internalMemberName' '(Ljava/lang/Object;)Ljava/lang/Object;' in 'java/lang/invoke/DirectMethodHandle')}
  0x00000239362a61a4: 0001 48ba | 88a7 2390 | 3902 0000 | 8bb2 cc00 | 0000 83c6 | 0289 b2cc | 0000 0081 | e6fe ff1f 
  0x00000239362a61c4: 0083 fe00 | 0f84 6010 

  0x00000239362a61cc: ;   {metadata(method data for {method} {0x000002394f0b4ff0} 'invokeStatic' '(Ljava/lang/Object;JJ)J' in 'java/lang/invoke/DirectMethodHandle$Holder')}
  0x00000239362a61cc: 0000 48ba | c828 3093 | 3902 0000 | 488d 9230 

  0x00000239362a61dc: ;   {oop(a 'java/lang/invoke/MemberName'{0x0000000682ddb260} = {method} {0x000002394f424ef8} 'mix' '(JJ)J' in 'java/lang/StringConcatHelper')}
  0x00000239362a61dc: 0100 0048 | be60 b2dd | 8206 0000 | 0048 85f6 | 7504 4883 

  0x00000239362a61f0: ;   {metadata(method data for {method} {0x000002394f0b4ff0} 'invokeStatic' '(Ljava/lang/Object;JJ)J' in 'java/lang/invoke/DirectMethodHandle$Holder')}
  0x00000239362a61f0: 0a01 48ba | c828 3093 | 3902 0000 | 4883 8278 | 0100 0001 

  0x00000239362a6204: ;   {metadata(method data for {method} {0x000002394f424ef8} 'mix' '(JJ)J' in 'java/lang/StringConcatHelper')}
  0x00000239362a6204: 48ba e82a | 3093 3902 | 0000 8bb2 | cc00 0000 | 83c6 0289 | b2cc 0000 | 0081 e6fe | ff1f 0083 
  0x00000239362a6224: fe00 0f84 | 2310 0000 

  0x00000239362a622c: ;   {metadata(method data for {method} {0x000002394f424ef8} 'mix' '(JJ)J' in 'java/lang/StringConcatHelper')}
  0x00000239362a622c: 48ba e82a | 3093 3902 | 0000 4883 | 8210 0100 | 0001 488b | d066 0f1f 

  0x00000239362a6244: ;   {static_call}
  0x00000239362a6244: 4400 00e8 

  0x00000239362a6248: ; ImmutableOopMap {[312]=Oop }
                      ;*invokestatic stringSize {reexecute=0 rethrow=0 return_oop=0}
                      ; - java.lang.StringConcatHelper::mix@2 (line 112)
                      ; - java.lang.invoke.DirectMethodHandle$Holder::invokeStatic@13
                      ; - java.lang.invoke.LambdaForm$MH/0x000002395078b800::invoke@23
                      ; - java.lang.invoke.LambdaForm$MH/0x000002395078bc00::invoke@15
                      ; - java.lang.invoke.Invokers$Holder::linkToTargetMethod@5
                      ; - ui.views.waveform.executive.a::mDy@104 (line 513)
  0x00000239362a6248: d468 fe07 

  0x00000239362a624c: ;   {other}
  0x00000239362a624c: 0f1f 8400 | 3c0a 0003 | 4863 c048 | b923 0000 | 0000 0000 | 0048 03c1 | 4889 8424 | 4801 0000 
  0x00000239362a626c: ;   {metadata(method data for {method} {0x000002394f424ef8} 'mix' '(JJ)J' in 'java/lang/StringConcatHelper')}
  0x00000239362a626c: 48b9 e82a | 3093 3902 | 0000 4883 | 8120 0100 

  0x00000239362a627c: ;   {metadata(method data for {method} {0x000002394f424920} 'checkOverflow' '(J)J' in 'java/lang/StringConcatHelper')}
  0x00000239362a627c: 0001 48b9 | 38f3 2290 | 3902 0000 | 448b 81cc | 0000 0041 | 83c0 0244 | 8981 cc00 | 0000 4181 
  0x00000239362a629c: e0fe ff1f | 0041 83f8 | 000f 84c5 | 0f00 008b | f083 fe00 

  0x00000239362a62b0: ;   {metadata(method data for {method} {0x000002394f424920} 'checkOverflow' '(J)J' in 'java/lang/StringConcatHelper')}
  0x00000239362a62b0: 48b9 38f3 | 2290 3902 | 0000 49b8 | 1001 0000 | 0000 0000 | 0f8c 0a00 | 0000 49b8 | 2001 0000 
  0x00000239362a62d0: 0000 0000 | 4e8b 0c01 | 4d8d 4901 | 4e89 0c01 | 0f8c 7b0d 

  0x00000239362a62e4: ;   {metadata(method data for {method} {0x0000023990470e90} 'invoke' '(Ljava/lang/Object;J)Ljava/lang/Object;' in 'java/lang/invoke/LambdaForm$MH+0x0000023950010400')}
  0x00000239362a62e4: 0000 48b9 | 0811 4790 | 3902 0000 | 488d 8940 

  0x00000239362a62f4: ;   {oop(a 'java/lang/invoke/BoundMethodHandle$Species_LL'{0x0000000683b5c678})}
  0x00000239362a62f4: 0200 0049 | b878 c6b5 | 8306 0000 | 004d 85c0 | 7504 4883 

  0x00000239362a6308: ;   {metadata(method data for {method} {0x000002399304bb48} 'invoke' '(Ljava/lang/Object;J)Ljava/lang/Object;' in 'java/lang/invoke/LambdaForm$MH+0x000002395078bc00')}
  0x00000239362a6308: 0901 48b9 | 0040 2093 | 3902 0000 | 4883 81f0 | 0100 0001 

  0x00000239362a631c: ;   {metadata(method data for {method} {0x0000023990470e90} 'invoke' '(Ljava/lang/Object;J)Ljava/lang/Object;' in 'java/lang/invoke/LambdaForm$MH+0x0000023950010400')}
  0x00000239362a631c: 48b9 0811 | 4790 3902 | 0000 448b | 81cc 0000 | 0041 83c0 | 0244 8981 | cc00 0000 | 4181 e0fe 
  0x00000239362a633c: ff1f 0041 | 83f8 000f | 8448 0f00 

  0x00000239362a6348: ;   {metadata(method data for {method} {0x0000023990470e90} 'invoke' '(Ljava/lang/Object;J)Ljava/lang/Object;' in 'java/lang/invoke/LambdaForm$MH+0x0000023950010400')}
  0x00000239362a6348: 0048 b908 | 1147 9039 | 0200 0048 | 8d89 b801 

  0x00000239362a6358: ;   {oop(" ms"{0x0000000683b5c620})}
  0x00000239362a6358: 0000 49b8 | 20c6 b583 | 0600 0000 | 4d8b c84d | 85c9 7505 | 4883 4908 

  0x00000239362a6370: ;   {metadata(method data for {method} {0x000002394f0b4390} 'invokeStatic' '(Ljava/lang/Object;Ljava/lang/Object;J)Ljava/lang/Object;' in 'java/lang/invoke/DirectMethodHandle$Holder')}
  0x00000239362a6370: 0148 b948 | f2a0 9039 | 0200 0048 | 8d89 2802 

  0x00000239362a6380: ;   {oop(a 'java/lang/invoke/DirectMethodHandle'{0x0000000680c33240})}
  0x00000239362a6380: 0000 49b9 | 4032 c380 | 0600 0000 | 498b d148 | 85d2 7504 | 4883 0901 | 498b d048 | 85d2 7505 
  0x00000239362a63a0: 4883 4910 

  0x00000239362a63a4: ;   {metadata(method data for {method} {0x0000023990470e90} 'invoke' '(Ljava/lang/Object;J)Ljava/lang/Object;' in 'java/lang/invoke/LambdaForm$MH+0x0000023950010400')}
  0x00000239362a63a4: 0148 b908 | 1147 9039 | 0200 0048 | 8381 8001 

  0x00000239362a63b4: ;   {metadata(method data for {method} {0x000002394f0b4390} 'invokeStatic' '(Ljava/lang/Object;Ljava/lang/Object;J)Ljava/lang/Object;' in 'java/lang/invoke/DirectMethodHandle$Holder')}
  0x00000239362a63b4: 0000 0148 | b948 f2a0 | 9039 0200 | 008b 91cc | 0000 0083 | c202 8991 | cc00 0000 | 81e2 feff 
  0x00000239362a63d4: 1f00 83fa | 000f 84d3 

  0x00000239362a63dc: ;   {metadata(method data for {method} {0x000002394f0b4390} 'invokeStatic' '(Ljava/lang/Object;Ljava/lang/Object;J)Ljava/lang/Object;' in 'java/lang/invoke/DirectMethodHandle$Holder')}
  0x00000239362a63dc: 0e00 0048 | b948 f2a0 | 9039 0200 | 0048 8d89 | 2001 0000 | 4d85 c975 | 0548 8349 

  0x00000239362a63f8: ;   {metadata(method data for {method} {0x000002394f0b4390} 'invokeStatic' '(Ljava/lang/Object;Ljava/lang/Object;J)Ljava/lang/Object;' in 'java/lang/invoke/DirectMethodHandle$Holder')}
  0x00000239362a63f8: 0801 48b9 | 48f2 a090 | 3902 0000 | 4883 8110 | 0100 0001 

  0x00000239362a640c: ;   {metadata(method data for {method} {0x000002394f0a3038} 'internalMemberName' '(Ljava/lang/Object;)Ljava/lang/Object;' in 'java/lang/invoke/DirectMethodHandle')}
  0x00000239362a640c: 48b9 88a7 | 2390 3902 | 0000 448b | 89cc 0000 | 0041 83c1 | 0244 8989 | cc00 0000 | 4181 e1fe 
  0x00000239362a642c: ff1f 0041 | 83f9 000f | 849a 0e00 

  0x00000239362a6438: ;   {metadata(method data for {method} {0x000002394f0b4390} 'invokeStatic' '(Ljava/lang/Object;Ljava/lang/Object;J)Ljava/lang/Object;' in 'java/lang/invoke/DirectMethodHandle$Holder')}
  0x00000239362a6438: 0048 b948 | f2a0 9039 | 0200 0048 | 8d89 3001 

  0x00000239362a6448: ;   {oop(a 'java/lang/invoke/MemberName'{0x0000000680c33268} = {method} {0x000002394f424818} 'newArrayWithSuffix' '(Ljava/lang/String;J)[B' in 'java/lang/StringConcatHelper')}
  0x00000239362a6448: 0000 49b9 | 6832 c380 | 0600 0000 | 4d85 c975 | 0448 8309 

  0x00000239362a645c: ;   {metadata(method data for {method} {0x000002394f0b4390} 'invokeStatic' '(Ljava/lang/Object;Ljava/lang/Object;J)Ljava/lang/Object;' in 'java/lang/invoke/DirectMethodHandle$Holder')}
  0x00000239362a645c: 0148 b948 | f2a0 9039 | 0200 0048 | 8d89 8801 | 0000 4d8b | c84d 85c9 | 7505 4883 

  0x00000239362a6478: ;   {metadata(method data for {method} {0x000002394f0b4390} 'invokeStatic' '(Ljava/lang/Object;Ljava/lang/Object;J)Ljava/lang/Object;' in 'java/lang/invoke/DirectMethodHandle$Holder')}
  0x00000239362a6478: 4908 0148 | b948 f2a0 | 9039 0200 | 0048 8381 | 7801 0000 

  0x00000239362a648c: ;   {metadata(method data for {method} {0x000002394f424818} 'newArrayWithSuffix' '(Ljava/lang/String;J)[B' in 'java/lang/StringConcatHelper')}
  0x00000239362a648c: 0148 b900 | 332c 9239 | 0200 0044 | 8b89 cc00 | 0000 4183 | c102 4489 | 89cc 0000 | 0041 81e1 
  0x00000239362a64ac: feff 1f00 | 4183 f900 | 0f84 3a0e | 0000 498b 

  0x00000239362a64bc: ;   {metadata(method data for {method} {0x000002394f424818} 'newArrayWithSuffix' '(Ljava/lang/String;J)[B' in 'java/lang/StringConcatHelper')}
  0x00000239362a64bc: c849 b900 | 332c 9239 | 0200 0049 | 8381 1001 

  0x00000239362a64cc: ;   {metadata(method data for {method} {0x000002394f00eee0} 'length' '()I' in 'java/lang/String')}
  0x00000239362a64cc: 0000 0148 | b9b0 1601 | 9039 0200 | 0044 8b89 | cc00 0000 | 4183 c102 | 4489 89cc | 0000 0041 
  0x00000239362a64ec: 81e1 feff | 1f00 4183 | f900 0f84 | 190e 0000 

  0x00000239362a64fc: ;   {metadata(method data for {method} {0x000002394f00eee0} 'length' '()I' in 'java/lang/String')}
  0x00000239362a64fc: 48b9 b016 | 0190 3902 | 0000 4883 | 8110 0100 

  0x00000239362a650c: ;   {metadata(method data for {method} {0x000002394f45a188} 'coder' '()B' in 'java/lang/String')}
  0x00000239362a650c: 0001 48b9 | 70d3 0090 | 3902 0000 | 448b 81cc | 0000 0041 | 83c0 0244 | 8981 cc00 | 0000 4181 
  0x00000239362a652c: e0fe ff1f | 0041 83f8 | 000f 84fb 

  0x00000239362a6538: ;   {metadata(method data for {method} {0x000002394f45a188} 'coder' '()B' in 'java/lang/String')}
  0x00000239362a6538: 0d00 0048 | b970 d300 | 9039 0200 | 00ff 8120 

  0x00000239362a6548: ;   {metadata(method data for {method} {0x000002394f45a188} 'coder' '()B' in 'java/lang/String')}
  0x00000239362a6548: 0100 0048 | b970 d300 | 9039 0200 | 00ff 8130 | 0100 004c | 8bc0 49ba | 0300 0000 | 0000 0000 
  0x00000239362a6568: ;   {metadata(method data for {method} {0x000002394f424818} 'newArrayWithSuffix' '(Ljava/lang/String;J)[B' in 'java/lang/StringConcatHelper')}
  0x00000239362a6568: 4d03 c248 | b900 332c | 9239 0200 | 0048 8381 | 4801 0000 

  0x00000239362a657c: ;   {metadata(method data for {method} {0x000002394f425160} 'newArray' '(J)[B' in 'java/lang/StringConcatHelper')}
  0x00000239362a657c: 0148 b9d8 | a004 9039 | 0200 0044 | 8b89 cc00 | 0000 4183 | c102 4489 | 89cc 0000 | 0041 81e1 
  0x00000239362a659c: feff 1f00 | 4183 f900 | 0f84 ad0d | 0000 b920 | 0000 004d | 8bc8 49d3 | f945 8bc9 | 450f bec9 
  0x00000239362a65bc: 458b c049 | 8bc9 4d8b | c841 d3e1 | 4183 f900 

  0x00000239362a65cc: ;   {metadata(method data for {method} {0x000002394f425160} 'newArray' '(J)[B' in 'java/lang/StringConcatHelper')}
  0x00000239362a65cc: 49b8 d8a0 | 0490 3902 | 0000 48ba | 2001 0000 | 0000 0000 | 0f8c 0a00 | 0000 48ba | 1001 0000 
  0x00000239362a65ec: 0000 0000 | 498b 3c10 | 488d 7f01 | 4989 3c10 | 0f8c bd09 | 0000 89b4 | 2450 0100 

  0x00000239362a6608: ;   {oop(a 'jdk/internal/misc/Unsafe'{0x0000000682803ba8})}
  0x00000239362a6608: 0048 baa8 | 3b80 8206 | 0000 004c 

  0x00000239362a6614: ;   {metadata(method data for {method} {0x000002394f425160} 'newArray' '(J)[B' in 'java/lang/StringConcatHelper')}
  0x00000239362a6614: 8bc2 48bf | d8a0 0490 | 3902 0000 | 4883 8740 | 0100 0001 

  0x00000239362a6628: ;   {oop(a 'java/lang/Class'{0x0000000682804140} = byte)}
  0x00000239362a6628: 49b8 4041 | 8082 0600 | 0000 0f1f 

  0x00000239362a6634: ;   {optimized virtual_call}
  0x00000239362a6634: 4400 00e8 

  0x00000239362a6638: ; ImmutableOopMap {[312]=Oop }
                      ;*invokevirtual allocateUninitializedArray {reexecute=0 rethrow=0 return_oop=0}
                      ; - java.lang.StringConcatHelper::newArray@33 (line 511)
                      ; - java.lang.StringConcatHelper::newArrayWithSuffix@7 (line 489)
                      ; - java.lang.invoke.DirectMethodHandle$Holder::invokeStatic@13
                      ; - java.lang.invoke.LambdaForm$MH/0x0000023950010400::invoke@23
                      ; - java.lang.invoke.LambdaForm$MH/0x000002395078bc00::invoke@33
                      ; - java.lang.invoke.Invokers$Holder::linkToTargetMethod@5
                      ; - ui.views.waveform.executive.a::mDy@104 (line 513)
  0x00000239362a6638: 842b 6307 

  0x00000239362a663c: ;   {other}
  0x00000239362a663c: 0f1f 8400 | 2c0e 0004 | 4883 f800 

  0x00000239362a6648: ;   {metadata(method data for {method} {0x000002394f425160} 'newArray' '(J)[B' in 'java/lang/StringConcatHelper')}
  0x00000239362a6648: 7517 49b9 | d8a0 0490 | 3902 0000 | 4180 8971 | 0100 0001 | e9ce 0000 

  0x00000239362a6660: ;   {metadata({type array byte})}
  0x00000239362a6660: 0048 bfc0 | 2200 4f39 | 0200 0044 | 8b48 0849 | ba00 0000 | 4f39 0200 | 004d 03ca | 493b 7938 
  0x00000239362a6680: 0f85 8d00 

  0x00000239362a6684: ;   {metadata(method data for {method} {0x000002394f425160} 'newArray' '(J)[B' in 'java/lang/StringConcatHelper')}
  0x00000239362a6684: 0000 49b9 | d8a0 0490 | 3902 0000 | 8b78 0849 | ba00 0000 | 4f39 0200 | 0049 03fa | 493b b988 
  0x00000239362a66a4: 0100 0075 | 0d49 8381 | 9001 0000 | 01e9 7900 | 0000 493b | b998 0100 | 0075 0d49 | 8381 a001 
  0x00000239362a66c4: 0000 01e9 | 6300 0000 | 4983 b988 | 0100 0000 | 7517 4989 | b988 0100 | 0049 c781 | 9001 0000 
  0x00000239362a66e4: 0100 0000 | e942 0000 | 0049 83b9 | 9801 0000 | 0075 1749 | 89b9 9801 | 0000 49c7 | 81a0 0100 
  0x00000239362a6704: 0001 0000 | 00e9 2100 | 0000 e91c 

  0x00000239362a6710: ;   {metadata(method data for {method} {0x000002394f425160} 'newArray' '(J)[B' in 'java/lang/StringConcatHelper')}
  0x00000239362a6710: 0000 0049 | b9d8 a004 | 9039 0200 | 0049 83a9 | 7801 0000 | 01e9 4e0c | 0000 e900 | 0000 0048 
  0x00000239362a6730: 8bf0 4889 | b424 5801 | 0000 488b | 8424 4801 | 0000 49b8 | 0000 0000 | 0100 0000 

  0x00000239362a674c: ;   {metadata(method data for {method} {0x000002394f424818} 'newArrayWithSuffix' '(Ljava/lang/String;J)[B' in 'java/lang/StringConcatHelper')}
  0x00000239362a674c: 493b c049 | b800 332c | 9239 0200 | 0049 b958 | 0100 0000 | 0000 000f | 8d0a 0000 | 0049 b968 
  0x00000239362a676c: 0100 0000 | 0000 004b | 8b3c 0848 | 8d7f 014b | 893c 080f | 8d55 0000 

  0x00000239362a6784: ;   {oop(" ms"{0x0000000683b5c620})}
  0x00000239362a6784: 0048 ba20 | c6b5 8306 | 0000 004c 

  0x00000239362a6790: ;   {metadata(method data for {method} {0x000002394f424818} 'newArrayWithSuffix' '(Ljava/lang/String;J)[B' in 'java/lang/StringConcatHelper')}
  0x00000239362a6790: 8bc2 49b9 | 0033 2c92 | 3902 0000 | 4983 8178 | 0100 0001 | 4c8b c644 | 8b8c 2450 | 0100 00bf 
  0x00000239362a67b0: 0000 0000 

  0x00000239362a67b4: ;   {optimized virtual_call}
  0x00000239362a67b4: 6666 90e8 

  0x00000239362a67b8: ; ImmutableOopMap {[312]=Oop [344]=Oop }
                      ;*invokevirtual getBytes {reexecute=0 rethrow=0 return_oop=0}
                      ; - java.lang.StringConcatHelper::newArrayWithSuffix@24 (line 491)
                      ; - java.lang.invoke.DirectMethodHandle$Holder::invokeStatic@13
                      ; - java.lang.invoke.LambdaForm$MH/0x0000023950010400::invoke@23
                      ; - java.lang.invoke.LambdaForm$MH/0x000002395078bc00::invoke@33
                      ; - java.lang.invoke.Invokers$Holder::linkToTargetMethod@5
                      ; - ui.views.waveform.executive.a::mDy@104 (line 513)
  0x00000239362a67b8: 047d 7407 

  0x00000239362a67bc: ;   {other}
  0x00000239362a67bc: 0f1f 8400 | ac0f 0005 

  0x00000239362a67c4: ;   {metadata(method data for {method} {0x000002394f424818} 'newArrayWithSuffix' '(Ljava/lang/String;J)[B' in 'java/lang/StringConcatHelper')}
  0x00000239362a67c4: 49b8 0033 | 2c92 3902 | 0000 41ff | 80b0 0100 | 00e9 4a00 | 0000 8bb4 | 2450 0100 

  0x00000239362a67e0: ;   {oop(" ms"{0x0000000683b5c620})}
  0x00000239362a67e0: 0048 ba20 | c6b5 8306 | 0000 004c 

  0x00000239362a67ec: ;   {metadata(method data for {method} {0x000002394f424818} 'newArrayWithSuffix' '(Ljava/lang/String;J)[B' in 'java/lang/StringConcatHelper')}
  0x00000239362a67ec: 8bc2 49b9 | 0033 2c92 | 3902 0000 | 4983 81c8 | 0100 0001 | 4c8b 8424 | 5801 0000 | 4c8b cebf 
  0x00000239362a680c: 0100 0000 | 0f1f 8000 

  0x00000239362a6814: ;   {optimized virtual_call}
  0x00000239362a6814: 0000 00e8 

  0x00000239362a6818: ; ImmutableOopMap {[312]=Oop [344]=Oop }
                      ;*invokevirtual getBytes {reexecute=0 rethrow=0 return_oop=0}
                      ; - java.lang.StringConcatHelper::newArrayWithSuffix@35 (line 493)
                      ; - java.lang.invoke.DirectMethodHandle$Holder::invokeStatic@13
                      ; - java.lang.invoke.LambdaForm$MH/0x0000023950010400::invoke@23
                      ; - java.lang.invoke.LambdaForm$MH/0x000002395078bc00::invoke@33
                      ; - java.lang.invoke.Invokers$Holder::linkToTargetMethod@5
                      ; - ui.views.waveform.executive.a::mDy@104 (line 513)
  0x00000239362a6818: 6486 fe06 

  0x00000239362a681c: ;   {other}
  0x00000239362a681c: 0f1f 8400 | 0c10 0006 | 488b b424 | 5801 0000 

  0x00000239362a682c: ;   {metadata(method data for {method} {0x000002394f0b4390} 'invokeStatic' '(Ljava/lang/Object;Ljava/lang/Object;J)Ljava/lang/Object;' in 'java/lang/invoke/DirectMethodHandle$Holder')}
  0x00000239362a682c: 48ba 48f2 | a090 3902 | 0000 488d | 92a8 0100 | 004c 8bc6 | 4d85 c075 | 0448 830a 

  0x00000239362a6848: ;   {metadata(method data for {method} {0x0000023990470e90} 'invoke' '(Ljava/lang/Object;J)Ljava/lang/Object;' in 'java/lang/invoke/LambdaForm$MH+0x0000023950010400')}
  0x00000239362a6848: 0148 ba08 | 1147 9039 | 0200 0048 | 8d92 c801 | 0000 4c8b | c64d 85c0 | 7504 4883 

  0x00000239362a6864: ;   {metadata(method data for {method} {0x000002399304bb48} 'invoke' '(Ljava/lang/Object;J)Ljava/lang/Object;' in 'java/lang/invoke/LambdaForm$MH+0x000002395078bc00')}
  0x00000239362a6864: 0a01 48ba | 0040 2093 | 3902 0000 | 488d 9228 | 0200 004c | 8bc6 4d85 | c075 0448 

  0x00000239362a6880: ;   {metadata(method data for {method} {0x000002399304bb48} 'invoke' '(Ljava/lang/Object;J)Ljava/lang/Object;' in 'java/lang/invoke/LambdaForm$MH+0x000002395078bc00')}
  0x00000239362a6880: 830a 0148 | ba00 4020 | 9339 0200 | 0048 8d92 | a802 0000 | 4c8b c64d | 85c0 7505 | 4883 4a08 
  0x00000239362a68a0: ;   {metadata(method data for {method} {0x0000023993049a98} 'invoke' '(Ljava/lang/Object;JLjava/lang/Object;J)J' in 'java/lang/invoke/LambdaForm$MH+0x000002395078ac00')}
  0x00000239362a68a0: 0148 baf8 | 9c04 9339 | 0200 0048 | 8d92 6002 

  0x00000239362a68b0: ;   {oop(a 'java/lang/invoke/BoundMethodHandle$Species_LL'{0x0000000683b5c650})}
  0x00000239362a68b0: 0000 49b8 | 50c6 b583 | 0600 0000 | 4d85 c075 | 0448 830a | 014c 8bc6 | 4d85 c075 | 0548 834a 
  0x00000239362a68d0: ;   {metadata(method data for {method} {0x000002399304bb48} 'invoke' '(Ljava/lang/Object;J)Ljava/lang/Object;' in 'java/lang/invoke/LambdaForm$MH+0x000002395078bc00')}
  0x00000239362a68d0: 1001 48ba | 0040 2093 | 3902 0000 | 4883 8270 | 0200 0001 

  0x00000239362a68e4: ;   {metadata(method data for {method} {0x0000023993049a98} 'invoke' '(Ljava/lang/Object;JLjava/lang/Object;J)J' in 'java/lang/invoke/LambdaForm$MH+0x000002395078ac00')}
  0x00000239362a68e4: 48ba f89c | 0493 3902 | 0000 448b | 82cc 0000 | 0041 83c0 | 0244 8982 | cc00 0000 | 4181 e0fe 
  0x00000239362a6904: ff1f 0041 | 83f8 000f | 8470 0a00 

  0x00000239362a6910: ;   {metadata(method data for {method} {0x0000023993049a98} 'invoke' '(Ljava/lang/Object;JLjava/lang/Object;J)J' in 'java/lang/invoke/LambdaForm$MH+0x000002395078ac00')}
  0x00000239362a6910: 0048 baf8 | 9c04 9339 | 0200 0048 | 8d92 b801 | 0000 4c8b | c64d 85c0 | 7505 4883 

  0x00000239362a692c: ;   {metadata(method data for {method} {0x000002394f0b4ee8} 'invokeStatic' '(Ljava/lang/Object;JLjava/lang/Object;JLjava/lang/Object;)J' in 'java/lang/invoke/DirectMethodHandle$Holder')}
  0x00000239362a692c: 4a08 0148 | ba30 2e30 | 9339 0200 | 0048 8d92 | 3802 0000 

  0x00000239362a6940: ;   {oop(a 'java/lang/invoke/DirectMethodHandle'{0x0000000682ddb088})}
  0x00000239362a6940: 49b8 88b0 | dd82 0600 | 0000 4d8b | c84d 85c9 | 7504 4883 | 0a01 4c8b | ce4d 85c9 | 7505 4883 
  0x00000239362a6960: ;   {metadata(method data for {method} {0x0000023993049a98} 'invoke' '(Ljava/lang/Object;JLjava/lang/Object;J)J' in 'java/lang/invoke/LambdaForm$MH+0x000002395078ac00')}
  0x00000239362a6960: 4a10 0148 | baf8 9c04 | 9339 0200 | 0048 8382 | 8001 0000 

  0x00000239362a6974: ;   {metadata(method data for {method} {0x000002394f0b4ee8} 'invokeStatic' '(Ljava/lang/Object;JLjava/lang/Object;JLjava/lang/Object;)J' in 'java/lang/invoke/DirectMethodHandle$Holder')}
  0x00000239362a6974: 0148 ba30 | 2e30 9339 | 0200 0044 | 8b8a cc00 | 0000 4183 | c102 4489 | 8acc 0000 | 0041 81e1 
  0x00000239362a6994: feff 1f00 | 4183 f900 | 0f84 000a 

  0x00000239362a69a0: ;   {metadata(method data for {method} {0x000002394f0b4ee8} 'invokeStatic' '(Ljava/lang/Object;JLjava/lang/Object;JLjava/lang/Object;)J' in 'java/lang/invoke/DirectMethodHandle$Holder')}
  0x00000239362a69a0: 0000 48ba | 302e 3093 | 3902 0000 | 488d 9220 | 0100 004d | 85c0 7505 | 4883 4a08 

  0x00000239362a69bc: ;   {metadata(method data for {method} {0x000002394f0b4ee8} 'invokeStatic' '(Ljava/lang/Object;JLjava/lang/Object;JLjava/lang/Object;)J' in 'java/lang/invoke/DirectMethodHandle$Holder')}
  0x00000239362a69bc: 0148 ba30 | 2e30 9339 | 0200 0048 | 8382 1001 

  0x00000239362a69cc: ;   {metadata(method data for {method} {0x000002394f0a3038} 'internalMemberName' '(Ljava/lang/Object;)Ljava/lang/Object;' in 'java/lang/invoke/DirectMethodHandle')}
  0x00000239362a69cc: 0000 0148 | ba88 a723 | 9039 0200 | 0044 8b82 | cc00 0000 | 4183 c002 | 4489 82cc | 0000 0041 
  0x00000239362a69ec: 81e0 feff | 1f00 4183 | f800 0f84 | c709 0000 

  0x00000239362a69fc: ;   {metadata(method data for {method} {0x000002394f0b4ee8} 'invokeStatic' '(Ljava/lang/Object;JLjava/lang/Object;JLjava/lang/Object;)J' in 'java/lang/invoke/DirectMethodHandle$Holder')}
  0x00000239362a69fc: 48ba 302e | 3093 3902 | 0000 488d | 9230 0100 

  0x00000239362a6a0c: ;   {oop(a 'java/lang/invoke/MemberName'{0x0000000682ddb0b0} = {method} {0x000002394f424d98} 'prepend' '(J[BJLjava/lang/String;)J' in 'java/lang/StringConcatHelper')}
  0x00000239362a6a0c: 0048 bbb0 | b0dd 8206 | 0000 004c | 8bc3 4d85 | c075 0448 

  0x00000239362a6a20: ;   {metadata(method data for {method} {0x000002394f0b4ee8} 'invokeStatic' '(Ljava/lang/Object;JLjava/lang/Object;JLjava/lang/Object;)J' in 'java/lang/invoke/DirectMethodHandle$Holder')}
  0x00000239362a6a20: 830a 0148 | ba30 2e30 | 9339 0200 | 0048 8d92 | 8801 0000 | 4c8b c64d | 85c0 7505 | 4883 4a08 
  0x00000239362a6a40: ;   {metadata(method data for {method} {0x000002394f0b4ee8} 'invokeStatic' '(Ljava/lang/Object;JLjava/lang/Object;JLjava/lang/Object;)J' in 'java/lang/invoke/DirectMethodHandle$Holder')}
  0x00000239362a6a40: 0148 ba30 | 2e30 9339 | 0200 0048 | 8382 7801 

  0x00000239362a6a50: ;   {oop("WaveformExecutive.getGraphicsData: "{0x0000000683b5c5d0})}
  0x00000239362a6a50: 0000 0148 | bfd0 c5b5 | 8306 0000 | 0048 8b94 | 2448 0100 | 004c 8bc6 | 4c8b 8c24 | 4001 0000 
  0x00000239362a6a70: 488b f30f 

  0x00000239362a6a74: ;   {static_call}
  0x00000239362a6a74: 1f40 00e8 

  0x00000239362a6a78: ; ImmutableOopMap {[312]=Oop [344]=Oop }
                      ;*invokestatic linkToStatic {reexecute=0 rethrow=0 return_oop=0}
                      ; - java.lang.invoke.DirectMethodHandle$Holder::invokeStatic@17
                      ; - java.lang.invoke.LambdaForm$MH/0x000002395078ac00::invoke@28
                      ; - java.lang.invoke.LambdaForm$MH/0x000002395078bc00::invoke@54
                      ; - java.lang.invoke.Invokers$Holder::linkToTargetMethod@5
                      ; - ui.views.waveform.executive.a::mDy@104 (line 513)
  0x00000239362a6a78: 844d 6007 

  0x00000239362a6a7c: ;   {other}
  0x00000239362a6a7c: 0f1f 8400 | 6c12 0007 

  0x00000239362a6a84: ;   {metadata(method data for {method} {0x000002399304bb48} 'invoke' '(Ljava/lang/Object;J)Ljava/lang/Object;' in 'java/lang/invoke/LambdaForm$MH+0x000002395078bc00')}
  0x00000239362a6a84: 48ba 0040 | 2093 3902 | 0000 488d | 9230 0300 | 0048 8bb4 | 2458 0100 | 004c 8bc6 | 4d85 c075 
  0x00000239362a6aa4: 0548 834a 

  0x00000239362a6aa8: ;   {metadata(method data for {method} {0x000002394f0b4390} 'invokeStatic' '(Ljava/lang/Object;Ljava/lang/Object;J)Ljava/lang/Object;' in 'java/lang/invoke/DirectMethodHandle$Holder')}
  0x00000239362a6aa8: 0801 48ba | 48f2 a090 | 3902 0000 | 488d 9228 

  0x00000239362a6ab8: ;   {oop(a 'java/lang/invoke/DirectMethodHandle'{0x0000000680c33318})}
  0x00000239362a6ab8: 0200 0049 | b818 33c3 | 8006 0000 | 004d 8bc8 | 4d85 c975 | 0448 830a | 014c 8bce | 4d85 c975 
  0x00000239362a6ad8: 0548 834a 

  0x00000239362a6adc: ;   {metadata(method data for {method} {0x000002399304bb48} 'invoke' '(Ljava/lang/Object;J)Ljava/lang/Object;' in 'java/lang/invoke/LambdaForm$MH+0x000002395078bc00')}
  0x00000239362a6adc: 1001 48ba | 0040 2093 | 3902 0000 | 4883 82f8 | 0200 0001 

  0x00000239362a6af0: ;   {metadata(method data for {method} {0x000002394f0b4390} 'invokeStatic' '(Ljava/lang/Object;Ljava/lang/Object;J)Ljava/lang/Object;' in 'java/lang/invoke/DirectMethodHandle$Holder')}
  0x00000239362a6af0: 48ba 48f2 | a090 3902 | 0000 448b | 8acc 0000 | 0041 83c1 | 0244 898a | cc00 0000 | 4181 e1fe 
  0x00000239362a6b10: ff1f 0041 | 83f9 000f | 84c7 0800 

  0x00000239362a6b1c: ;   {metadata(method data for {method} {0x000002394f0b4390} 'invokeStatic' '(Ljava/lang/Object;Ljava/lang/Object;J)Ljava/lang/Object;' in 'java/lang/invoke/DirectMethodHandle$Holder')}
  0x00000239362a6b1c: 0048 ba48 | f2a0 9039 | 0200 0048 | 8d92 2001 | 0000 4d85 | c075 0548 | 834a 0801 

  0x00000239362a6b38: ;   {metadata(method data for {method} {0x000002394f0b4390} 'invokeStatic' '(Ljava/lang/Object;Ljava/lang/Object;J)Ljava/lang/Object;' in 'java/lang/invoke/DirectMethodHandle$Holder')}
  0x00000239362a6b38: 48ba 48f2 | a090 3902 | 0000 4883 | 8210 0100 

  0x00000239362a6b48: ;   {metadata(method data for {method} {0x000002394f0a3038} 'internalMemberName' '(Ljava/lang/Object;)Ljava/lang/Object;' in 'java/lang/invoke/DirectMethodHandle')}
  0x00000239362a6b48: 0001 48ba | 88a7 2390 | 3902 0000 | 448b 82cc | 0000 0041 | 83c0 0244 | 8982 cc00 | 0000 4181 
  0x00000239362a6b68: e0fe ff1f | 0041 83f8 | 000f 848e 

  0x00000239362a6b74: ;   {metadata(method data for {method} {0x000002394f0b4390} 'invokeStatic' '(Ljava/lang/Object;Ljava/lang/Object;J)Ljava/lang/Object;' in 'java/lang/invoke/DirectMethodHandle$Holder')}
  0x00000239362a6b74: 0800 0048 | ba48 f2a0 | 9039 0200 | 0048 8d92 | 3001 0000 

  0x00000239362a6b88: ;   {oop(a 'java/lang/invoke/MemberName'{0x0000000680c33340} = {method} {0x000002394f4250b0} 'newString' '([BJ)Ljava/lang/String;' in 'java/lang/StringConcatHelper')}
  0x00000239362a6b88: 49b9 4033 | c380 0600 | 0000 4d8b | c14d 85c0 | 7504 4883 

  0x00000239362a6b9c: ;   {metadata(method data for {method} {0x000002394f0b4390} 'invokeStatic' '(Ljava/lang/Object;Ljava/lang/Object;J)Ljava/lang/Object;' in 'java/lang/invoke/DirectMethodHandle$Holder')}
  0x00000239362a6b9c: 0a01 48ba | 48f2 a090 | 3902 0000 | 488d 9288 | 0100 004c | 8bc6 4d85 | c075 0548 | 834a 0801 
  0x00000239362a6bbc: 4d8b c14d | 85c0 7505 | 4883 4a18 

  0x00000239362a6bc8: ;   {metadata(method data for {method} {0x000002394f0b4390} 'invokeStatic' '(Ljava/lang/Object;Ljava/lang/Object;J)Ljava/lang/Object;' in 'java/lang/invoke/DirectMethodHandle$Holder')}
  0x00000239362a6bc8: 0148 ba48 | f2a0 9039 | 0200 0048 | 8382 7801 | 0000 0148 | 8bd6 4c8b | c066 0f1f 

  0x00000239362a6be4: ;   {static_call}
  0x00000239362a6be4: 4400 00e8 

  0x00000239362a6be8: ; ImmutableOopMap {[312]=Oop }
                      ;*invokestatic linkToStatic {reexecute=0 rethrow=0 return_oop=0}
                      ; - java.lang.invoke.DirectMethodHandle$Holder::invokeStatic@13
                      ; - java.lang.invoke.LambdaForm$MH/0x000002395078bc00::invoke@74
                      ; - java.lang.invoke.Invokers$Holder::linkToTargetMethod@5
                      ; - ui.views.waveform.executive.a::mDy@104 (line 513)
  0x00000239362a6be8: 947a 5507 

  0x00000239362a6bec: ;   {other}
  0x00000239362a6bec: 0f1f 8400 | dc13 0008 

  0x00000239362a6bf4: ;   {metadata(method data for {method} {0x000002394f0b4390} 'invokeStatic' '(Ljava/lang/Object;Ljava/lang/Object;J)Ljava/lang/Object;' in 'java/lang/invoke/DirectMethodHandle$Holder')}
  0x00000239362a6bf4: 48ba 48f2 | a090 3902 | 0000 488d | 92a8 0100 | 0048 8bf0 | 4885 f675 | 0448 830a 

  0x00000239362a6c10: ;   {metadata(method data for {method} {0x000002399304bb48} 'invoke' '(Ljava/lang/Object;J)Ljava/lang/Object;' in 'java/lang/invoke/LambdaForm$MH+0x000002395078bc00')}
  0x00000239362a6c10: 0148 ba00 | 4020 9339 | 0200 0048 | 8d92 4003 | 0000 488b | f048 85f6 | 7506 4883 | 0a01 eb26 
  0x00000239362a6c30: 8b76 0849 | ba00 0000 | 4f39 0200 | 0049 03f2 | 4833 3248 | f7c6 fcff | ffff 740a | 40f6 c602 
  0x00000239362a6c50: 7504 4883 

  0x00000239362a6c54: ;   {metadata(method data for {method} {0x000002394f0aff60} 'linkToTargetMethod' '(JLjava/lang/Object;)Ljava/lang/Object;' in 'java/lang/invoke/Invokers$Holder')}
  0x00000239362a6c54: 0a02 48ba | c826 3093 | 3902 0000 | 488d 9280 | 0100 0048 | 8bf0 4885 | f675 0448 | 830a 01e9 
  0x00000239362a6c74: 3802 0000 | 498b 8700 | 0500 004d | 33d2 4d89 | 9700 0500 | 004d 33d2 | 4d89 9708 | 0500 0048 
  0x00000239362a6c94: ;   {metadata(method data for {method} {0x0000023992058f38} 'mDy' '()Ljava/io/ByteArrayInputStream;' in 'ui/views/waveform/executive/a')}
  0x00000239362a6c94: 8bd0 48be | a8b8 e6b6 | 3902 0000 | 8b52 0849 | ba00 0000 | 4f39 0200 | 0049 03d2 | 483b 9678 
  0x00000239362a6cb4: 0100 0075 | 0d48 8386 | 8001 0000 | 01e9 6000 | 0000 483b | 9688 0100 | 0075 0d48 | 8386 9001 
  0x00000239362a6cd4: 0000 01e9 | 4a00 0000 | 4883 be78 | 0100 0000 | 7517 4889 | 9678 0100 | 0048 c786 | 8001 0000 
  0x00000239362a6cf4: 0100 0000 | e929 0000 | 0048 83be | 8801 0000 | 0075 1748 | 8996 8801 | 0000 48c7 | 8690 0100 
  0x00000239362a6d14: 0001 0000 | 00e9 0800 | 0000 4883 | 8668 0100 | 0001 488b | d048 8984 | 2460 0100 | 000f 1f40 
  0x00000239362a6d34: 0048 b8ff | ffff ffff 

  0x00000239362a6d3c: ;   {virtual_call}
  0x00000239362a6d3c: ffff ffe8 

  0x00000239362a6d40: ; ImmutableOopMap {[352]=Oop }
                      ;*invokevirtual toString {reexecute=0 rethrow=0 return_oop=0}
                      ; - ui.views.waveform.executive.a::mDy@28 (line 498)
  0x00000239362a6d40: 3c86 fe06 

  0x00000239362a6d44: ;   {other}
  0x00000239362a6d44: 0f1f 8400 | 3415 0009 

  0x00000239362a6d4c: ; implicit exception: dispatches to 0x00000239362a7426
  0x00000239362a6d4c: 483b 004c 

  0x00000239362a6d50: ;   {metadata(method data for {method} {0x0000023992058f38} 'mDy' '()Ljava/io/ByteArrayInputStream;' in 'ui/views/waveform/executive/a')}
  0x00000239362a6d50: 8bc0 48ba | a8b8 e6b6 | 3902 0000 | 4883 82a0 | 0100 0001 

  0x00000239362a6d64: ;   {metadata(method data for {method} {0x000002394f457ed0} 'contains' '(Ljava/lang/CharSequence;)Z' in 'java/lang/String')}
  0x00000239362a6d64: 49b8 58b4 | 5f90 3902 | 0000 418b | 90cc 0000 | 0083 c202 | 4189 90cc | 0000 0081 | e2fe ff1f 
  0x00000239362a6d84: 0083 fa00 | 0f84 9d06 

  0x00000239362a6d8c: ;   {oop("Unknown exception occurred"{0x000000068366b900})}
  0x00000239362a6d8c: 0000 49b8 | 00b9 6683 | 0600 0000 

  0x00000239362a6d98: ;   {metadata(method data for {method} {0x000002394f457ed0} 'contains' '(Ljava/lang/CharSequence;)Z' in 'java/lang/String')}
  0x00000239362a6d98: 498b d048 | be58 b45f | 9039 0200 | 0048 8386 | 2801 0000 

  0x00000239362a6dac: ;   {metadata(method data for {method} {0x000002394f00ebd0} 'toString' '()Ljava/lang/String;' in 'java/lang/String')}
  0x00000239362a6dac: 0148 ba48 | f122 9039 | 0200 008b | b2cc 0000 | 0083 c602 | 89b2 cc00 | 0000 81e6 | feff 1f00 
  0x00000239362a6dcc: 83fe 000f | 8477 0600 | 0048 8bd0 

  0x00000239362a6dd8: ;   {metadata(method data for {method} {0x000002394f457ed0} 'contains' '(Ljava/lang/CharSequence;)Z' in 'java/lang/String')}
  0x00000239362a6dd8: 48be 58b4 | 5f90 3902 | 0000 4883 | 8648 0100 | 0001 488b 

  0x00000239362a6dec: ;   {optimized virtual_call}
  0x00000239362a6dec: d066 90e8 

  0x00000239362a6df0: ; ImmutableOopMap {[352]=Oop }
                      ;*invokevirtual indexOf {reexecute=0 rethrow=0 return_oop=0}
                      ; - java.lang.String::contains@7 (line 2977)
                      ; - ui.views.waveform.executive.a::mDy@33 (line 498)
  0x00000239362a6df0: 8c80 fe06 

  0x00000239362a6df4: ;   {other}
  0x00000239362a6df4: 0f1f 8400 | e415 000a 

  0x00000239362a6dfc: ;   {metadata(method data for {method} {0x000002394f457ed0} 'contains' '(Ljava/lang/CharSequence;)Z' in 'java/lang/String')}
  0x00000239362a6dfc: 83f8 0048 | b858 b45f | 9039 0200 | 0048 ba80 | 0100 0000 | 0000 000f | 8c0a 0000 | 0048 ba90 
  0x00000239362a6e1c: 0100 0000 | 0000 0048 | 8b34 1048 | 8d76 0148 | 8934 100f | 8c1a 0000 

  0x00000239362a6e34: ;   {metadata(method data for {method} {0x000002394f457ed0} 'contains' '(Ljava/lang/CharSequence;)Z' in 'java/lang/String')}
  0x00000239362a6e34: 0048 b858 | b45f 9039 | 0200 00ff | 80a0 0100 | 00b8 0100 | 0000 e905 | 0000 00b8 | 0000 0000 
  0x00000239362a6e54: 83e0 0183 

  0x00000239362a6e58: ;   {metadata(method data for {method} {0x0000023992058f38} 'mDy' '()Ljava/io/ByteArrayInputStream;' in 'ui/views/waveform/executive/a')}
  0x00000239362a6e58: f800 48b8 | a8b8 e6b6 | 3902 0000 | 48ba d801 | 0000 0000 | 0000 0f84 | 0a00 0000 | 48ba e801 
  0x00000239362a6e78: 0000 0000 | 0000 488b | 3410 488d | 7601 4889 | 3410 0f84 | 2201 0000 

  0x00000239362a6e90: ;   {oop(nullptr)}
  0x00000239362a6e90: 48b8 0000 | 0000 0000 | 0000 4881 | c480 0100 

  0x00000239362a6ea0: ;   {poll_return}
  0x00000239362a6ea0: 005d 493b | a750 0400 | 000f 87be | 0500 00c3 

  0x00000239362a6eb0: ;   {metadata(method data for {method} {0x0000023992058f38} 'mDy' '()Ljava/io/ByteArrayInputStream;' in 'ui/views/waveform/executive/a')}
  0x00000239362a6eb0: 48ba a8b8 | e6b6 3902 | 0000 488d | 9298 0200 | 0048 8bf0 | 4885 f675 | 0448 830a 

  0x00000239362a6ecc: ;   {metadata(method data for {method} {0x0000023992058f38} 'mDy' '()Ljava/io/ByteArrayInputStream;' in 'ui/views/waveform/executive/a')}
  0x00000239362a6ecc: 0148 baa8 | b8e6 b639 | 0200 0048 | 8382 a802 | 0000 0148 | 8bd0 0f1f 

  0x00000239362a6ee4: ;   {static_call}
  0x00000239362a6ee4: 4400 00e8 

  0x00000239362a6ee8: ; ImmutableOopMap {[312]=Oop }
                      ;*invokestatic debug {reexecute=0 rethrow=0 return_oop=0}
                      ; - ui.views.waveform.executive.a::mDy@109 (line 513)
  0x00000239362a6ee8: 3415 f708 

  0x00000239362a6eec: ;   {other}
  0x00000239362a6eec: 0f1f 8400 | dc16 000b 

  0x00000239362a6ef4: ;   {metadata(method data for {method} {0x0000023992058f38} 'mDy' '()Ljava/io/ByteArrayInputStream;' in 'ui/views/waveform/executive/a')}
  0x00000239362a6ef4: 48ba a8b8 | e6b6 3902 | 0000 4883 | 82b8 0200 

  0x00000239362a6f04: ;   {metadata(method data for {method} {0x00000239b6660f50} 'cM' '([B)Ljava/io/ByteArrayInputStream;' in 'ui/views/waveform/h/c')}
  0x00000239362a6f04: 0001 48ba | 888d cab6 | 3902 0000 | 8bb2 cc00 | 0000 83c6 | 0289 b2cc | 0000 0081 | e6fe ff1f 
  0x00000239362a6f24: 0083 fe00 | 0f84 5505 

  0x00000239362a6f2c: ;   {metadata(method data for {method} {0x00000239b6660f50} 'cM' '([B)Ljava/io/ByteArrayInputStream;' in 'ui/views/waveform/h/c')}
  0x00000239362a6f2c: 0000 48ba | 888d cab6 | 3902 0000 | 4883 8210 | 0100 0001 | 488b 9424 | 3801 0000 | 0f1f 8000 
  0x00000239362a6f4c: ;   {static_call}
  0x00000239362a6f4c: 0000 00e8 

  0x00000239362a6f50: ; ImmutableOopMap {}
                      ;*invokestatic e {reexecute=0 rethrow=0 return_oop=0}
                      ; - ui.views.waveform.h.c::cM@1 (line 261)
                      ; - ui.views.waveform.executive.a::mDy@114 (line 515)
  0x00000239362a6f50: ec84 e000 

  0x00000239362a6f54: ;   {other}
  0x00000239362a6f54: 0f1f 8400 | 4417 000c | 4881 c480 | 0100 005d 

  0x00000239362a6f64: ;   {poll_return}
  0x00000239362a6f64: 493b a750 | 0400 000f | 8733 0500 

  0x00000239362a6f70: ;   {oop(nullptr)}
  0x00000239362a6f70: 00c3 48b8 | 0000 0000 | 0000 0000 | 4881 c480 | 0100 005d 

  0x00000239362a6f84: ;   {poll_return}
  0x00000239362a6f84: 493b a750 | 0400 000f | 8729 0500 

  0x00000239362a6f90: ;   {oop(nullptr)}
  0x00000239362a6f90: 00c3 48b8 | 0000 0000 | 0000 0000 | 4881 c480 | 0100 005d 

  0x00000239362a6fa4: ;   {poll_return}
  0x00000239362a6fa4: 493b a750 | 0400 000f | 871f 0500 | 00c3 488b | 8424 6001 | 0000 e95e 

  0x00000239362a6fbc: ;   {metadata('java/lang/OutOfMemoryError')}
  0x00000239362a6fbc: 0500 0048 | ba48 3402 | 4f39 0200 | 0049 8b87 | b801 0000 | 488d 7828 | 493b bfc8 | 0100 000f 
  0x00000239362a6fdc: 8705 0500 | 0049 89bf | b801 0000 | 48c7 0001 | 0000 0048 | 8bca 49ba | 0000 004f | 3902 0000 
  0x00000239362a6ffc: 492b ca89 | 4808 4833 | c989 480c | 4833 c948 | 8948 1048 | 8948 1848 | 8948 204c 

  0x00000239362a7018: ;   {metadata(method data for {method} {0x000002394f425160} 'newArray' '(J)[B' in 'java/lang/StringConcatHelper')}
  0x00000239362a7018: 8bc0 48ba | d8a0 0490 | 3902 0000 | 4883 8230 | 0100 0001 

  0x00000239362a702c: ;   {oop("Overflow: String length out of range"{0x00000006806f5230})}
  0x00000239362a702c: 49b8 3052 | 6f80 0600 | 0000 488b | d048 8984 | 2468 0100 | 0066 0f1f 

  0x00000239362a7044: ;   {optimized virtual_call}
  0x00000239362a7044: 4400 00e8 

  0x00000239362a7048: ; ImmutableOopMap {[312]=Oop [360]=Oop }
                      ;*invokespecial <init> {reexecute=0 rethrow=0 return_oop=0}
                      ; - java.lang.StringConcatHelper::newArray@22 (line 509)
                      ; - java.lang.StringConcatHelper::newArrayWithSuffix@7 (line 489)
                      ; - java.lang.invoke.DirectMethodHandle$Holder::invokeStatic@13
                      ; - java.lang.invoke.LambdaForm$MH/0x0000023950010400::invoke@23
                      ; - java.lang.invoke.LambdaForm$MH/0x000002395078bc00::invoke@33
                      ; - java.lang.invoke.Invokers$Holder::linkToTargetMethod@5
                      ; - ui.views.waveform.executive.a::mDy@104 (line 513)
  0x00000239362a7048: 347e fe06 

  0x00000239362a704c: ;   {other}
  0x00000239362a704c: 0f1f 8400 | 3c18 000d | 488b 8424 | 6801 0000 | e9bc 0400 

  0x00000239362a7060: ;   {metadata('java/lang/OutOfMemoryError')}
  0x00000239362a7060: 0048 ba48 | 3402 4f39 | 0200 0049 | 8b87 b801 | 0000 488d | 7828 493b | bfc8 0100 | 000f 8770 
  0x00000239362a7080: 0400 0049 | 89bf b801 | 0000 48c7 | 0001 0000 | 0048 8bca | 49ba 0000 | 004f 3902 | 0000 492b 
  0x00000239362a70a0: ca89 4808 | 4833 c989 | 480c 4833 | c948 8948 | 1048 8948 | 1848 8948 | 204c 8bc0 

  0x00000239362a70bc: ;   {metadata(method data for {method} {0x000002394f424920} 'checkOverflow' '(J)J' in 'java/lang/StringConcatHelper')}
  0x00000239362a70bc: 48ba 38f3 | 2290 3902 | 0000 4883 | 8230 0100 

  0x00000239362a70cc: ;   {oop("Overflow: String length out of range"{0x00000006806f5230})}
  0x00000239362a70cc: 0001 49b8 | 3052 6f80 | 0600 0000 | 488b d048 | 8984 2470 | 0100 000f 

  0x00000239362a70e4: ;   {optimized virtual_call}
  0x00000239362a70e4: 1f40 00e8 

  0x00000239362a70e8: ; ImmutableOopMap {[312]=Oop [368]=Oop }
                      ;*invokespecial <init> {reexecute=0 rethrow=0 return_oop=0}
                      ; - java.lang.StringConcatHelper::checkOverflow@13 (line 68)
                      ; - java.lang.StringConcatHelper::mix@7 (line 112)
                      ; - java.lang.invoke.DirectMethodHandle$Holder::invokeStatic@13
                      ; - java.lang.invoke.LambdaForm$MH/0x000002395078b800::invoke@23
                      ; - java.lang.invoke.LambdaForm$MH/0x000002395078bc00::invoke@15
                      ; - java.lang.invoke.Invokers$Holder::linkToTargetMethod@5
                      ; - ui.views.waveform.executive.a::mDy@104 (line 513)
  0x00000239362a70e8: 947d fe06 

  0x00000239362a70ec: ;   {other}
  0x00000239362a70ec: 0f1f 8400 | dc18 000e | 488b 8424 | 7001 0000 | e91c 0400 

  0x00000239362a7100: ;   {metadata({method} {0x0000023992058f38} 'mDy' '()Ljava/io/ByteArrayInputStream;' in 'ui/views/waveform/executive/a')}
  0x00000239362a7100: 0049 ba30 | 8f05 9239 | 0200 004c | 8954 2408 | 48c7 0424 | ffff ffff 

  0x00000239362a7118: ;   {runtime_call counter_overflow Runtime1 stub}
  0x00000239362a7118: e8e3 750c 

  0x00000239362a711c: ; ImmutableOopMap {rdx=Oop [296]=Oop }
                      ;*synchronization entry
                      ; - ui.views.waveform.executive.a::mDy@-1 (line 489)
  0x00000239362a711c: 07e9 8deb 

  0x00000239362a7120: ;   {metadata({method} {0x00000239906931b8} 'gnK' '()J' in 'ui/utils/s/d')}
  0x00000239362a7120: ffff 49ba | b031 6990 | 3902 0000 | 4c89 5424 | 0848 c704 | 24ff ffff 

  0x00000239362a7138: ;   {runtime_call counter_overflow Runtime1 stub}
  0x00000239362a7138: ffe8 c275 

  0x00000239362a713c: ; ImmutableOopMap {[296]=Oop }
                      ;*synchronization entry
                      ; - ui.utils.s.d::gnK@-1 (line 380)
                      ; - ui.views.waveform.executive.a::mDy@0 (line 489)
  0x00000239362a713c: 0c07 e9a6 

  0x00000239362a7140: ;   {runtime_call new_type_array Runtime1 stub}
  0x00000239362a7140: ebff ffe8 

  0x00000239362a7144: ; ImmutableOopMap {r11=Oop [296]=Oop }
                      ;*newarray {reexecute=0 rethrow=0 return_oop=0}
                      ; - ui.views.waveform.executive.a::mDy@47 (line 504)
  0x00000239362a7144: 3826 0c07 | e9e8 ecff 

  0x00000239362a714c: ;   {runtime_call throw_null_pointer_exception Runtime1 stub}
  0x00000239362a714c: ffe8 4e13 

  0x00000239362a7150: ; ImmutableOopMap {rdx=Oop rax=Oop r8=Oop [296]=Oop [312]=Oop }
                      ;*arraylength {reexecute=0 rethrow=0 return_oop=0}
                      ; - ui.views.waveform.executive.a::mDy@75 (line 507)
  0x00000239362a7150: 0c07 8b7a | 2048 c1e7 | 0348 83ff | 000f 8410 | eeff ff48 

  0x00000239362a7164: ;   {runtime_call g1_pre_barrier_slow}
  0x00000239362a7164: 893c 24e8 | 947c 0c07 | e902 eeff | ff48 83f8 | 000f 8417 | eeff ff48 

  0x00000239362a717c: ;   {runtime_call g1_post_barrier_slow}
  0x00000239362a717c: 8914 24e8 | fc7f 0c07 | e909 eeff 

  0x00000239362a7188: ;   {metadata({method} {0x00000239906931b8} 'gnK' '()J' in 'ui/utils/s/d')}
  0x00000239362a7188: ff49 bab0 | 3169 9039 | 0200 004c | 8954 2408 | 48c7 0424 | ffff ffff 

  0x00000239362a71a0: ;   {runtime_call counter_overflow Runtime1 stub}
  0x00000239362a71a0: e85b 750c 

  0x00000239362a71a4: ; ImmutableOopMap {rax=Oop [312]=Oop }
                      ;*synchronization entry
                      ; - ui.utils.s.d::gnK@-1 (line 380)
                      ; - ui.views.waveform.executive.a::mDy@99 (line 513)
  0x00000239362a71a4: 07e9 22ee 

  0x00000239362a71a8: ;   {metadata({method} {0x000002394f0aff60} 'linkToTargetMethod' '(JLjava/lang/Object;)Ljava/lang/Object;' in 'java/lang/invoke/Invokers$Holder')}
  0x00000239362a71a8: ffff 49ba | 58ff 0a4f | 3902 0000 | 4c89 5424 | 0848 c704 | 24ff ffff 

  0x00000239362a71c0: ;   {runtime_call counter_overflow Runtime1 stub}
  0x00000239362a71c0: ffe8 3a75 

  0x00000239362a71c4: ; ImmutableOopMap {rsi=Oop [312]=Oop }
                      ;*synchronization entry
                      ; - java.lang.invoke.Invokers$Holder::linkToTargetMethod@-1
                      ; - ui.views.waveform.executive.a::mDy@104 (line 513)
  0x00000239362a71c4: 0c07 e99b 

  0x00000239362a71c8: ;   {metadata({method} {0x000002399304bb48} 'invoke' '(Ljava/lang/Object;J)Ljava/lang/Object;' in 'java/lang/invoke/LambdaForm$MH+0x000002395078bc00')}
  0x00000239362a71c8: eeff ff49 | ba40 bb04 | 9339 0200 | 004c 8954 | 2408 48c7 | 0424 ffff 

  0x00000239362a71e0: ;   {runtime_call counter_overflow Runtime1 stub}
  0x00000239362a71e0: ffff e819 

  0x00000239362a71e4: ; ImmutableOopMap {[312]=Oop }
                      ;*synchronization entry
                      ; - java.lang.invoke.LambdaForm$MH/0x000002395078bc00::invoke@-1
                      ; - java.lang.invoke.Invokers$Holder::linkToTargetMethod@5
                      ; - ui.views.waveform.executive.a::mDy@104 (line 513)
  0x00000239362a71e4: 750c 07e9 | ceee ffff 

  0x00000239362a71ec: ;   {metadata({method} {0x000002399304b2a0} 'invoke' '(Ljava/lang/Object;J)J' in 'java/lang/invoke/LambdaForm$MH+0x000002395078b800')}
  0x00000239362a71ec: 49ba 98b2 | 0493 3902 | 0000 4c89 | 5424 0848 | c704 24ff 

  0x00000239362a7200: ;   {runtime_call counter_overflow Runtime1 stub}
  0x00000239362a7200: ffff ffe8 

  0x00000239362a7204: ; ImmutableOopMap {[312]=Oop }
                      ;*synchronization entry
                      ; - java.lang.invoke.LambdaForm$MH/0x000002395078b800::invoke@-1
                      ; - java.lang.invoke.LambdaForm$MH/0x000002395078bc00::invoke@15
                      ; - java.lang.invoke.Invokers$Holder::linkToTargetMethod@5
                      ; - ui.views.waveform.executive.a::mDy@104 (line 513)
  0x00000239362a7204: f874 0c07 | e90b efff 

  0x00000239362a720c: ;   {metadata({method} {0x000002394f0b4ff0} 'invokeStatic' '(Ljava/lang/Object;JJ)J' in 'java/lang/invoke/DirectMethodHandle$Holder')}
  0x00000239362a720c: ff49 bae8 | 4f0b 4f39 | 0200 004c | 8954 2408 | 48c7 0424 | ffff ffff 

  0x00000239362a7224: ;   {runtime_call counter_overflow Runtime1 stub}
  0x00000239362a7224: e8d7 740c 

  0x00000239362a7228: ; ImmutableOopMap {rsi=Oop [312]=Oop }
                      ;*synchronization entry
                      ; - java.lang.invoke.DirectMethodHandle$Holder::invokeStatic@-1
                      ; - java.lang.invoke.LambdaForm$MH/0x000002395078b800::invoke@23
                      ; - java.lang.invoke.LambdaForm$MH/0x000002395078bc00::invoke@15
                      ; - java.lang.invoke.Invokers$Holder::linkToTargetMethod@5
                      ; - ui.views.waveform.executive.a::mDy@104 (line 513)
  0x00000239362a7228: 07e9 4bef 

  0x00000239362a722c: ;   {metadata({method} {0x000002394f0a3038} 'internalMemberName' '(Ljava/lang/Object;)Ljava/lang/Object;' in 'java/lang/invoke/DirectMethodHandle')}
  0x00000239362a722c: ffff 49ba | 3030 0a4f | 3902 0000 | 4c89 5424 | 0848 c704 | 24ff ffff 

  0x00000239362a7244: ;   {runtime_call counter_overflow Runtime1 stub}
  0x00000239362a7244: ffe8 b674 

  0x00000239362a7248: ; ImmutableOopMap {[312]=Oop }
                      ;*synchronization entry
                      ; - java.lang.invoke.DirectMethodHandle::internalMemberName@-1 (line 327)
                      ; - java.lang.invoke.DirectMethodHandle$Holder::invokeStatic@1
                      ; - java.lang.invoke.LambdaForm$MH/0x000002395078b800::invoke@23
                      ; - java.lang.invoke.LambdaForm$MH/0x000002395078bc00::invoke@15
                      ; - java.lang.invoke.Invokers$Holder::linkToTargetMethod@5
                      ; - ui.views.waveform.executive.a::mDy@104 (line 513)
  0x00000239362a7248: 0c07 e97f 

  0x00000239362a724c: ;   {metadata({method} {0x000002394f424ef8} 'mix' '(JJ)J' in 'java/lang/StringConcatHelper')}
  0x00000239362a724c: efff ff49 | baf0 4e42 | 4f39 0200 | 004c 8954 | 2408 48c7 | 0424 ffff 

  0x00000239362a7264: ;   {runtime_call counter_overflow Runtime1 stub}
  0x00000239362a7264: ffff e895 

  0x00000239362a7268: ; ImmutableOopMap {[312]=Oop }
                      ;*synchronization entry
                      ; - java.lang.StringConcatHelper::mix@-1 (line 112)
                      ; - java.lang.invoke.DirectMethodHandle$Holder::invokeStatic@13
                      ; - java.lang.invoke.LambdaForm$MH/0x000002395078b800::invoke@23
                      ; - java.lang.invoke.LambdaForm$MH/0x000002395078bc00::invoke@15
                      ; - java.lang.invoke.Invokers$Holder::linkToTargetMethod@5
                      ; - ui.views.waveform.executive.a::mDy@104 (line 513)
  0x00000239362a7268: 740c 07e9 | bcef ffff 

  0x00000239362a7270: ;   {metadata({method} {0x000002394f424920} 'checkOverflow' '(J)J' in 'java/lang/StringConcatHelper')}
  0x00000239362a7270: 49ba 1849 | 424f 3902 | 0000 4c89 | 5424 0848 | c704 24ff 

  0x00000239362a7284: ;   {runtime_call counter_overflow Runtime1 stub}
  0x00000239362a7284: ffff ffe8 

  0x00000239362a7288: ; ImmutableOopMap {[312]=Oop }
                      ;*synchronization entry
                      ; - java.lang.StringConcatHelper::checkOverflow@-1 (line 65)
                      ; - java.lang.StringConcatHelper::mix@7 (line 112)
                      ; - java.lang.invoke.DirectMethodHandle$Holder::invokeStatic@13
                      ; - java.lang.invoke.LambdaForm$MH/0x000002395078b800::invoke@23
                      ; - java.lang.invoke.LambdaForm$MH/0x000002395078bc00::invoke@15
                      ; - java.lang.invoke.Invokers$Holder::linkToTargetMethod@5
                      ; - ui.views.waveform.executive.a::mDy@104 (line 513)
  0x00000239362a7288: 7474 0c07 | e91a f0ff 

  0x00000239362a7290: ;   {metadata({method} {0x0000023990470e90} 'invoke' '(Ljava/lang/Object;J)Ljava/lang/Object;' in 'java/lang/invoke/LambdaForm$MH+0x0000023950010400')}
  0x00000239362a7290: ff49 ba88 | 0e47 9039 | 0200 004c | 8954 2408 | 48c7 0424 | ffff ffff 

  0x00000239362a72a8: ;   {runtime_call counter_overflow Runtime1 stub}
  0x00000239362a72a8: e853 740c 

  0x00000239362a72ac: ; ImmutableOopMap {[312]=Oop }
                      ;*synchronization entry
                      ; - java.lang.invoke.LambdaForm$MH/0x0000023950010400::invoke@-1
                      ; - java.lang.invoke.LambdaForm$MH/0x000002395078bc00::invoke@33
                      ; - java.lang.invoke.Invokers$Holder::linkToTargetMethod@5
                      ; - ui.views.waveform.executive.a::mDy@104 (line 513)
  0x00000239362a72ac: 07e9 97f0 

  0x00000239362a72b0: ;   {metadata({method} {0x000002394f0b4390} 'invokeStatic' '(Ljava/lang/Object;Ljava/lang/Object;J)Ljava/lang/Object;' in 'java/lang/invoke/DirectMethodHandle$Holder')}
  0x00000239362a72b0: ffff 49ba | 8843 0b4f | 3902 0000 | 4c89 5424 | 0848 c704 | 24ff ffff 

  0x00000239362a72c8: ;   {runtime_call counter_overflow Runtime1 stub}
  0x00000239362a72c8: ffe8 3274 

  0x00000239362a72cc: ; ImmutableOopMap {r8=Oop r9=Oop [312]=Oop }
                      ;*synchronization entry
                      ; - java.lang.invoke.DirectMethodHandle$Holder::invokeStatic@-1
                      ; - java.lang.invoke.LambdaForm$MH/0x0000023950010400::invoke@23
                      ; - java.lang.invoke.LambdaForm$MH/0x000002395078bc00::invoke@33
                      ; - java.lang.invoke.Invokers$Holder::linkToTargetMethod@5
                      ; - ui.views.waveform.executive.a::mDy@104 (line 513)
  0x00000239362a72cc: 0c07 e90c 

  0x00000239362a72d0: ;   {metadata({method} {0x000002394f0a3038} 'internalMemberName' '(Ljava/lang/Object;)Ljava/lang/Object;' in 'java/lang/invoke/DirectMethodHandle')}
  0x00000239362a72d0: f1ff ff49 | ba30 300a | 4f39 0200 | 004c 8954 | 2408 48c7 | 0424 ffff 

  0x00000239362a72e8: ;   {runtime_call counter_overflow Runtime1 stub}
  0x00000239362a72e8: ffff e811 

  0x00000239362a72ec: ; ImmutableOopMap {r8=Oop [312]=Oop }
                      ;*synchronization entry
                      ; - java.lang.invoke.DirectMethodHandle::internalMemberName@-1 (line 327)
                      ; - java.lang.invoke.DirectMethodHandle$Holder::invokeStatic@1
                      ; - java.lang.invoke.LambdaForm$MH/0x0000023950010400::invoke@23
                      ; - java.lang.invoke.LambdaForm$MH/0x000002395078bc00::invoke@33
                      ; - java.lang.invoke.Invokers$Holder::linkToTargetMethod@5
                      ; - ui.views.waveform.executive.a::mDy@104 (line 513)
  0x00000239362a72ec: 740c 07e9 | 45f1 ffff 

  0x00000239362a72f4: ;   {metadata({method} {0x000002394f424818} 'newArrayWithSuffix' '(Ljava/lang/String;J)[B' in 'java/lang/StringConcatHelper')}
  0x00000239362a72f4: 49ba 1048 | 424f 3902 | 0000 4c89 | 5424 0848 | c704 24ff 

  0x00000239362a7308: ;   {runtime_call counter_overflow Runtime1 stub}
  0x00000239362a7308: ffff ffe8 

  0x00000239362a730c: ; ImmutableOopMap {r8=Oop [312]=Oop }
                      ;*synchronization entry
                      ; - java.lang.StringConcatHelper::newArrayWithSuffix@-1 (line 489)
                      ; - java.lang.invoke.DirectMethodHandle$Holder::invokeStatic@13
                      ; - java.lang.invoke.LambdaForm$MH/0x0000023950010400::invoke@23
                      ; - java.lang.invoke.LambdaForm$MH/0x000002395078bc00::invoke@33
                      ; - java.lang.invoke.Invokers$Holder::linkToTargetMethod@5
                      ; - ui.views.waveform.executive.a::mDy@104 (line 513)
  0x00000239362a730c: f073 0c07 | e9a5 f1ff 

  0x00000239362a7314: ;   {metadata({method} {0x000002394f00eee0} 'length' '()I' in 'java/lang/String')}
  0x00000239362a7314: ff49 bad8 | ee00 4f39 | 0200 004c | 8954 2408 | 48c7 0424 | ffff ffff 

  0x00000239362a732c: ;   {runtime_call counter_overflow Runtime1 stub}
  0x00000239362a732c: e8cf 730c 

  0x00000239362a7330: ; ImmutableOopMap {r8=Oop [312]=Oop }
                      ;*synchronization entry
                      ; - java.lang.String::length@-1 (line 1519)
                      ; - java.lang.StringConcatHelper::newArrayWithSuffix@2 (line 489)
                      ; - java.lang.invoke.DirectMethodHandle$Holder::invokeStatic@13
                      ; - java.lang.invoke.LambdaForm$MH/0x0000023950010400::invoke@23
                      ; - java.lang.invoke.LambdaForm$MH/0x000002395078bc00::invoke@33
                      ; - java.lang.invoke.Invokers$Holder::linkToTargetMethod@5
                      ; - ui.views.waveform.executive.a::mDy@104 (line 513)
  0x00000239362a7330: 07e9 c6f1 

  0x00000239362a7334: ;   {metadata({method} {0x000002394f45a188} 'coder' '()B' in 'java/lang/String')}
  0x00000239362a7334: ffff 49ba | 80a1 454f | 3902 0000 | 4c89 5424 | 0848 c704 | 24ff ffff 

  0x00000239362a734c: ;   {runtime_call counter_overflow Runtime1 stub}
  0x00000239362a734c: ffe8 ae73 

  0x00000239362a7350: ; ImmutableOopMap {[312]=Oop }
                      ;*synchronization entry
                      ; - java.lang.String::coder@-1 (line 4809)
                      ; - java.lang.String::length@6 (line 1519)
                      ; - java.lang.StringConcatHelper::newArrayWithSuffix@2 (line 489)
                      ; - java.lang.invoke.DirectMethodHandle$Holder::invokeStatic@13
                      ; - java.lang.invoke.LambdaForm$MH/0x0000023950010400::invoke@23
                      ; - java.lang.invoke.LambdaForm$MH/0x000002395078bc00::invoke@33
                      ; - java.lang.invoke.Invokers$Holder::linkToTargetMethod@5
                      ; - ui.views.waveform.executive.a::mDy@104 (line 513)
  0x00000239362a7350: 0c07 e9e4 

  0x00000239362a7354: ;   {metadata({method} {0x000002394f425160} 'newArray' '(J)[B' in 'java/lang/StringConcatHelper')}
  0x00000239362a7354: f1ff ff49 | ba58 5142 | 4f39 0200 | 004c 8954 | 2408 48c7 | 0424 ffff 

  0x00000239362a736c: ;   {runtime_call counter_overflow Runtime1 stub}
  0x00000239362a736c: ffff e88d 

  0x00000239362a7370: ; ImmutableOopMap {[312]=Oop }
                      ;*synchronization entry
                      ; - java.lang.StringConcatHelper::newArray@-1 (line 506)
                      ; - java.lang.StringConcatHelper::newArrayWithSuffix@7 (line 489)
                      ; - java.lang.invoke.DirectMethodHandle$Holder::invokeStatic@13
                      ; - java.lang.invoke.LambdaForm$MH/0x0000023950010400::invoke@23
                      ; - java.lang.invoke.LambdaForm$MH/0x000002395078bc00::invoke@33
                      ; - java.lang.invoke.Invokers$Holder::linkToTargetMethod@5
                      ; - ui.views.waveform.executive.a::mDy@104 (line 513)
  0x00000239362a7370: 730c 07e9 | 32f2 ffff | 4889 0424 

  0x00000239362a737c: ;   {runtime_call throw_class_cast_exception Runtime1 stub}
  0x00000239362a737c: e81f 3d0c 

  0x00000239362a7380: ; ImmutableOopMap {[312]=Oop }
                      ;*checkcast {reexecute=0 rethrow=0 return_oop=0}
                      ; - java.lang.StringConcatHelper::newArray@36 (line 511)
                      ; - java.lang.StringConcatHelper::newArrayWithSuffix@7 (line 489)
                      ; - java.lang.invoke.DirectMethodHandle$Holder::invokeStatic@13
                      ; - java.lang.invoke.LambdaForm$MH/0x0000023950010400::invoke@23
                      ; - java.lang.invoke.LambdaForm$MH/0x000002395078bc00::invoke@33
                      ; - java.lang.invoke.Invokers$Holder::linkToTargetMethod@5
                      ; - ui.views.waveform.executive.a::mDy@104 (line 513)
                      ;   {metadata({method} {0x0000023993049a98} 'invoke' '(Ljava/lang/Object;JLjava/lang/Object;J)J' in 'java/lang/invoke/LambdaForm$MH+0x000002395078ac00')}
  0x00000239362a7380: 0749 ba90 | 9a04 9339 | 0200 004c | 8954 2408 | 48c7 0424 | ffff ffff 

  0x00000239362a7398: ;   {runtime_call counter_overflow Runtime1 stub}
  0x00000239362a7398: e863 730c 

  0x00000239362a739c: ; ImmutableOopMap {rsi=Oop [312]=Oop [344]=Oop }
                      ;*synchronization entry
                      ; - java.lang.invoke.LambdaForm$MH/0x000002395078ac00::invoke@-1
                      ; - java.lang.invoke.LambdaForm$MH/0x000002395078bc00::invoke@54
                      ; - java.lang.invoke.Invokers$Holder::linkToTargetMethod@5
                      ; - ui.views.waveform.executive.a::mDy@104 (line 513)
  0x00000239362a739c: 07e9 6ff5 

  0x00000239362a73a0: ;   {metadata({method} {0x000002394f0b4ee8} 'invokeStatic' '(Ljava/lang/Object;JLjava/lang/Object;JLjava/lang/Object;)J' in 'java/lang/invoke/DirectMethodHandle$Holder')}
  0x00000239362a73a0: ffff 49ba | e04e 0b4f | 3902 0000 | 4c89 5424 | 0848 c704 | 24ff ffff 

  0x00000239362a73b8: ;   {runtime_call counter_overflow Runtime1 stub}
  0x00000239362a73b8: ffe8 4273 

  0x00000239362a73bc: ; ImmutableOopMap {rsi=Oop r8=Oop [312]=Oop [344]=Oop }
                      ;*synchronization entry
                      ; - java.lang.invoke.DirectMethodHandle$Holder::invokeStatic@-1
                      ; - java.lang.invoke.LambdaForm$MH/0x000002395078ac00::invoke@28
                      ; - java.lang.invoke.LambdaForm$MH/0x000002395078bc00::invoke@54
                      ; - java.lang.invoke.Invokers$Holder::linkToTargetMethod@5
                      ; - ui.views.waveform.executive.a::mDy@104 (line 513)
  0x00000239362a73bc: 0c07 e9df 

  0x00000239362a73c0: ;   {metadata({method} {0x000002394f0a3038} 'internalMemberName' '(Ljava/lang/Object;)Ljava/lang/Object;' in 'java/lang/invoke/DirectMethodHandle')}
  0x00000239362a73c0: f5ff ff49 | ba30 300a | 4f39 0200 | 004c 8954 | 2408 48c7 | 0424 ffff 

  0x00000239362a73d8: ;   {runtime_call counter_overflow Runtime1 stub}
  0x00000239362a73d8: ffff e821 

  0x00000239362a73dc: ; ImmutableOopMap {rsi=Oop [312]=Oop [344]=Oop }
                      ;*synchronization entry
                      ; - java.lang.invoke.DirectMethodHandle::internalMemberName@-1 (line 327)
                      ; - java.lang.invoke.DirectMethodHandle$Holder::invokeStatic@1
                      ; - java.lang.invoke.LambdaForm$MH/0x000002395078ac00::invoke@28
                      ; - java.lang.invoke.LambdaForm$MH/0x000002395078bc00::invoke@54
                      ; - java.lang.invoke.Invokers$Holder::linkToTargetMethod@5
                      ; - ui.views.waveform.executive.a::mDy@104 (line 513)
  0x00000239362a73dc: 730c 07e9 | 18f6 ffff 

  0x00000239362a73e4: ;   {metadata({method} {0x000002394f0b4390} 'invokeStatic' '(Ljava/lang/Object;Ljava/lang/Object;J)Ljava/lang/Object;' in 'java/lang/invoke/DirectMethodHandle$Holder')}
  0x00000239362a73e4: 49ba 8843 | 0b4f 3902 | 0000 4c89 | 5424 0848 | c704 24ff 

  0x00000239362a73f8: ;   {runtime_call counter_overflow Runtime1 stub}
  0x00000239362a73f8: ffff ffe8 

  0x00000239362a73fc: ; ImmutableOopMap {rsi=Oop r8=Oop [312]=Oop [344]=Oop }
                      ;*synchronization entry
                      ; - java.lang.invoke.DirectMethodHandle$Holder::invokeStatic@-1
                      ; - java.lang.invoke.LambdaForm$MH/0x000002395078bc00::invoke@74
                      ; - java.lang.invoke.Invokers$Holder::linkToTargetMethod@5
                      ; - ui.views.waveform.executive.a::mDy@104 (line 513)
  0x00000239362a73fc: 0073 0c07 | e918 f7ff 

  0x00000239362a7404: ;   {metadata({method} {0x000002394f0a3038} 'internalMemberName' '(Ljava/lang/Object;)Ljava/lang/Object;' in 'java/lang/invoke/DirectMethodHandle')}
  0x00000239362a7404: ff49 ba30 | 300a 4f39 | 0200 004c | 8954 2408 | 48c7 0424 | ffff ffff 

  0x00000239362a741c: ;   {runtime_call counter_overflow Runtime1 stub}
  0x00000239362a741c: e8df 720c 

  0x00000239362a7420: ; ImmutableOopMap {rsi=Oop [312]=Oop [344]=Oop }
                      ;*synchronization entry
                      ; - java.lang.invoke.DirectMethodHandle::internalMemberName@-1 (line 327)
                      ; - java.lang.invoke.DirectMethodHandle$Holder::invokeStatic@1
                      ; - java.lang.invoke.LambdaForm$MH/0x000002395078bc00::invoke@74
                      ; - java.lang.invoke.Invokers$Holder::linkToTargetMethod@5
                      ; - ui.views.waveform.executive.a::mDy@104 (line 513)
  0x00000239362a7420: 07e9 51f7 

  0x00000239362a7424: ;   {runtime_call throw_null_pointer_exception Runtime1 stub}
  0x00000239362a7424: ffff e875 

  0x00000239362a7428: ; ImmutableOopMap {rax=Oop [352]=Oop }
                      ;*invokevirtual contains {reexecute=0 rethrow=0 return_oop=0}
                      ; - ui.views.waveform.executive.a::mDy@33 (line 498)
                      ;   {metadata({method} {0x000002394f457ed0} 'contains' '(Ljava/lang/CharSequence;)Z' in 'java/lang/String')}
  0x00000239362a7428: 100c 0749 | bac8 7e45 | 4f39 0200 | 004c 8954 | 2408 48c7 | 0424 ffff 

  0x00000239362a7440: ;   {runtime_call counter_overflow Runtime1 stub}
  0x00000239362a7440: ffff e8b9 

  0x00000239362a7444: ; ImmutableOopMap {rax=Oop [352]=Oop }
                      ;*synchronization entry
                      ; - java.lang.String::contains@-1 (line 2977)
                      ; - ui.views.waveform.executive.a::mDy@33 (line 498)
  0x00000239362a7444: 720c 07e9 | 42f9 ffff 

  0x00000239362a744c: ;   {metadata({method} {0x000002394f00ebd0} 'toString' '()Ljava/lang/String;' in 'java/lang/String')}
  0x00000239362a744c: 49ba c8eb | 004f 3902 | 0000 4c89 | 5424 0848 | c704 24ff 

  0x00000239362a7460: ;   {runtime_call counter_overflow Runtime1 stub}
  0x00000239362a7460: ffff ffe8 

  0x00000239362a7464: ; ImmutableOopMap {rax=Oop r8=Oop [352]=Oop }
                      ;*synchronization entry
                      ; - java.lang.String::toString@-1 (line 4296)
                      ; - java.lang.String::contains@2 (line 2977)
                      ; - ui.views.waveform.executive.a::mDy@33 (line 498)
  0x00000239362a7464: 9872 0c07 | e968 f9ff 

  0x00000239362a746c: ;   {internal_word}
  0x00000239362a746c: ff49 baa2 | 6e2a 3639 | 0200 004d | 8997 6804 

  0x00000239362a747c: ;   {runtime_call SafepointBlob}
  0x00000239362a747c: 0000 e9fd 

  0x00000239362a7480: ;   {metadata({method} {0x00000239b6660f50} 'cM' '([B)Ljava/io/ByteArrayInputStream;' in 'ui/views/waveform/h/c')}
  0x00000239362a7480: f6fe 0649 | ba48 0f66 | b639 0200 | 004c 8954 | 2408 48c7 | 0424 ffff 

  0x00000239362a7498: ;   {runtime_call counter_overflow Runtime1 stub}
  0x00000239362a7498: ffff e861 

  0x00000239362a749c: ; ImmutableOopMap {[312]=Oop }
                      ;*synchronization entry
                      ; - ui.views.waveform.h.c::cM@-1 (line 261)
                      ; - ui.views.waveform.executive.a::mDy@114 (line 515)
  0x00000239362a749c: 720c 07e9 | 8afa ffff 

  0x00000239362a74a4: ;   {internal_word}
  0x00000239362a74a4: 49ba 646f | 2a36 3902 | 0000 4d89 | 9768 0400 

  0x00000239362a74b4: ;   {runtime_call SafepointBlob}
  0x00000239362a74b4: 00e9 c6f6 

  0x00000239362a74b8: ;   {internal_word}
  0x00000239362a74b8: fe06 49ba | 846f 2a36 | 3902 0000 | 4d89 9768 

  0x00000239362a74c8: ;   {runtime_call SafepointBlob}
  0x00000239362a74c8: 0400 00e9 | b0f6 fe06 

  0x00000239362a74d0: ;   {internal_word}
  0x00000239362a74d0: 49ba a46f | 2a36 3902 | 0000 4d89 | 9768 0400 

  0x00000239362a74e0: ;   {runtime_call SafepointBlob}
  0x00000239362a74e0: 00e9 9af6 | fe06 488b 

  0x00000239362a74e8: ;   {runtime_call fast_new_instance Runtime1 stub}
  0x00000239362a74e8: d2e8 921a 

  0x00000239362a74ec: ; ImmutableOopMap {[312]=Oop }
                      ;*new {reexecute=0 rethrow=0 return_oop=0}
                      ; - java.lang.StringConcatHelper::newArray@16 (line 509)
                      ; - java.lang.StringConcatHelper::newArrayWithSuffix@7 (line 489)
                      ; - java.lang.invoke.DirectMethodHandle$Holder::invokeStatic@13
                      ; - java.lang.invoke.LambdaForm$MH/0x0000023950010400::invoke@23
                      ; - java.lang.invoke.LambdaForm$MH/0x000002395078bc00::invoke@33
                      ; - java.lang.invoke.Invokers$Holder::linkToTargetMethod@5
                      ; - ui.views.waveform.executive.a::mDy@104 (line 513)
  0x00000239362a74ec: 0c07 e924 | fbff ff48 

  0x00000239362a74f4: ;   {runtime_call fast_new_instance Runtime1 stub}
  0x00000239362a74f4: 8bd2 e885 

  0x00000239362a74f8: ; ImmutableOopMap {[312]=Oop }
                      ;*new {reexecute=0 rethrow=0 return_oop=0}
                      ; - java.lang.StringConcatHelper::checkOverflow@7 (line 68)
                      ; - java.lang.StringConcatHelper::mix@7 (line 112)
                      ; - java.lang.invoke.DirectMethodHandle$Holder::invokeStatic@13
                      ; - java.lang.invoke.LambdaForm$MH/0x000002395078b800::invoke@23
                      ; - java.lang.invoke.LambdaForm$MH/0x000002395078bc00::invoke@15
                      ; - java.lang.invoke.Invokers$Holder::linkToTargetMethod@5
                      ; - ui.views.waveform.executive.a::mDy@104 (line 513)
  0x00000239362a74f8: 1a0c 07e9 | b9fb ffff | 498b 8700 | 0500 0049 | c787 0005 | 0000 0000 | 0000 49c7 | 8708 0500 
  0x00000239362a7518: 0000 0000 | 0048 81c4 | 8001 0000 

  0x00000239362a7524: ;   {runtime_call unwind_exception Runtime1 stub}
  0x00000239362a7524: 5de9 5600 | 0c07 f4f4 | f4f4 f4f4 
[Stub Code]
  0x00000239362a7530: ;   {no_reloc}
  0x00000239362a7530: 0f1f 4400 

  0x00000239362a7534: ;   {static_stub}
  0x00000239362a7534: 0048 bb00 | 0000 0000 

  0x00000239362a753c: ;   {runtime_call}
  0x00000239362a753c: 0000 00e9 | fbff ffff 

  0x00000239362a7544: ;   {static_stub}
  0x00000239362a7544: 48bb 0000 | 0000 0000 

  0x00000239362a754c: ;   {runtime_call}
  0x00000239362a754c: 0000 e9fb 

  0x00000239362a7550: ;   {static_stub}
  0x00000239362a7550: ffff ff48 | bb78 ff65 | b639 0200 

  0x00000239362a755c: ;   {runtime_call I2C/C2I adapters}
  0x00000239362a755c: 00e9 21c9 

  0x00000239362a7560: ;   {static_stub}
  0x00000239362a7560: fe06 48bb | 2076 b193 | 3902 0000 

  0x00000239362a756c: ;   {runtime_call I2C/C2I adapters}
  0x00000239362a756c: e912 c9fe 

  0x00000239362a7570: ;   {static_stub}
  0x00000239362a7570: 0648 bb00 | 0000 0000 

  0x00000239362a7578: ;   {runtime_call}
  0x00000239362a7578: 0000 00e9 | fbff ffff 

  0x00000239362a7580: ;   {static_stub}
  0x00000239362a7580: 48bb 0000 | 0000 0000 

  0x00000239362a7588: ;   {runtime_call}
  0x00000239362a7588: 0000 e9fb 

  0x00000239362a758c: ;   {static_stub}
  0x00000239362a758c: ffff ff48 | bb00 0000 | 0000 0000 

  0x00000239362a7598: ;   {runtime_call}
  0x00000239362a7598: 00e9 fbff 

  0x00000239362a759c: ;   {static_stub}
  0x00000239362a759c: ffff 48bb | 0000 0000 | 0000 0000 

  0x00000239362a75a8: ;   {runtime_call}
  0x00000239362a75a8: e9fb ffff 

  0x00000239362a75ac: ;   {static_stub}
  0x00000239362a75ac: ff48 bb00 | 0000 0000 

  0x00000239362a75b4: ;   {runtime_call}
  0x00000239362a75b4: 0000 00e9 | fbff ffff 

  0x00000239362a75bc: ;   {static_stub}
  0x00000239362a75bc: 48bb 0000 | 0000 0000 

  0x00000239362a75c4: ;   {runtime_call}
  0x00000239362a75c4: 0000 e9fb 

  0x00000239362a75c8: ;   {static_stub}
  0x00000239362a75c8: ffff ff48 | bb00 0000 | 0000 0000 

  0x00000239362a75d4: ;   {runtime_call}
  0x00000239362a75d4: 00e9 fbff 

  0x00000239362a75d8: ;   {static_stub}
  0x00000239362a75d8: ffff 48bb | 0000 0000 | 0000 0000 

  0x00000239362a75e4: ;   {runtime_call}
  0x00000239362a75e4: e9fb ffff 

  0x00000239362a75e8: ;   {static_stub}
  0x00000239362a75e8: ff48 bb78 | 2442 4f39 

  0x00000239362a75f0: ;   {runtime_call I2C/C2I adapters}
  0x00000239362a75f0: 0200 00e9 | 0fd9 fe06 
[Exception Handler]
  0x00000239362a75f8: ;   {runtime_call handle_exception_from_callee Runtime1 stub}
  0x00000239362a75f8: e883 340c 

  0x00000239362a75fc: ;   {external_word}
  0x00000239362a75fc: 0748 b950 | e014 20fa | 7f00 0048 

  0x00000239362a7608: ;   {runtime_call}
  0x00000239362a7608: 83e4 f048 | b850 efd7 | 1ffa 7f00 | 00ff d0f4 
[Deopt Handler Code]
  0x00000239362a7618: ;   {section_word}
  0x00000239362a7618: 49ba 1876 | 2a36 3902 | 0000 4152 

  0x00000239362a7624: ;   {runtime_call DeoptimizationBlob}
  0x00000239362a7624: e9f7 09ff 

  0x00000239362a7628: ;   {section_word}
  0x00000239362a7628: 0649 ba29 | 762a 3639 | 0200 0041 

  0x00000239362a7634: ;   {runtime_call DeoptimizationBlob}
  0x00000239362a7634: 52e9 e609 | ff06 f4f4 | f4f4 f4f4 
[/MachCode]


Compiled method (c1) 425310898 116251       3       ui.views.waveform.c.a::mCQ (144 bytes)
 total in heap  [0x00000239362aa610,0x00000239362ad558] = 12104
 relocation     [0x00000239362aa770,0x00000239362aaa88] = 792
 main code      [0x00000239362aaaa0,0x00000239362ac8d0] = 7728
 stub code      [0x00000239362ac8d0,0x00000239362aca10] = 320
 oops           [0x00000239362aca10,0x00000239362aca90] = 128
 metadata       [0x00000239362aca90,0x00000239362acb80] = 240
 scopes data    [0x00000239362acb80,0x00000239362ad0f0] = 1392
 scopes pcs     [0x00000239362ad0f0,0x00000239362ad4f0] = 1024
 dependencies   [0x00000239362ad4f0,0x00000239362ad508] = 24
 nul chk table  [0x00000239362ad508,0x00000239362ad558] = 80

[Constant Pool (empty)]

[MachCode]
[Entry Point]
  # {method} {0x00000239b6666858} 'mCQ' '()V' in 'ui/views/waveform/c/a'
  #           [sp+0x1a0]  (sp of caller)
  0x00000239362aaaa0: 448b 5208 | 49bb 0000 | 004f 3902 | 0000 4d03 | d34c 3bd0 

  0x00000239362aaab4: ;   {runtime_call ic_miss_stub}
  0x00000239362aaab4: 0f85 c63e | fe06 660f | 1f44 0000 
[Verified Entry Point]
  0x00000239362aaac0: 8984 2400 | 80ff ff55 | 4881 ec90 | 0100 0090 | 4181 7f20 | 5f06 0000 

  0x00000239362aaad8: ;   {runtime_call StubRoutines (final stubs)}
  0x00000239362aaad8: 7405 e8a1 | b2fc 0648 | 8994 2430 

  0x00000239362aaae4: ;   {metadata(method data for {method} {0x00000239b6666858} 'mCQ' '()V' in 'ui/views/waveform/c/a')}
  0x00000239362aaae4: 0100 0048 | bec8 bec7 | b639 0200 | 008b becc | 0000 0083 | c702 89be | cc00 0000 | 81e7 fe07 
  0x00000239362aab04: 0000 83ff | 000f 84fa | 1700 008b | b200 0200 | 0048 c1e6 | 038b b600 | 0200 0048 | c1e6 0348 
  0x00000239362aab24: 3b06 488b 

  0x00000239362aab28: ;   {metadata(method data for {method} {0x00000239b6666858} 'mCQ' '()V' in 'ui/views/waveform/c/a')}
  0x00000239362aab28: fe48 bbc8 | bec7 b639 | 0200 0048 | 8383 1001 | 0000 0148 

  0x00000239362aab3c: ;   {optimized virtual_call}
  0x00000239362aab3c: 8bd6 90e8 

  0x00000239362aab40: ; ImmutableOopMap {[304]=Oop }
                      ;*invokevirtual mDy {reexecute=0 rethrow=0 return_oop=0}
                      ; - ui.views.waveform.c.a::mCQ@7 (line 463)
  0x00000239362aab40: 1cb1 ffff 

  0x00000239362aab44: ;   {other}
  0x00000239362aab44: 0f1f 8400 | 3405 0000 | 4889 8424 | 3801 0000 | 4883 f800 

  0x00000239362aab58: ;   {metadata(method data for {method} {0x00000239b6666858} 'mCQ' '()V' in 'ui/views/waveform/c/a')}
  0x00000239362aab58: 48be c8be | c7b6 3902 | 0000 48bf | 5801 0000 | 0000 0000 | 0f84 0a00 | 0000 48bf | 4801 0000 
  0x00000239362aab78: 0000 0000 | 488b 1c3e | 488d 5b01 | 4889 1c3e | 0f84 2416 

  0x00000239362aab8c: ;   {metadata(method data for {method} {0x00000239b6666858} 'mCQ' '()V' in 'ui/views/waveform/c/a')}
  0x00000239362aab8c: 0000 48be | c8be c7b6 | 3902 0000 | 4883 8668 | 0100 0001 

  0x00000239362aaba0: ;   {metadata(method data for {method} {0x00000239906931b8} 'gnK' '()J' in 'ui/utils/s/d')}
  0x00000239362aaba0: 48be 787d | f692 3902 | 0000 8bbe | cc00 0000 | 83c7 0289 | becc 0000 | 0081 e7fe | ff1f 0083 
  0x00000239362aabc0: ff00 0f84 | 6c17 0000 

  0x00000239362aabc8: ;   {metadata(method data for {method} {0x00000239906931b8} 'gnK' '()J' in 'ui/utils/s/d')}
  0x00000239362aabc8: 48be 787d | f692 3902 | 0000 4883 | 8610 0100 

  0x00000239362aabd8: ;   {runtime_call}
  0x00000239362aabd8: 0001 48b8 | 4023 e21f | fa7f 0000 

  0x00000239362aabe4: ;   {other}
  0x00000239362aabe4: ffd0 0f1f | 8400 0000 | 0000 4889 | 8424 5001 

  0x00000239362aabf4: ;   {metadata('java/util/ArrayList')}
  0x00000239362aabf4: 0000 48ba | 48ad 0b4f | 3902 0000 | 498b 87b8 | 0100 0048 | 8d78 1849 | 3bbf c801 | 0000 0f87 
  0x00000239362aac14: 3d17 0000 | 4989 bfb8 | 0100 0048 | c700 0100 | 0000 488b | ca49 ba00 | 0000 4f39 | 0200 0049 
  0x00000239362aac34: 2bca 8948 | 0848 33c9 | 8948 0c48 | 33c9 4889 | 4810 488b 

  0x00000239362aac48: ;   {metadata(method data for {method} {0x00000239b6666858} 'mCQ' '()V' in 'ui/views/waveform/c/a')}
  0x00000239362aac48: d048 bec8 | bec7 b639 | 0200 0048 | 8386 7801 

  0x00000239362aac58: ;   {metadata(method data for {method} {0x000002394f0bd390} '<init>' '()V' in 'java/util/ArrayList')}
  0x00000239362aac58: 0000 0148 | ba28 1135 | 9039 0200 | 008b b2cc | 0000 0083 | c602 89b2 | cc00 0000 | 81e6 feff 
  0x00000239362aac78: 1f00 83fe | 000f 84df | 1600 0048 

  0x00000239362aac84: ;   {metadata(method data for {method} {0x000002394f0bd390} '<init>' '()V' in 'java/util/ArrayList')}
  0x00000239362aac84: 8bd0 48be | 2811 3590 | 3902 0000 | 4883 8610 | 0100 0001 

  0x00000239362aac98: ;   {metadata(method data for {method} {0x000002394f05b948} '<init>' '()V' in 'java/util/AbstractList')}
  0x00000239362aac98: 48ba 287c | 1290 3902 | 0000 8bb2 | cc00 0000 | 83c6 0289 | b2cc 0000 | 0081 e6fe | ff1f 0083 
  0x00000239362aacb8: fe00 0f84 | c316 0000 

  0x00000239362aacc0: ;   {metadata(method data for {method} {0x000002394f05b948} '<init>' '()V' in 'java/util/AbstractList')}
  0x00000239362aacc0: 488b d048 | be28 7c12 | 9039 0200 | 0048 8386 | 1001 0000 

  0x00000239362aacd4: ;   {metadata(method data for {method} {0x000002394f05acf8} '<init>' '()V' in 'java/util/AbstractCollection')}
  0x00000239362aacd4: 0148 bab0 | ca01 9039 | 0200 008b | b2cc 0000 | 0083 c602 | 89b2 cc00 | 0000 81e6 | feff 1f00 
  0x00000239362aacf4: 83fe 000f | 84a7 1600 | 0048 8bd0 

  0x00000239362aad00: ;   {metadata(method data for {method} {0x000002394f05acf8} '<init>' '()V' in 'java/util/AbstractCollection')}
  0x00000239362aad00: 48be b0ca | 0190 3902 | 0000 4883 | 8610 0100 

  0x00000239362aad10: ;   {metadata(method data for {method} {0x000002394f479fd0} '<init>' '()V' in 'java/lang/Object')}
  0x00000239362aad10: 0001 48ba | 5075 0090 | 3902 0000 | 8bb2 cc00 | 0000 83c6 | 0289 b2cc | 0000 0081 | e6fe ff1f 
  0x00000239362aad30: 0083 fe00 | 0f84 8b16 | 0000 410f | be57 4083 | fa00 0f85 | 9e16 0000 

  0x00000239362aad48: ;   {oop(a 'java/lang/Object'[0] {0x0000000680e89db0})}
  0x00000239362aad48: 49ba b09d | e880 0600 | 0000 49c1 | ea03 4489 

  0x00000239362aad58: ;   {oop(a 'java/lang/Object'[0] {0x0000000680e89db0})}
  0x00000239362aad58: 5014 48ba | b09d e880 | 0600 0000 | 488b f048 | 33f2 48c1 | ee16 4883 | fe00 0f85 | 8d16 0000 
  0x00000239362aad78: 488b 9424 | 3001 0000 | 8bb2 0402 | 0000 48c1 | e603 4883 

  0x00000239362aad8c: ;   {metadata(method data for {method} {0x00000239b6666858} 'mCQ' '()V' in 'ui/views/waveform/c/a')}
  0x00000239362aad8c: fe00 48bf | c8be c7b6 | 3902 0000 | 48b9 8801 | 0000 0000 | 0000 0f85 | 0a00 0000 | 48b9 9801 
  0x00000239362aadac: 0000 0000 | 0000 4c8b | 040f 4d8d | 4001 4c89 | 040f 0f85 | 4604 0000 | 4889 8424 | 4801 0000 
  0x00000239362aadcc: ;   {metadata('ui/data/r/a')}
  0x00000239362aadcc: 4c8b da48 | ba10 65cd | 5039 0200 | 0049 8b87 | b801 0000 | 488d b880 | 0000 0049 | 3bbf c801 
  0x00000239362aadec: 0000 0f87 | 2916 0000 | 4989 bfb8 | 0100 0048 | c700 0100 | 0000 488b | ca49 ba00 | 0000 4f39 
  0x00000239362aae0c: 0200 0049 | 2bca 8948 | 0848 33c9 | 8948 0c48 | 33c9 48bf | 0e00 0000 | 0000 0000 | 4889 4cf8 
  0x00000239362aae2c: 0848 ffcf | 75f6 458b | 8300 0200 | 0049 c1e0 | 0349 3b00 

  0x00000239362aae40: ;   {metadata(method data for {method} {0x00000239b6666858} 'mCQ' '()V' in 'ui/views/waveform/c/a')}
  0x00000239362aae40: 4d8b c848 | bac8 bec7 | b639 0200 | 0048 8382 | c001 0000 

  0x00000239362aae54: ;   {metadata(method data for {method} {0x0000023992f05190} 'mBu' '()Lui/views/waveform/c/a;' in 'ui/views/waveform/u')}
  0x00000239362aae54: 0149 b9b0 | bbe6 b639 | 0200 0041 | 8b91 cc00 | 0000 83c2 | 0241 8991 | cc00 0000 | 81e2 feff 
  0x00000239362aae74: 1f00 83fa | 000f 84b0 | 1500 0045 | 8b80 f801 | 0000 49c1 | e003 4983 

  0x00000239362aae8c: ;   {metadata(method data for {method} {0x0000023992f05190} 'mBu' '()Lui/views/waveform/c/a;' in 'ui/views/waveform/u')}
  0x00000239362aae8c: f800 49b9 | b0bb e6b6 | 3902 0000 | 48ba 1001 | 0000 0000 | 0000 0f85 | 0a00 0000 | 48ba 2001 
  0x00000239362aaeac: 0000 0000 | 0000 498b | 3411 488d | 7601 4989 | 3411 0f85 | 2000 0000 

  0x00000239362aaec4: ;   {metadata(method data for {method} {0x0000023992f05190} 'mBu' '()Lui/views/waveform/c/a;' in 'ui/views/waveform/u')}
  0x00000239362aaec4: 49b8 b0bb | e6b6 3902 | 0000 41ff | 8030 0100 

  0x00000239362aaed4: ;   {oop(nullptr)}
  0x00000239362aaed4: 0049 b900 | 0000 0000 | 0000 00e9 | 0e00 0000 

  0x00000239362aaee4: ; implicit exception: dispatches to 0x00000239362ac450
  0x00000239362aaee4: 458b 807c | 0100 0049 | c1e0 034d | 8bc8 4c8b 

  0x00000239362aaef4: ;   {metadata(method data for {method} {0x00000239b6666858} 'mCQ' '()V' in 'ui/views/waveform/c/a')}
  0x00000239362aaef4: c048 b9c8 | bec7 b639 | 0200 0048 | 8381 e001 

  0x00000239362aaf04: ;   {oop(""{0x0000000681894710})}
  0x00000239362aaf04: 0000 0149 | b810 4789 | 8106 0000 | 0048 8bd0 | 4889 8424 | 4001 0000 

  0x00000239362aaf1c: ;   {optimized virtual_call}
  0x00000239362aaf1c: 6666 90e8 

  0x00000239362aaf20: ; ImmutableOopMap {[304]=Oop [312]=Oop [320]=Oop [328]=Oop }
                      ;*invokespecial <init> {reexecute=0 rethrow=0 return_oop=0}
                      ; - ui.views.waveform.c.a::mCQ@50 (line 472)
  0x00000239362aaf20: 2c1a 0000 

  0x00000239362aaf24: ;   {other}
  0x00000239362aaf24: 0f1f 8400 | 1409 0001 | 450f be47 | 4041 83f8 | 0048 8b94 | 2430 0100 | 000f 8512 | 1500 0048 
  0x00000239362aaf44: 8b84 2440 | 0100 004c | 8bd0 49c1 | ea03 4489 | 9204 0200 | 004c 8bc2 | 4c33 c049 | c1e8 1649 
  0x00000239362aaf64: 83f8 000f | 850b 1500 | 0045 0fbe | 4740 4183 | f800 0f85 | 1415 0000 | 488b bc24 | 4801 0000 
  0x00000239362aaf84: 4c8b d749 | c1ea 0344 | 8950 284c | 8bc0 4c33 | c749 c1e8 | 1649 83f8 | 000f 850d | 1500 0045 
  0x00000239362aafa4: 0fbe 4740 | 4183 f800 | 0f85 1615 | 0000 c740 | 4400 0000 | 0045 0fbe | 4740 4183 | f800 0f85 
  0x00000239362aafc4: 2015 0000 | c740 3000 | 0000 004c 

  0x00000239362aafd0: ;   {metadata(method data for {method} {0x00000239b6666858} 'mCQ' '()V' in 'ui/views/waveform/c/a')}
  0x00000239362aafd0: 8bc0 48be | c8be c7b6 | 3902 0000 | 4883 86f0 | 0100 0001 

  0x00000239362aafe4: ;   {metadata(method data for {method} {0x00000239b6972b50} 'ch' '(Ljava/io/InputStream;)Z' in 'ui/data/r/a')}
  0x00000239362aafe4: 49b8 c8be | e6b6 3902 | 0000 418b | b0cc 0000 | 0083 c602 | 4189 b0cc | 0000 0081 | e6fe ff1f 
  0x00000239362ab004: 0083 fe00 | 0f84 fa14 | 0000 488b | 9c24 3801 | 0000 4883 

  0x00000239362ab018: ;   {metadata(method data for {method} {0x00000239b6972b50} 'ch' '(Ljava/io/InputStream;)Z' in 'ui/data/r/a')}
  0x00000239362ab018: fb00 49b8 | c8be e6b6 | 3902 0000 | 48be 1001 | 0000 0000 | 0000 0f85 | 0a00 0000 | 48be 2001 
  0x00000239362ab038: 0000 0000 | 0000 498b | 3c30 488d | 7f01 4989 | 3c30 0f85 | 0a00 0000 | be00 0000 | 00e9 3700 
  0x00000239362ab058: 0000 4c8b 

  0x00000239362ab05c: ;   {metadata(method data for {method} {0x00000239b6972b50} 'ch' '(Ljava/io/InputStream;)Z' in 'ui/data/r/a')}
  0x00000239362ab05c: c048 bec8 | bee6 b639 | 0200 0048 | 8386 3001 | 0000 014c | 8bc3 488b 

  0x00000239362ab074: ;   {optimized virtual_call}
  0x00000239362ab074: d066 90e8 

  0x00000239362ab078: ; ImmutableOopMap {[304]=Oop }
                      ;*invokevirtual cj {reexecute=0 rethrow=0 return_oop=0}
                      ; - ui.data.r.a::ch@8 (line 296)
                      ; - ui.views.waveform.c.a::mCQ@86 (line 479)
  0x00000239362ab078: e318 0000 

  0x00000239362ab07c: ;   {other}
  0x00000239362ab07c: 0f1f 8400 | 6c0a 0002 | be01 0000 | 0048 8b94 | 2430 0100 | 008b b200 | 0200 0048 | c1e6 0348 
  0x00000239362ab09c: 3b06 488b 

  0x00000239362ab0a0: ;   {metadata(method data for {method} {0x00000239b6666858} 'mCQ' '()V' in 'ui/views/waveform/c/a')}
  0x00000239362ab0a0: fe48 bbc8 | bec7 b639 | 0200 0048 | 8383 4002 

  0x00000239362ab0b0: ;   {metadata(method data for {method} {0x0000023992f05190} 'mBu' '()Lui/views/waveform/c/a;' in 'ui/views/waveform/u')}
  0x00000239362ab0b0: 0000 0148 | bfb0 bbe6 | b639 0200 | 008b 9fcc | 0000 0083 | c302 899f | cc00 0000 | 81e3 feff 
  0x00000239362ab0d0: 1f00 83fb | 000f 8453 | 1400 008b | b6f8 0100 | 0048 c1e6 | 0348 83fe 

  0x00000239362ab0e8: ;   {metadata(method data for {method} {0x0000023992f05190} 'mBu' '()Lui/views/waveform/c/a;' in 'ui/views/waveform/u')}
  0x00000239362ab0e8: 0048 bfb0 | bbe6 b639 | 0200 0048 | bb10 0100 | 0000 0000 | 000f 850a | 0000 0048 | bb20 0100 
  0x00000239362ab108: 0000 0000 | 0048 8b04 | 1f48 8d40 | 0148 8904 | 1f0f 851f 

  0x00000239362ab11c: ;   {metadata(method data for {method} {0x0000023992f05190} 'mBu' '()Lui/views/waveform/c/a;' in 'ui/views/waveform/u')}
  0x00000239362ab11c: 0000 0048 | beb0 bbe6 | b639 0200 | 00ff 8630 

  0x00000239362ab12c: ;   {oop(nullptr)}
  0x00000239362ab12c: 0100 0048 | be00 0000 | 0000 0000 | 00e9 0a00 | 0000 8bb6 | 7c01 0000 | 48c1 e603 

  0x00000239362ab148: ; implicit exception: dispatches to 0x00000239362ac554
  0x00000239362ab148: 483b 0648 

  0x00000239362ab14c: ;   {metadata(method data for {method} {0x00000239b6666858} 'mCQ' '()V' in 'ui/views/waveform/c/a')}
  0x00000239362ab14c: 8bfe 48bb | c8be c7b6 | 3902 0000 | 8b7f 0849 | ba00 0000 | 4f39 0200 | 0049 03fa | 483b bb70 
  0x00000239362ab16c: 0200 0075 | 0d48 8383 | 7802 0000 | 01e9 6000 | 0000 483b | bb80 0200 | 0075 0d48 | 8383 8802 
  0x00000239362ab18c: 0000 01e9 | 4a00 0000 | 4883 bb70 | 0200 0000 | 7517 4889 | bb70 0200 | 0048 c783 | 7802 0000 
  0x00000239362ab1ac: 0100 0000 | e929 0000 | 0048 83bb | 8002 0000 | 0075 1748 | 89bb 8002 | 0000 48c7 | 8388 0200 
  0x00000239362ab1cc: 0001 0000 | 00e9 0800 | 0000 4883 | 8360 0200 | 0001 488b | d666 0f1f 

  0x00000239362ab1e4: ;   {optimized virtual_call}
  0x00000239362ab1e4: 4400 00e8 

  0x00000239362ab1e8: ; ImmutableOopMap {[304]=Oop }
                      ;*invokevirtual revalidate {reexecute=0 rethrow=0 return_oop=0}
                      ; - ui.views.waveform.c.a::mCQ@97 (line 480)
  0x00000239362ab1e8: b416 0208 

  0x00000239362ab1ec: ;   {other}
  0x00000239362ab1ec: 0f1f 8400 | dc0b 0003 

  0x00000239362ab1f4: ;   {metadata(method data for {method} {0x00000239b6666858} 'mCQ' '()V' in 'ui/views/waveform/c/a')}
  0x00000239362ab1f4: 49b8 c8be | c7b6 3902 | 0000 41ff | 8098 0200 | 00e9 6200 | 0000 488b | f848 8b9c | 2438 0100 
  0x00000239362ab214: 0045 0fbe | 4740 4183 | f800 0f85 | 3513 0000 | 4c8b d749 | c1ea 0344 | 8956 284c | 8bc6 4c33 
  0x00000239362ab234: c749 c1e8 | 1649 83f8 | 000f 853b | 1300 004c 

  0x00000239362ab244: ;   {metadata(method data for {method} {0x00000239b6666858} 'mCQ' '()V' in 'ui/views/waveform/c/a')}
  0x00000239362ab244: 8bc6 48ba | c8be c7b6 | 3902 0000 | 4883 82b0 | 0200 0001 | 4c8b c348 

  0x00000239362ab25c: ;   {optimized virtual_call}
  0x00000239362ab25c: 8bd6 90e8 

  0x00000239362ab260: ; ImmutableOopMap {[304]=Oop }
                      ;*invokevirtual ci {reexecute=0 rethrow=0 return_oop=0}
                      ; - ui.views.waveform.c.a::mCQ@117 (line 484)
  0x00000239362ab260: dc51 6401 

  0x00000239362ab264: ;   {other}
  0x00000239362ab264: 0f1f 8400 | 540c 0004 | 488b 9424 | 3001 0000 

  0x00000239362ab274: ;   {metadata(method data for {method} {0x00000239b6666858} 'mCQ' '()V' in 'ui/views/waveform/c/a')}
  0x00000239362ab274: 4c8b c248 | bec8 bec7 | b639 0200 | 0048 8386 | e802 0000 | 0141 b800 | 0000 0048 | 8bf2 488b 
  0x00000239362ab294: ;   {optimized virtual_call}
  0x00000239362ab294: d666 90e8 

  0x00000239362ab298: ; ImmutableOopMap {[304]=Oop }
                      ;*invokespecial Al {reexecute=0 rethrow=0 return_oop=0}
                      ; - ui.views.waveform.c.a::mCQ@123 (line 487)
  0x00000239362ab298: c4ba b5ff 

  0x00000239362ab29c: ;   {other}
  0x00000239362ab29c: 0f1f 8400 | 8c0c 0005 | 488b 9424 | 3001 0000 

  0x00000239362ab2ac: ;   {metadata(method data for {method} {0x00000239b6666858} 'mCQ' '()V' in 'ui/views/waveform/c/a')}
  0x00000239362ab2ac: 48be c8be | c7b6 3902 | 0000 8b52 | 0849 ba00 | 0000 4f39 | 0200 0049 | 03d2 483b | 9608 0300 
  0x00000239362ab2cc: 0075 0d48 | 8386 1003 | 0000 01e9 | 6000 0000 | 483b 9618 | 0300 0075 | 0d48 8386 | 2003 0000 
  0x00000239362ab2ec: 01e9 4a00 | 0000 4883 | be08 0300 | 0000 7517 | 4889 9608 | 0300 0048 | c786 1003 | 0000 0100 
  0x00000239362ab30c: 0000 e929 | 0000 0048 | 83be 1803 | 0000 0075 | 1748 8996 | 1803 0000 | 48c7 8620 | 0300 0001 
  0x00000239362ab32c: 0000 00e9 | 0800 0000 | 4883 86f8 | 0200 0001 

  0x00000239362ab33c: ;   {metadata(method data for {method} {0x0000023990fd42b8} 'iTS' '()V' in 'ui/frmwork/b/b')}
  0x00000239362ab33c: 48ba 3890 | cab6 3902 | 0000 8bb2 | cc00 0000 | 83c6 0289 | b2cc 0000 | 0081 e6fe | ff1f 0083 
  0x00000239362ab35c: fe00 0f84 | 3212 0000 | 488b 9424 | 3001 0000 

  0x00000239362ab36c: ;   {metadata(method data for {method} {0x0000023990fd42b8} 'iTS' '()V' in 'ui/frmwork/b/b')}
  0x00000239362ab36c: 48be 3890 | cab6 3902 | 0000 8b52 | 0849 ba00 | 0000 4f39 | 0200 0049 | 03d2 483b | 9620 0100 
  0x00000239362ab38c: 0075 0d48 | 8386 2801 | 0000 01e9 | 6000 0000 | 483b 9630 | 0100 0075 | 0d48 8386 | 3801 0000 
  0x00000239362ab3ac: 01e9 4a00 | 0000 4883 | be20 0100 | 0000 7517 | 4889 9620 | 0100 0048 | c786 2801 | 0000 0100 
  0x00000239362ab3cc: 0000 e929 | 0000 0048 | 83be 3001 | 0000 0075 | 1748 8996 | 3001 0000 | 48c7 8638 | 0100 0001 
  0x00000239362ab3ec: 0000 00e9 | 0800 0000 | 4883 8610 | 0100 0001 | 488b 9424 | 3001 0000 

  0x00000239362ab404: ;   {optimized virtual_call}
  0x00000239362ab404: 6666 90e8 

  0x00000239362ab408: ; ImmutableOopMap {[304]=Oop }
                      ;*invokevirtual ike {reexecute=0 rethrow=0 return_oop=0}
                      ; - ui.frmwork.b.b::iTS@2 (line 1202)
                      ; - ui.views.waveform.c.a::mCQ@127 (line 488)
  0x00000239362ab408: 3459 5f07 

  0x00000239362ab40c: ;   {other}
  0x00000239362ab40c: 0f1f 8400 | fc0d 0006 | 488b 9424 | 3001 0000 

  0x00000239362ab41c: ;   {metadata(method data for {method} {0x0000023990fd42b8} 'iTS' '()V' in 'ui/frmwork/b/b')}
  0x00000239362ab41c: 49b8 3890 | cab6 3902 | 0000 4983 | 8048 0100 | 0001 4c8b | c048 8b94 | 2430 0100 | 0066 0f1f 
  0x00000239362ab43c: ;   {optimized virtual_call}
  0x00000239362ab43c: 4400 00e8 

  0x00000239362ab440: ; ImmutableOopMap {[304]=Oop }
                      ;*invokevirtual K {reexecute=0 rethrow=0 return_oop=0}
                      ; - ui.frmwork.b.b::iTS@5 (line 1202)
                      ; - ui.views.waveform.c.a::mCQ@127 (line 488)
  0x00000239362ab440: dcab 1a01 

  0x00000239362ab444: ;   {other}
  0x00000239362ab444: 0f1f 8400 | 340e 0007 | 488b 9424 | 3001 0000 

  0x00000239362ab454: ;   {metadata(method data for {method} {0x0000023990fd42b8} 'iTS' '()V' in 'ui/frmwork/b/b')}
  0x00000239362ab454: 48be 3890 | cab6 3902 | 0000 4883 | 8680 0100 | 0001 488b | 9424 3001 

  0x00000239362ab46c: ;   {optimized virtual_call}
  0x00000239362ab46c: 0000 90e8 

  0x00000239362ab470: ; ImmutableOopMap {}
                      ;*invokespecial repaint {reexecute=0 rethrow=0 return_oop=0}
                      ; - ui.frmwork.b.b::iTS@10 (line 1203)
                      ; - ui.views.waveform.c.a::mCQ@127 (line 488)
  0x00000239362ab470: cc4a 7308 

  0x00000239362ab474: ;   {other}
  0x00000239362ab474: 0f1f 8400 | 640e 0008 

  0x00000239362ab47c: ;   {metadata(method data for {method} {0x00000239b6666858} 'mCQ' '()V' in 'ui/views/waveform/c/a')}
  0x00000239362ab47c: 48be c8be | c7b6 3902 | 0000 4883 | 8630 0300 

  0x00000239362ab48c: ;   {metadata(method data for {method} {0x00000239906931b8} 'gnK' '()J' in 'ui/utils/s/d')}
  0x00000239362ab48c: 0001 48be | 787d f692 | 3902 0000 | 8bbe cc00 | 0000 83c7 | 0289 becc | 0000 0081 | e7fe ff1f 
  0x00000239362ab4ac: 0083 ff00 | 0f84 0111 

  0x00000239362ab4b4: ;   {metadata(method data for {method} {0x00000239906931b8} 'gnK' '()J' in 'ui/utils/s/d')}
  0x00000239362ab4b4: 0000 48be | 787d f692 | 3902 0000 | 4883 8610 | 0100 0001 

  0x00000239362ab4c8: ;   {runtime_call}
  0x00000239362ab4c8: 48b8 4023 | e21f fa7f | 0000 ffd0 

  0x00000239362ab4d4: ;   {other}
  0x00000239362ab4d4: 0f1f 8400 | 0000 0000 | 488b 9424 | 5001 0000 | 482b c248 | 8984 2458 

  0x00000239362ab4ec: ;   {metadata(method data for {method} {0x000002394f0aff60} 'linkToTargetMethod' '(JLjava/lang/Object;)Ljava/lang/Object;' in 'java/lang/invoke/Invokers$Holder')}
  0x00000239362ab4ec: 0100 0048 | bac8 2630 | 9339 0200 | 0048 8d92 | f801 0000 

  0x00000239362ab500: ;   {oop(a 'java/lang/invoke/BoundMethodHandle$Species_LLLL'{0x0000000683629e08})}
  0x00000239362ab500: 48be 089e | 6283 0600 | 0000 488b | fe48 85ff | 7504 4883 

  0x00000239362ab514: ;   {metadata(method data for {method} {0x00000239b6666858} 'mCQ' '()V' in 'ui/views/waveform/c/a')}
  0x00000239362ab514: 0a01 48ba | c8be c7b6 | 3902 0000 | 4883 8240 | 0300 0001 

  0x00000239362ab528: ;   {metadata(method data for {method} {0x000002394f0aff60} 'linkToTargetMethod' '(JLjava/lang/Object;)Ljava/lang/Object;' in 'java/lang/invoke/Invokers$Holder')}
  0x00000239362ab528: 48ba c826 | 3093 3902 | 0000 8bba | cc00 0000 | 83c7 0289 | bacc 0000 | 0081 e7fe | ff1f 0083 
  0x00000239362ab548: ff00 0f84 | 8810 0000 

  0x00000239362ab550: ;   {metadata(method data for {method} {0x000002399304bb48} 'invoke' '(Ljava/lang/Object;J)Ljava/lang/Object;' in 'java/lang/invoke/LambdaForm$MH+0x000002395078bc00')}
  0x00000239362ab550: 48ba 0040 | 2093 3902 | 0000 488d | 92b8 0300 | 0048 85f6 | 7504 4883 

  0x00000239362ab568: ;   {metadata(method data for {method} {0x000002394f0aff60} 'linkToTargetMethod' '(JLjava/lang/Object;)Ljava/lang/Object;' in 'java/lang/invoke/Invokers$Holder')}
  0x00000239362ab568: 0a01 48ba | c826 3093 | 3902 0000 | 4883 8248 | 0100 0001 

  0x00000239362ab57c: ;   {metadata(method data for {method} {0x000002399304bb48} 'invoke' '(Ljava/lang/Object;J)Ljava/lang/Object;' in 'java/lang/invoke/LambdaForm$MH+0x000002395078bc00')}
  0x00000239362ab57c: 48ba 0040 | 2093 3902 | 0000 8bb2 | cc00 0000 | 83c6 0289 | b2cc 0000 | 0081 e6fe | ff1f 0083 
  0x00000239362ab59c: fe00 0f84 | 5510 0000 

  0x00000239362ab5a4: ;   {metadata(method data for {method} {0x000002399304b2a0} 'invoke' '(Ljava/lang/Object;J)J' in 'java/lang/invoke/LambdaForm$MH+0x000002395078b800')}
  0x00000239362ab5a4: 48ba 00b5 | 0493 3902 | 0000 488d | 9220 0200 

  0x00000239362ab5b4: ;   {oop(a 'java/lang/invoke/BoundMethodHandle$Species_LJ'{0x0000000683629dd8})}
  0x00000239362ab5b4: 0048 bed8 | 9d62 8306 | 0000 0048 | 85f6 7504 | 4883 0a01 

  0x00000239362ab5c8: ;   {metadata(method data for {method} {0x000002399304bb48} 'invoke' '(Ljava/lang/Object;J)Ljava/lang/Object;' in 'java/lang/invoke/LambdaForm$MH+0x000002395078bc00')}
  0x00000239362ab5c8: 48ba 0040 | 2093 3902 | 0000 4883 | 8280 0100 

  0x00000239362ab5d8: ;   {metadata(method data for {method} {0x000002399304b2a0} 'invoke' '(Ljava/lang/Object;J)J' in 'java/lang/invoke/LambdaForm$MH+0x000002395078b800')}
  0x00000239362ab5d8: 0001 48ba | 00b5 0493 | 3902 0000 | 8bb2 cc00 | 0000 83c6 | 0289 b2cc | 0000 0081 | e6fe ff1f 
  0x00000239362ab5f8: 0083 fe00 | 0f84 1810 

  0x00000239362ab600: ;   {metadata(method data for {method} {0x000002394f0b4ff0} 'invokeStatic' '(Ljava/lang/Object;JJ)J' in 'java/lang/invoke/DirectMethodHandle$Holder')}
  0x00000239362ab600: 0000 48ba | c828 3093 | 3902 0000 | 488d 9218 

  0x00000239362ab610: ;   {oop(a 'java/lang/invoke/DirectMethodHandle'{0x0000000682ddb238})}
  0x00000239362ab610: 0200 0048 | be38 b2dd | 8206 0000 | 0048 8bfe | 4885 ff75 | 0448 830a 

  0x00000239362ab628: ;   {metadata(method data for {method} {0x000002399304b2a0} 'invoke' '(Ljava/lang/Object;J)J' in 'java/lang/invoke/LambdaForm$MH+0x000002395078b800')}
  0x00000239362ab628: 0148 ba00 | b504 9339 | 0200 0048 | 8382 8001 

  0x00000239362ab638: ;   {metadata(method data for {method} {0x000002394f0b4ff0} 'invokeStatic' '(Ljava/lang/Object;JJ)J' in 'java/lang/invoke/DirectMethodHandle$Holder')}
  0x00000239362ab638: 0000 0148 | bac8 2830 | 9339 0200 | 008b bacc | 0000 0083 | c702 89ba | cc00 0000 | 81e7 feff 
  0x00000239362ab658: 1f00 83ff | 000f 84d8 

  0x00000239362ab660: ;   {metadata(method data for {method} {0x000002394f0b4ff0} 'invokeStatic' '(Ljava/lang/Object;JJ)J' in 'java/lang/invoke/DirectMethodHandle$Holder')}
  0x00000239362ab660: 0f00 0048 | bac8 2830 | 9339 0200 | 0048 8d92 | 2001 0000 | 4885 f675 | 0548 834a 

  0x00000239362ab67c: ;   {metadata(method data for {method} {0x000002394f0b4ff0} 'invokeStatic' '(Ljava/lang/Object;JJ)J' in 'java/lang/invoke/DirectMethodHandle$Holder')}
  0x00000239362ab67c: 0801 48ba | c828 3093 | 3902 0000 | 4883 8210 | 0100 0001 

  0x00000239362ab690: ;   {metadata(method data for {method} {0x000002394f0a3038} 'internalMemberName' '(Ljava/lang/Object;)Ljava/lang/Object;' in 'java/lang/invoke/DirectMethodHandle')}
  0x00000239362ab690: 48ba 88a7 | 2390 3902 | 0000 8bb2 | cc00 0000 | 83c6 0289 | b2cc 0000 | 0081 e6fe | ff1f 0083 
  0x00000239362ab6b0: fe00 0f84 | a40f 0000 

  0x00000239362ab6b8: ;   {metadata(method data for {method} {0x000002394f0b4ff0} 'invokeStatic' '(Ljava/lang/Object;JJ)J' in 'java/lang/invoke/DirectMethodHandle$Holder')}
  0x00000239362ab6b8: 48ba c828 | 3093 3902 | 0000 488d | 9230 0100 

  0x00000239362ab6c8: ;   {oop(a 'java/lang/invoke/MemberName'{0x0000000682ddb260} = {method} {0x000002394f424ef8} 'mix' '(JJ)J' in 'java/lang/StringConcatHelper')}
  0x00000239362ab6c8: 0048 be60 | b2dd 8206 | 0000 0048 | 85f6 7504 | 4883 0a01 

  0x00000239362ab6dc: ;   {metadata(method data for {method} {0x000002394f0b4ff0} 'invokeStatic' '(Ljava/lang/Object;JJ)J' in 'java/lang/invoke/DirectMethodHandle$Holder')}
  0x00000239362ab6dc: 48ba c828 | 3093 3902 | 0000 4883 | 8278 0100 

  0x00000239362ab6ec: ;   {metadata(method data for {method} {0x000002394f424ef8} 'mix' '(JJ)J' in 'java/lang/StringConcatHelper')}
  0x00000239362ab6ec: 0001 48ba | e82a 3093 | 3902 0000 | 8bb2 cc00 | 0000 83c6 | 0289 b2cc | 0000 0081 | e6fe ff1f 
  0x00000239362ab70c: 0083 fe00 | 0f84 670f 

  0x00000239362ab714: ;   {metadata(method data for {method} {0x000002394f424ef8} 'mix' '(JJ)J' in 'java/lang/StringConcatHelper')}
  0x00000239362ab714: 0000 48ba | e82a 3093 | 3902 0000 | 4883 8210 | 0100 0001 | 488b d00f 

  0x00000239362ab72c: ;   {static_call}
  0x00000239362ab72c: 1f40 00e8 

  0x00000239362ab730: ; ImmutableOopMap {}
                      ;*invokestatic stringSize {reexecute=0 rethrow=0 return_oop=0}
                      ; - java.lang.StringConcatHelper::mix@2 (line 112)
                      ; - java.lang.invoke.DirectMethodHandle$Holder::invokeStatic@13
                      ; - java.lang.invoke.LambdaForm$MH/0x000002395078b800::invoke@23
                      ; - java.lang.invoke.LambdaForm$MH/0x000002395078bc00::invoke@15
                      ; - java.lang.invoke.Invokers$Holder::linkToTargetMethod@5
                      ; - ui.views.waveform.c.a::mCQ@135 (line 490)
  0x00000239362ab730: ec13 fe07 

  0x00000239362ab734: ;   {other}
  0x00000239362ab734: 0f1f 8400 | 2411 0009 | 4863 c048 | b916 0000 | 0000 0000 | 0048 03c1 | 4889 8424 | 6001 0000 
  0x00000239362ab754: ;   {metadata(method data for {method} {0x000002394f424ef8} 'mix' '(JJ)J' in 'java/lang/StringConcatHelper')}
  0x00000239362ab754: 48b9 e82a | 3093 3902 | 0000 4883 | 8120 0100 

  0x00000239362ab764: ;   {metadata(method data for {method} {0x000002394f424920} 'checkOverflow' '(J)J' in 'java/lang/StringConcatHelper')}
  0x00000239362ab764: 0001 48b9 | 38f3 2290 | 3902 0000 | 448b 81cc | 0000 0041 | 83c0 0244 | 8981 cc00 | 0000 4181 
  0x00000239362ab784: e0fe ff1f | 0041 83f8 | 000f 840b | 0f00 008b | f083 fe00 

  0x00000239362ab798: ;   {metadata(method data for {method} {0x000002394f424920} 'checkOverflow' '(J)J' in 'java/lang/StringConcatHelper')}
  0x00000239362ab798: 48b9 38f3 | 2290 3902 | 0000 49b8 | 1001 0000 | 0000 0000 | 0f8c 0a00 | 0000 49b8 | 2001 0000 
  0x00000239362ab7b8: 0000 0000 | 4e8b 0c01 | 4d8d 4901 | 4e89 0c01 | 0f8c 9b0a 

  0x00000239362ab7cc: ;   {metadata(method data for {method} {0x0000023990470e90} 'invoke' '(Ljava/lang/Object;J)Ljava/lang/Object;' in 'java/lang/invoke/LambdaForm$MH+0x0000023950010400')}
  0x00000239362ab7cc: 0000 48b9 | 0811 4790 | 3902 0000 | 488d 8940 

  0x00000239362ab7dc: ;   {oop(a 'java/lang/invoke/BoundMethodHandle$Species_LL'{0x0000000683629db0})}
  0x00000239362ab7dc: 0200 0049 | b8b0 9d62 | 8306 0000 | 004d 85c0 | 7504 4883 

  0x00000239362ab7f0: ;   {metadata(method data for {method} {0x000002399304bb48} 'invoke' '(Ljava/lang/Object;J)Ljava/lang/Object;' in 'java/lang/invoke/LambdaForm$MH+0x000002395078bc00')}
  0x00000239362ab7f0: 0901 48b9 | 0040 2093 | 3902 0000 | 4883 81f0 | 0100 0001 

  0x00000239362ab804: ;   {metadata(method data for {method} {0x0000023990470e90} 'invoke' '(Ljava/lang/Object;J)Ljava/lang/Object;' in 'java/lang/invoke/LambdaForm$MH+0x0000023950010400')}
  0x00000239362ab804: 48b9 0811 | 4790 3902 | 0000 448b | 81cc 0000 | 0041 83c0 | 0244 8981 | cc00 0000 | 4181 e0fe 
  0x00000239362ab824: ff1f 0041 | 83f8 000f | 848e 0e00 

  0x00000239362ab830: ;   {metadata(method data for {method} {0x0000023990470e90} 'invoke' '(Ljava/lang/Object;J)Ljava/lang/Object;' in 'java/lang/invoke/LambdaForm$MH+0x0000023950010400')}
  0x00000239362ab830: 0048 b908 | 1147 9039 | 0200 0048 | 8d89 b801 

  0x00000239362ab840: ;   {oop(" ms"{0x0000000683629d70})}
  0x00000239362ab840: 0000 49b8 | 709d 6283 | 0600 0000 | 4d8b c84d | 85c9 7505 | 4883 4908 

  0x00000239362ab858: ;   {metadata(method data for {method} {0x000002394f0b4390} 'invokeStatic' '(Ljava/lang/Object;Ljava/lang/Object;J)Ljava/lang/Object;' in 'java/lang/invoke/DirectMethodHandle$Holder')}
  0x00000239362ab858: 0148 b948 | f2a0 9039 | 0200 0048 | 8d89 2802 

  0x00000239362ab868: ;   {oop(a 'java/lang/invoke/DirectMethodHandle'{0x0000000680c33240})}
  0x00000239362ab868: 0000 49b9 | 4032 c380 | 0600 0000 | 498b d148 | 85d2 7504 | 4883 0901 | 498b d048 | 85d2 7505 
  0x00000239362ab888: 4883 4910 

  0x00000239362ab88c: ;   {metadata(method data for {method} {0x0000023990470e90} 'invoke' '(Ljava/lang/Object;J)Ljava/lang/Object;' in 'java/lang/invoke/LambdaForm$MH+0x0000023950010400')}
  0x00000239362ab88c: 0148 b908 | 1147 9039 | 0200 0048 | 8381 8001 

  0x00000239362ab89c: ;   {metadata(method data for {method} {0x000002394f0b4390} 'invokeStatic' '(Ljava/lang/Object;Ljava/lang/Object;J)Ljava/lang/Object;' in 'java/lang/invoke/DirectMethodHandle$Holder')}
  0x00000239362ab89c: 0000 0148 | b948 f2a0 | 9039 0200 | 008b 91cc | 0000 0083 | c202 8991 | cc00 0000 | 81e2 feff 
  0x00000239362ab8bc: 1f00 83fa | 000f 8419 

  0x00000239362ab8c4: ;   {metadata(method data for {method} {0x000002394f0b4390} 'invokeStatic' '(Ljava/lang/Object;Ljava/lang/Object;J)Ljava/lang/Object;' in 'java/lang/invoke/DirectMethodHandle$Holder')}
  0x00000239362ab8c4: 0e00 0048 | b948 f2a0 | 9039 0200 | 0048 8d89 | 2001 0000 | 4d85 c975 | 0548 8349 

  0x00000239362ab8e0: ;   {metadata(method data for {method} {0x000002394f0b4390} 'invokeStatic' '(Ljava/lang/Object;Ljava/lang/Object;J)Ljava/lang/Object;' in 'java/lang/invoke/DirectMethodHandle$Holder')}
  0x00000239362ab8e0: 0801 48b9 | 48f2 a090 | 3902 0000 | 4883 8110 | 0100 0001 

  0x00000239362ab8f4: ;   {metadata(method data for {method} {0x000002394f0a3038} 'internalMemberName' '(Ljava/lang/Object;)Ljava/lang/Object;' in 'java/lang/invoke/DirectMethodHandle')}
  0x00000239362ab8f4: 48b9 88a7 | 2390 3902 | 0000 448b | 89cc 0000 | 0041 83c1 | 0244 8989 | cc00 0000 | 4181 e1fe 
  0x00000239362ab914: ff1f 0041 | 83f9 000f | 84e0 0d00 

  0x00000239362ab920: ;   {metadata(method data for {method} {0x000002394f0b4390} 'invokeStatic' '(Ljava/lang/Object;Ljava/lang/Object;J)Ljava/lang/Object;' in 'java/lang/invoke/DirectMethodHandle$Holder')}
  0x00000239362ab920: 0048 b948 | f2a0 9039 | 0200 0048 | 8d89 3001 

  0x00000239362ab930: ;   {oop(a 'java/lang/invoke/MemberName'{0x0000000680c33268} = {method} {0x000002394f424818} 'newArrayWithSuffix' '(Ljava/lang/String;J)[B' in 'java/lang/StringConcatHelper')}
  0x00000239362ab930: 0000 49b9 | 6832 c380 | 0600 0000 | 4d85 c975 | 0448 8309 

  0x00000239362ab944: ;   {metadata(method data for {method} {0x000002394f0b4390} 'invokeStatic' '(Ljava/lang/Object;Ljava/lang/Object;J)Ljava/lang/Object;' in 'java/lang/invoke/DirectMethodHandle$Holder')}
  0x00000239362ab944: 0148 b948 | f2a0 9039 | 0200 0048 | 8d89 8801 | 0000 4d8b | c84d 85c9 | 7505 4883 

  0x00000239362ab960: ;   {metadata(method data for {method} {0x000002394f0b4390} 'invokeStatic' '(Ljava/lang/Object;Ljava/lang/Object;J)Ljava/lang/Object;' in 'java/lang/invoke/DirectMethodHandle$Holder')}
  0x00000239362ab960: 4908 0148 | b948 f2a0 | 9039 0200 | 0048 8381 | 7801 0000 

  0x00000239362ab974: ;   {metadata(method data for {method} {0x000002394f424818} 'newArrayWithSuffix' '(Ljava/lang/String;J)[B' in 'java/lang/StringConcatHelper')}
  0x00000239362ab974: 0148 b900 | 332c 9239 | 0200 0044 | 8b89 cc00 | 0000 4183 | c102 4489 | 89cc 0000 | 0041 81e1 
  0x00000239362ab994: feff 1f00 | 4183 f900 | 0f84 800d | 0000 498b 

  0x00000239362ab9a4: ;   {metadata(method data for {method} {0x000002394f424818} 'newArrayWithSuffix' '(Ljava/lang/String;J)[B' in 'java/lang/StringConcatHelper')}
  0x00000239362ab9a4: c849 b900 | 332c 9239 | 0200 0049 | 8381 1001 

  0x00000239362ab9b4: ;   {metadata(method data for {method} {0x000002394f00eee0} 'length' '()I' in 'java/lang/String')}
  0x00000239362ab9b4: 0000 0148 | b9b0 1601 | 9039 0200 | 0044 8b89 | cc00 0000 | 4183 c102 | 4489 89cc | 0000 0041 
  0x00000239362ab9d4: 81e1 feff | 1f00 4183 | f900 0f84 | 5f0d 0000 

  0x00000239362ab9e4: ;   {metadata(method data for {method} {0x000002394f00eee0} 'length' '()I' in 'java/lang/String')}
  0x00000239362ab9e4: 48b9 b016 | 0190 3902 | 0000 4883 | 8110 0100 

  0x00000239362ab9f4: ;   {metadata(method data for {method} {0x000002394f45a188} 'coder' '()B' in 'java/lang/String')}
  0x00000239362ab9f4: 0001 48b9 | 70d3 0090 | 3902 0000 | 448b 81cc | 0000 0041 | 83c0 0244 | 8981 cc00 | 0000 4181 
  0x00000239362aba14: e0fe ff1f | 0041 83f8 | 000f 8441 

  0x00000239362aba20: ;   {metadata(method data for {method} {0x000002394f45a188} 'coder' '()B' in 'java/lang/String')}
  0x00000239362aba20: 0d00 0048 | b970 d300 | 9039 0200 | 00ff 8120 

  0x00000239362aba30: ;   {metadata(method data for {method} {0x000002394f45a188} 'coder' '()B' in 'java/lang/String')}
  0x00000239362aba30: 0100 0048 | b970 d300 | 9039 0200 | 00ff 8130 | 0100 004c | 8bc0 49ba | 0300 0000 | 0000 0000 
  0x00000239362aba50: ;   {metadata(method data for {method} {0x000002394f424818} 'newArrayWithSuffix' '(Ljava/lang/String;J)[B' in 'java/lang/StringConcatHelper')}
  0x00000239362aba50: 4d03 c248 | b900 332c | 9239 0200 | 0048 8381 | 4801 0000 

  0x00000239362aba64: ;   {metadata(method data for {method} {0x000002394f425160} 'newArray' '(J)[B' in 'java/lang/StringConcatHelper')}
  0x00000239362aba64: 0148 b9d8 | a004 9039 | 0200 0044 | 8b89 cc00 | 0000 4183 | c102 4489 | 89cc 0000 | 0041 81e1 
  0x00000239362aba84: feff 1f00 | 4183 f900 | 0f84 f30c | 0000 b920 | 0000 004d | 8bc8 49d3 | f945 8bc9 | 450f bec9 
  0x00000239362abaa4: 458b c049 | 8bc9 4d8b | c841 d3e1 | 4183 f900 

  0x00000239362abab4: ;   {metadata(method data for {method} {0x000002394f425160} 'newArray' '(J)[B' in 'java/lang/StringConcatHelper')}
  0x00000239362abab4: 49b8 d8a0 | 0490 3902 | 0000 48ba | 2001 0000 | 0000 0000 | 0f8c 0a00 | 0000 48ba | 1001 0000 
  0x00000239362abad4: 0000 0000 | 498b 3c10 | 488d 7f01 | 4989 3c10 | 0f8c de06 | 0000 89b4 | 2468 0100 

  0x00000239362abaf0: ;   {oop(a 'jdk/internal/misc/Unsafe'{0x0000000682803ba8})}
  0x00000239362abaf0: 0048 baa8 | 3b80 8206 | 0000 004c 

  0x00000239362abafc: ;   {metadata(method data for {method} {0x000002394f425160} 'newArray' '(J)[B' in 'java/lang/StringConcatHelper')}
  0x00000239362abafc: 8bc2 48bf | d8a0 0490 | 3902 0000 | 4883 8740 | 0100 0001 

  0x00000239362abb10: ;   {oop(a 'java/lang/Class'{0x0000000682804140} = byte)}
  0x00000239362abb10: 49b8 4041 | 8082 0600 | 0000 0f1f 

  0x00000239362abb1c: ;   {optimized virtual_call}
  0x00000239362abb1c: 4400 00e8 

  0x00000239362abb20: ; ImmutableOopMap {}
                      ;*invokevirtual allocateUninitializedArray {reexecute=0 rethrow=0 return_oop=0}
                      ; - java.lang.StringConcatHelper::newArray@33 (line 511)
                      ; - java.lang.StringConcatHelper::newArrayWithSuffix@7 (line 489)
                      ; - java.lang.invoke.DirectMethodHandle$Holder::invokeStatic@13
                      ; - java.lang.invoke.LambdaForm$MH/0x0000023950010400::invoke@23
                      ; - java.lang.invoke.LambdaForm$MH/0x000002395078bc00::invoke@33
                      ; - java.lang.invoke.Invokers$Holder::linkToTargetMethod@5
                      ; - ui.views.waveform.c.a::mCQ@135 (line 490)
  0x00000239362abb20: 9cd6 6207 

  0x00000239362abb24: ;   {other}
  0x00000239362abb24: 0f1f 8400 | 1415 000a | 4883 f800 

  0x00000239362abb30: ;   {metadata(method data for {method} {0x000002394f425160} 'newArray' '(J)[B' in 'java/lang/StringConcatHelper')}
  0x00000239362abb30: 7517 49b9 | d8a0 0490 | 3902 0000 | 4180 8971 | 0100 0001 | e9ce 0000 

  0x00000239362abb48: ;   {metadata({type array byte})}
  0x00000239362abb48: 0048 bfc0 | 2200 4f39 | 0200 0044 | 8b48 0849 | ba00 0000 | 4f39 0200 | 004d 03ca | 493b 7938 
  0x00000239362abb68: 0f85 8d00 

  0x00000239362abb6c: ;   {metadata(method data for {method} {0x000002394f425160} 'newArray' '(J)[B' in 'java/lang/StringConcatHelper')}
  0x00000239362abb6c: 0000 49b9 | d8a0 0490 | 3902 0000 | 8b78 0849 | ba00 0000 | 4f39 0200 | 0049 03fa | 493b b988 
  0x00000239362abb8c: 0100 0075 | 0d49 8381 | 9001 0000 | 01e9 7900 | 0000 493b | b998 0100 | 0075 0d49 | 8381 a001 
  0x00000239362abbac: 0000 01e9 | 6300 0000 | 4983 b988 | 0100 0000 | 7517 4989 | b988 0100 | 0049 c781 | 9001 0000 
  0x00000239362abbcc: 0100 0000 | e942 0000 | 0049 83b9 | 9801 0000 | 0075 1749 | 89b9 9801 | 0000 49c7 | 81a0 0100 
  0x00000239362abbec: 0001 0000 | 00e9 2100 | 0000 e91c 

  0x00000239362abbf8: ;   {metadata(method data for {method} {0x000002394f425160} 'newArray' '(J)[B' in 'java/lang/StringConcatHelper')}
  0x00000239362abbf8: 0000 0049 | b9d8 a004 | 9039 0200 | 0049 83a9 | 7801 0000 | 01e9 940b | 0000 e900 | 0000 0048 
  0x00000239362abc18: 8bf0 4889 | b424 7001 | 0000 488b | 8424 6001 | 0000 49b8 | 0000 0000 | 0100 0000 

  0x00000239362abc34: ;   {metadata(method data for {method} {0x000002394f424818} 'newArrayWithSuffix' '(Ljava/lang/String;J)[B' in 'java/lang/StringConcatHelper')}
  0x00000239362abc34: 493b c049 | b800 332c | 9239 0200 | 0049 b958 | 0100 0000 | 0000 000f | 8d0a 0000 | 0049 b968 
  0x00000239362abc54: 0100 0000 | 0000 004b | 8b3c 0848 | 8d7f 014b | 893c 080f | 8d55 0000 

  0x00000239362abc6c: ;   {oop(" ms"{0x0000000683629d70})}
  0x00000239362abc6c: 0048 ba70 | 9d62 8306 | 0000 004c 

  0x00000239362abc78: ;   {metadata(method data for {method} {0x000002394f424818} 'newArrayWithSuffix' '(Ljava/lang/String;J)[B' in 'java/lang/StringConcatHelper')}
  0x00000239362abc78: 8bc2 49b9 | 0033 2c92 | 3902 0000 | 4983 8178 | 0100 0001 | 4c8b c644 | 8b8c 2468 | 0100 00bf 
  0x00000239362abc98: 0000 0000 

  0x00000239362abc9c: ;   {optimized virtual_call}
  0x00000239362abc9c: 6666 90e8 

  0x00000239362abca0: ; ImmutableOopMap {[368]=Oop }
                      ;*invokevirtual getBytes {reexecute=0 rethrow=0 return_oop=0}
                      ; - java.lang.StringConcatHelper::newArrayWithSuffix@24 (line 491)
                      ; - java.lang.invoke.DirectMethodHandle$Holder::invokeStatic@13
                      ; - java.lang.invoke.LambdaForm$MH/0x0000023950010400::invoke@23
                      ; - java.lang.invoke.LambdaForm$MH/0x000002395078bc00::invoke@33
                      ; - java.lang.invoke.Invokers$Holder::linkToTargetMethod@5
                      ; - ui.views.waveform.c.a::mCQ@135 (line 490)
  0x00000239362abca0: 1c28 7407 

  0x00000239362abca4: ;   {other}
  0x00000239362abca4: 0f1f 8400 | 9416 000b 

  0x00000239362abcac: ;   {metadata(method data for {method} {0x000002394f424818} 'newArrayWithSuffix' '(Ljava/lang/String;J)[B' in 'java/lang/StringConcatHelper')}
  0x00000239362abcac: 49b8 0033 | 2c92 3902 | 0000 41ff | 80b0 0100 | 00e9 4a00 | 0000 8bb4 | 2468 0100 

  0x00000239362abcc8: ;   {oop(" ms"{0x0000000683629d70})}
  0x00000239362abcc8: 0048 ba70 | 9d62 8306 | 0000 004c 

  0x00000239362abcd4: ;   {metadata(method data for {method} {0x000002394f424818} 'newArrayWithSuffix' '(Ljava/lang/String;J)[B' in 'java/lang/StringConcatHelper')}
  0x00000239362abcd4: 8bc2 49b9 | 0033 2c92 | 3902 0000 | 4983 81c8 | 0100 0001 | 4c8b 8424 | 7001 0000 | 4c8b cebf 
  0x00000239362abcf4: 0100 0000 | 0f1f 8000 

  0x00000239362abcfc: ;   {optimized virtual_call}
  0x00000239362abcfc: 0000 00e8 

  0x00000239362abd00: ; ImmutableOopMap {[368]=Oop }
                      ;*invokevirtual getBytes {reexecute=0 rethrow=0 return_oop=0}
                      ; - java.lang.StringConcatHelper::newArrayWithSuffix@35 (line 493)
                      ; - java.lang.invoke.DirectMethodHandle$Holder::invokeStatic@13
                      ; - java.lang.invoke.LambdaForm$MH/0x0000023950010400::invoke@23
                      ; - java.lang.invoke.LambdaForm$MH/0x000002395078bc00::invoke@33
                      ; - java.lang.invoke.Invokers$Holder::linkToTargetMethod@5
                      ; - ui.views.waveform.c.a::mCQ@135 (line 490)
  0x00000239362abd00: 7c31 fe06 

  0x00000239362abd04: ;   {other}
  0x00000239362abd04: 0f1f 8400 | f416 000c | 488b b424 | 7001 0000 

  0x00000239362abd14: ;   {metadata(method data for {method} {0x000002394f0b4390} 'invokeStatic' '(Ljava/lang/Object;Ljava/lang/Object;J)Ljava/lang/Object;' in 'java/lang/invoke/DirectMethodHandle$Holder')}
  0x00000239362abd14: 48ba 48f2 | a090 3902 | 0000 488d | 92a8 0100 | 004c 8bc6 | 4d85 c075 | 0448 830a 

  0x00000239362abd30: ;   {metadata(method data for {method} {0x0000023990470e90} 'invoke' '(Ljava/lang/Object;J)Ljava/lang/Object;' in 'java/lang/invoke/LambdaForm$MH+0x0000023950010400')}
  0x00000239362abd30: 0148 ba08 | 1147 9039 | 0200 0048 | 8d92 c801 | 0000 4c8b | c64d 85c0 | 7504 4883 

  0x00000239362abd4c: ;   {metadata(method data for {method} {0x000002399304bb48} 'invoke' '(Ljava/lang/Object;J)Ljava/lang/Object;' in 'java/lang/invoke/LambdaForm$MH+0x000002395078bc00')}
  0x00000239362abd4c: 0a01 48ba | 0040 2093 | 3902 0000 | 488d 9228 | 0200 004c | 8bc6 4d85 | c075 0448 

  0x00000239362abd68: ;   {metadata(method data for {method} {0x000002399304bb48} 'invoke' '(Ljava/lang/Object;J)Ljava/lang/Object;' in 'java/lang/invoke/LambdaForm$MH+0x000002395078bc00')}
  0x00000239362abd68: 830a 0148 | ba00 4020 | 9339 0200 | 0048 8d92 | a802 0000 | 4c8b c64d | 85c0 7505 | 4883 4a08 
  0x00000239362abd88: ;   {metadata(method data for {method} {0x0000023993049a98} 'invoke' '(Ljava/lang/Object;JLjava/lang/Object;J)J' in 'java/lang/invoke/LambdaForm$MH+0x000002395078ac00')}
  0x00000239362abd88: 0148 baf8 | 9c04 9339 | 0200 0048 | 8d92 6002 

  0x00000239362abd98: ;   {oop(a 'java/lang/invoke/BoundMethodHandle$Species_LL'{0x0000000683629d88})}
  0x00000239362abd98: 0000 49b8 | 889d 6283 | 0600 0000 | 4d85 c075 | 0448 830a | 014c 8bc6 | 4d85 c075 | 0548 834a 
  0x00000239362abdb8: ;   {metadata(method data for {method} {0x000002399304bb48} 'invoke' '(Ljava/lang/Object;J)Ljava/lang/Object;' in 'java/lang/invoke/LambdaForm$MH+0x000002395078bc00')}
  0x00000239362abdb8: 1001 48ba | 0040 2093 | 3902 0000 | 4883 8270 | 0200 0001 

  0x00000239362abdcc: ;   {metadata(method data for {method} {0x0000023993049a98} 'invoke' '(Ljava/lang/Object;JLjava/lang/Object;J)J' in 'java/lang/invoke/LambdaForm$MH+0x000002395078ac00')}
  0x00000239362abdcc: 48ba f89c | 0493 3902 | 0000 448b | 82cc 0000 | 0041 83c0 | 0244 8982 | cc00 0000 | 4181 e0fe 
  0x00000239362abdec: ff1f 0041 | 83f8 000f | 84b6 0900 

  0x00000239362abdf8: ;   {metadata(method data for {method} {0x0000023993049a98} 'invoke' '(Ljava/lang/Object;JLjava/lang/Object;J)J' in 'java/lang/invoke/LambdaForm$MH+0x000002395078ac00')}
  0x00000239362abdf8: 0048 baf8 | 9c04 9339 | 0200 0048 | 8d92 b801 | 0000 4c8b | c64d 85c0 | 7505 4883 

  0x00000239362abe14: ;   {metadata(method data for {method} {0x000002394f0b4ee8} 'invokeStatic' '(Ljava/lang/Object;JLjava/lang/Object;JLjava/lang/Object;)J' in 'java/lang/invoke/DirectMethodHandle$Holder')}
  0x00000239362abe14: 4a08 0148 | ba30 2e30 | 9339 0200 | 0048 8d92 | 3802 0000 

  0x00000239362abe28: ;   {oop(a 'java/lang/invoke/DirectMethodHandle'{0x0000000682ddb088})}
  0x00000239362abe28: 49b8 88b0 | dd82 0600 | 0000 4d8b | c84d 85c9 | 7504 4883 | 0a01 4c8b | ce4d 85c9 | 7505 4883 
  0x00000239362abe48: ;   {metadata(method data for {method} {0x0000023993049a98} 'invoke' '(Ljava/lang/Object;JLjava/lang/Object;J)J' in 'java/lang/invoke/LambdaForm$MH+0x000002395078ac00')}
  0x00000239362abe48: 4a10 0148 | baf8 9c04 | 9339 0200 | 0048 8382 | 8001 0000 

  0x00000239362abe5c: ;   {metadata(method data for {method} {0x000002394f0b4ee8} 'invokeStatic' '(Ljava/lang/Object;JLjava/lang/Object;JLjava/lang/Object;)J' in 'java/lang/invoke/DirectMethodHandle$Holder')}
  0x00000239362abe5c: 0148 ba30 | 2e30 9339 | 0200 0044 | 8b8a cc00 | 0000 4183 | c102 4489 | 8acc 0000 | 0041 81e1 
  0x00000239362abe7c: feff 1f00 | 4183 f900 | 0f84 4609 

  0x00000239362abe88: ;   {metadata(method data for {method} {0x000002394f0b4ee8} 'invokeStatic' '(Ljava/lang/Object;JLjava/lang/Object;JLjava/lang/Object;)J' in 'java/lang/invoke/DirectMethodHandle$Holder')}
  0x00000239362abe88: 0000 48ba | 302e 3093 | 3902 0000 | 488d 9220 | 0100 004d | 85c0 7505 | 4883 4a08 

  0x00000239362abea4: ;   {metadata(method data for {method} {0x000002394f0b4ee8} 'invokeStatic' '(Ljava/lang/Object;JLjava/lang/Object;JLjava/lang/Object;)J' in 'java/lang/invoke/DirectMethodHandle$Holder')}
  0x00000239362abea4: 0148 ba30 | 2e30 9339 | 0200 0048 | 8382 1001 

  0x00000239362abeb4: ;   {metadata(method data for {method} {0x000002394f0a3038} 'internalMemberName' '(Ljava/lang/Object;)Ljava/lang/Object;' in 'java/lang/invoke/DirectMethodHandle')}
  0x00000239362abeb4: 0000 0148 | ba88 a723 | 9039 0200 | 0044 8b82 | cc00 0000 | 4183 c002 | 4489 82cc | 0000 0041 
  0x00000239362abed4: 81e0 feff | 1f00 4183 | f800 0f84 | 0d09 0000 

  0x00000239362abee4: ;   {metadata(method data for {method} {0x000002394f0b4ee8} 'invokeStatic' '(Ljava/lang/Object;JLjava/lang/Object;JLjava/lang/Object;)J' in 'java/lang/invoke/DirectMethodHandle$Holder')}
  0x00000239362abee4: 48ba 302e | 3093 3902 | 0000 488d | 9230 0100 

  0x00000239362abef4: ;   {oop(a 'java/lang/invoke/MemberName'{0x0000000682ddb0b0} = {method} {0x000002394f424d98} 'prepend' '(J[BJLjava/lang/String;)J' in 'java/lang/StringConcatHelper')}
  0x00000239362abef4: 0048 bbb0 | b0dd 8206 | 0000 004c | 8bc3 4d85 | c075 0448 

  0x00000239362abf08: ;   {metadata(method data for {method} {0x000002394f0b4ee8} 'invokeStatic' '(Ljava/lang/Object;JLjava/lang/Object;JLjava/lang/Object;)J' in 'java/lang/invoke/DirectMethodHandle$Holder')}
  0x00000239362abf08: 830a 0148 | ba30 2e30 | 9339 0200 | 0048 8d92 | 8801 0000 | 4c8b c64d | 85c0 7505 | 4883 4a08 
  0x00000239362abf28: ;   {metadata(method data for {method} {0x000002394f0b4ee8} 'invokeStatic' '(Ljava/lang/Object;JLjava/lang/Object;JLjava/lang/Object;)J' in 'java/lang/invoke/DirectMethodHandle$Holder')}
  0x00000239362abf28: 0148 ba30 | 2e30 9339 | 0200 0048 | 8382 7801 

  0x00000239362abf38: ;   {oop("Update Graphics Data: "{0x0000000683629d30})}
  0x00000239362abf38: 0000 0148 | bf30 9d62 | 8306 0000 | 0048 8b94 | 2460 0100 | 004c 8bc6 | 4c8b 8c24 | 5801 0000 
  0x00000239362abf58: 488b f30f 

  0x00000239362abf5c: ;   {static_call}
  0x00000239362abf5c: 1f40 00e8 

  0x00000239362abf60: ; ImmutableOopMap {[368]=Oop }
                      ;*invokestatic linkToStatic {reexecute=0 rethrow=0 return_oop=0}
                      ; - java.lang.invoke.DirectMethodHandle$Holder::invokeStatic@17
                      ; - java.lang.invoke.LambdaForm$MH/0x000002395078ac00::invoke@28
                      ; - java.lang.invoke.LambdaForm$MH/0x000002395078bc00::invoke@54
                      ; - java.lang.invoke.Invokers$Holder::linkToTargetMethod@5
                      ; - ui.views.waveform.c.a::mCQ@135 (line 490)
  0x00000239362abf60: 9cf8 5f07 

  0x00000239362abf64: ;   {other}
  0x00000239362abf64: 0f1f 8400 | 5419 000d 

  0x00000239362abf6c: ;   {metadata(method data for {method} {0x000002399304bb48} 'invoke' '(Ljava/lang/Object;J)Ljava/lang/Object;' in 'java/lang/invoke/LambdaForm$MH+0x000002395078bc00')}
  0x00000239362abf6c: 48ba 0040 | 2093 3902 | 0000 488d | 9230 0300 | 0048 8bb4 | 2470 0100 | 004c 8bc6 | 4d85 c075 
  0x00000239362abf8c: 0548 834a 

  0x00000239362abf90: ;   {metadata(method data for {method} {0x000002394f0b4390} 'invokeStatic' '(Ljava/lang/Object;Ljava/lang/Object;J)Ljava/lang/Object;' in 'java/lang/invoke/DirectMethodHandle$Holder')}
  0x00000239362abf90: 0801 48ba | 48f2 a090 | 3902 0000 | 488d 9228 

  0x00000239362abfa0: ;   {oop(a 'java/lang/invoke/DirectMethodHandle'{0x0000000680c33318})}
  0x00000239362abfa0: 0200 0049 | b818 33c3 | 8006 0000 | 004d 8bc8 | 4d85 c975 | 0448 830a | 014c 8bce | 4d85 c975 
  0x00000239362abfc0: 0548 834a 

  0x00000239362abfc4: ;   {metadata(method data for {method} {0x000002399304bb48} 'invoke' '(Ljava/lang/Object;J)Ljava/lang/Object;' in 'java/lang/invoke/LambdaForm$MH+0x000002395078bc00')}
  0x00000239362abfc4: 1001 48ba | 0040 2093 | 3902 0000 | 4883 82f8 | 0200 0001 

  0x00000239362abfd8: ;   {metadata(method data for {method} {0x000002394f0b4390} 'invokeStatic' '(Ljava/lang/Object;Ljava/lang/Object;J)Ljava/lang/Object;' in 'java/lang/invoke/DirectMethodHandle$Holder')}
  0x00000239362abfd8: 48ba 48f2 | a090 3902 | 0000 448b | 8acc 0000 | 0041 83c1 | 0244 898a | cc00 0000 | 4181 e1fe 
  0x00000239362abff8: ff1f 0041 | 83f9 000f | 840d 0800 

  0x00000239362ac004: ;   {metadata(method data for {method} {0x000002394f0b4390} 'invokeStatic' '(Ljava/lang/Object;Ljava/lang/Object;J)Ljava/lang/Object;' in 'java/lang/invoke/DirectMethodHandle$Holder')}
  0x00000239362ac004: 0048 ba48 | f2a0 9039 | 0200 0048 | 8d92 2001 | 0000 4d85 | c075 0548 | 834a 0801 

  0x00000239362ac020: ;   {metadata(method data for {method} {0x000002394f0b4390} 'invokeStatic' '(Ljava/lang/Object;Ljava/lang/Object;J)Ljava/lang/Object;' in 'java/lang/invoke/DirectMethodHandle$Holder')}
  0x00000239362ac020: 48ba 48f2 | a090 3902 | 0000 4883 | 8210 0100 

  0x00000239362ac030: ;   {metadata(method data for {method} {0x000002394f0a3038} 'internalMemberName' '(Ljava/lang/Object;)Ljava/lang/Object;' in 'java/lang/invoke/DirectMethodHandle')}
  0x00000239362ac030: 0001 48ba | 88a7 2390 | 3902 0000 | 448b 82cc | 0000 0041 | 83c0 0244 | 8982 cc00 | 0000 4181 
  0x00000239362ac050: e0fe ff1f | 0041 83f8 | 000f 84d4 

  0x00000239362ac05c: ;   {metadata(method data for {method} {0x000002394f0b4390} 'invokeStatic' '(Ljava/lang/Object;Ljava/lang/Object;J)Ljava/lang/Object;' in 'java/lang/invoke/DirectMethodHandle$Holder')}
  0x00000239362ac05c: 0700 0048 | ba48 f2a0 | 9039 0200 | 0048 8d92 | 3001 0000 

  0x00000239362ac070: ;   {oop(a 'java/lang/invoke/MemberName'{0x0000000680c33340} = {method} {0x000002394f4250b0} 'newString' '([BJ)Ljava/lang/String;' in 'java/lang/StringConcatHelper')}
  0x00000239362ac070: 49b9 4033 | c380 0600 | 0000 4d8b | c14d 85c0 | 7504 4883 

  0x00000239362ac084: ;   {metadata(method data for {method} {0x000002394f0b4390} 'invokeStatic' '(Ljava/lang/Object;Ljava/lang/Object;J)Ljava/lang/Object;' in 'java/lang/invoke/DirectMethodHandle$Holder')}
  0x00000239362ac084: 0a01 48ba | 48f2 a090 | 3902 0000 | 488d 9288 | 0100 004c | 8bc6 4d85 | c075 0548 | 834a 0801 
  0x00000239362ac0a4: 4d8b c14d | 85c0 7505 | 4883 4a18 

  0x00000239362ac0b0: ;   {metadata(method data for {method} {0x000002394f0b4390} 'invokeStatic' '(Ljava/lang/Object;Ljava/lang/Object;J)Ljava/lang/Object;' in 'java/lang/invoke/DirectMethodHandle$Holder')}
  0x00000239362ac0b0: 0148 ba48 | f2a0 9039 | 0200 0048 | 8382 7801 | 0000 0148 | 8bd6 4c8b | c066 0f1f 

  0x00000239362ac0cc: ;   {static_call}
  0x00000239362ac0cc: 4400 00e8 

  0x00000239362ac0d0: ; ImmutableOopMap {}
                      ;*invokestatic linkToStatic {reexecute=0 rethrow=0 return_oop=0}
                      ; - java.lang.invoke.DirectMethodHandle$Holder::invokeStatic@13
                      ; - java.lang.invoke.LambdaForm$MH/0x000002395078bc00::invoke@74
                      ; - java.lang.invoke.Invokers$Holder::linkToTargetMethod@5
                      ; - ui.views.waveform.c.a::mCQ@135 (line 490)
  0x00000239362ac0d0: ac25 5507 

  0x00000239362ac0d4: ;   {other}
  0x00000239362ac0d4: 0f1f 8400 | c41a 000e 

  0x00000239362ac0dc: ;   {metadata(method data for {method} {0x000002394f0b4390} 'invokeStatic' '(Ljava/lang/Object;Ljava/lang/Object;J)Ljava/lang/Object;' in 'java/lang/invoke/DirectMethodHandle$Holder')}
  0x00000239362ac0dc: 48ba 48f2 | a090 3902 | 0000 488d | 92a8 0100 | 0048 8bf0 | 4885 f675 | 0448 830a 

  0x00000239362ac0f8: ;   {metadata(method data for {method} {0x000002399304bb48} 'invoke' '(Ljava/lang/Object;J)Ljava/lang/Object;' in 'java/lang/invoke/LambdaForm$MH+0x000002395078bc00')}
  0x00000239362ac0f8: 0148 ba00 | 4020 9339 | 0200 0048 | 8d92 4003 | 0000 488b | f048 85f6 | 7506 4883 | 0a01 eb26 
  0x00000239362ac118: 8b76 0849 | ba00 0000 | 4f39 0200 | 0049 03f2 | 4833 3248 | f7c6 fcff | ffff 740a | 40f6 c602 
  0x00000239362ac138: 7504 4883 

  0x00000239362ac13c: ;   {metadata(method data for {method} {0x000002394f0aff60} 'linkToTargetMethod' '(JLjava/lang/Object;)Ljava/lang/Object;' in 'java/lang/invoke/Invokers$Holder')}
  0x00000239362ac13c: 0a02 48ba | c826 3093 | 3902 0000 | 488d 9280 | 0100 0048 | 8bf0 4885 | f675 0448 

  0x00000239362ac158: ;   {metadata(method data for {method} {0x00000239b6666858} 'mCQ' '()V' in 'ui/views/waveform/c/a')}
  0x00000239362ac158: 830a 0148 | bac8 bec7 | b639 0200 | 0048 8d92 | 5003 0000 | 488b f048 | 85f6 7504 | 4883 0a01 
  0x00000239362ac178: ;   {metadata(method data for {method} {0x00000239b6666858} 'mCQ' '()V' in 'ui/views/waveform/c/a')}
  0x00000239362ac178: 48ba c8be | c7b6 3902 | 0000 4883 | 8260 0300 | 0001 488b 

  0x00000239362ac18c: ;   {static_call}
  0x00000239362ac18c: d066 90e8 

  0x00000239362ac190: ; ImmutableOopMap {}
                      ;*invokestatic debug {reexecute=0 rethrow=0 return_oop=0}
                      ; - ui.views.waveform.c.a::mCQ@140 (line 490)
  0x00000239362ac190: 8cc2 f608 

  0x00000239362ac194: ;   {other}
  0x00000239362ac194: 0f1f 8400 | 841b 000f | 4881 c490 | 0100 005d 

  0x00000239362ac1a4: ;   {poll_return}
  0x00000239362ac1a4: 493b a750 | 0400 000f | 87a3 0600 | 00c3 4881 | c490 0100 

  0x00000239362ac1b8: ;   {poll_return}
  0x00000239362ac1b8: 005d 493b | a750 0400 | 000f 87a3 | 0600 00c3 

  0x00000239362ac1c8: ;   {metadata('java/lang/OutOfMemoryError')}
  0x00000239362ac1c8: 48ba 4834 | 024f 3902 | 0000 498b | 87b8 0100 | 0048 8d78 | 2849 3bbf | c801 0000 | 0f87 9606 
  0x00000239362ac1e8: 0000 4989 | bfb8 0100 | 0048 c700 | 0100 0000 | 488b ca49 | ba00 0000 | 4f39 0200 | 0049 2bca 
  0x00000239362ac208: 8948 0848 | 33c9 8948 | 0c48 33c9 | 4889 4810 | 4889 4818 | 4889 4820 

  0x00000239362ac220: ;   {metadata(method data for {method} {0x000002394f425160} 'newArray' '(J)[B' in 'java/lang/StringConcatHelper')}
  0x00000239362ac220: 4c8b c048 | bad8 a004 | 9039 0200 | 0048 8382 | 3001 0000 

  0x00000239362ac234: ;   {oop("Overflow: String length out of range"{0x00000006806f5230})}
  0x00000239362ac234: 0149 b830 | 526f 8006 | 0000 0048 | 8bd0 4889 | 8424 7801 | 0000 0f1f 

  0x00000239362ac24c: ;   {optimized virtual_call}
  0x00000239362ac24c: 4400 00e8 

  0x00000239362ac250: ; ImmutableOopMap {[376]=Oop }
                      ;*invokespecial <init> {reexecute=0 rethrow=0 return_oop=0}
                      ; - java.lang.StringConcatHelper::newArray@22 (line 509)
                      ; - java.lang.StringConcatHelper::newArrayWithSuffix@7 (line 489)
                      ; - java.lang.invoke.DirectMethodHandle$Holder::invokeStatic@13
                      ; - java.lang.invoke.LambdaForm$MH/0x0000023950010400::invoke@23
                      ; - java.lang.invoke.LambdaForm$MH/0x000002395078bc00::invoke@33
                      ; - java.lang.invoke.Invokers$Holder::linkToTargetMethod@5
                      ; - ui.views.waveform.c.a::mCQ@135 (line 490)
  0x00000239362ac250: 2c2c fe06 

  0x00000239362ac254: ;   {other}
  0x00000239362ac254: 0f1f 8400 | 441c 0010 | 488b 8424 | 7801 0000 | e953 0600 

  0x00000239362ac268: ;   {metadata('java/lang/OutOfMemoryError')}
  0x00000239362ac268: 0048 ba48 | 3402 4f39 | 0200 0049 | 8b87 b801 | 0000 488d | 7828 493b | bfc8 0100 | 000f 8702 
  0x00000239362ac288: 0600 0049 | 89bf b801 | 0000 48c7 | 0001 0000 | 0048 8bca | 49ba 0000 | 004f 3902 | 0000 492b 
  0x00000239362ac2a8: ca89 4808 | 4833 c989 | 480c 4833 | c948 8948 | 1048 8948 | 1848 8948 | 204c 8bc0 

  0x00000239362ac2c4: ;   {metadata(method data for {method} {0x000002394f424920} 'checkOverflow' '(J)J' in 'java/lang/StringConcatHelper')}
  0x00000239362ac2c4: 48ba 38f3 | 2290 3902 | 0000 4883 | 8230 0100 

  0x00000239362ac2d4: ;   {oop("Overflow: String length out of range"{0x00000006806f5230})}
  0x00000239362ac2d4: 0001 49b8 | 3052 6f80 | 0600 0000 | 488b d048 | 8984 2480 | 0100 000f 

  0x00000239362ac2ec: ;   {optimized virtual_call}
  0x00000239362ac2ec: 1f40 00e8 

  0x00000239362ac2f0: ; ImmutableOopMap {[384]=Oop }
                      ;*invokespecial <init> {reexecute=0 rethrow=0 return_oop=0}
                      ; - java.lang.StringConcatHelper::checkOverflow@13 (line 68)
                      ; - java.lang.StringConcatHelper::mix@7 (line 112)
                      ; - java.lang.invoke.DirectMethodHandle$Holder::invokeStatic@13
                      ; - java.lang.invoke.LambdaForm$MH/0x000002395078b800::invoke@23
                      ; - java.lang.invoke.LambdaForm$MH/0x000002395078bc00::invoke@15
                      ; - java.lang.invoke.Invokers$Holder::linkToTargetMethod@5
                      ; - ui.views.waveform.c.a::mCQ@135 (line 490)
  0x00000239362ac2f0: 8c2b fe06 

  0x00000239362ac2f4: ;   {other}
  0x00000239362ac2f4: 0f1f 8400 | e41c 0011 | 488b 8424 | 8001 0000 | e9b3 0500 

  0x00000239362ac308: ;   {metadata({method} {0x00000239b6666858} 'mCQ' '()V' in 'ui/views/waveform/c/a')}
  0x00000239362ac308: 0049 ba50 | 6866 b639 | 0200 004c | 8954 2408 | 48c7 0424 | ffff ffff 

  0x00000239362ac320: ;   {runtime_call counter_overflow Runtime1 stub}
  0x00000239362ac320: e8db 230c 

  0x00000239362ac324: ; ImmutableOopMap {rdx=Oop [304]=Oop }
                      ;*synchronization entry
                      ; - ui.views.waveform.c.a::mCQ@-1 (line 463)
  0x00000239362ac324: 07e9 e5e7 

  0x00000239362ac328: ;   {runtime_call throw_null_pointer_exception Runtime1 stub}
  0x00000239362ac328: ffff e871 

  0x00000239362ac32c: ; ImmutableOopMap {rdx=Oop [304]=Oop }
                      ;*getfield zvP {reexecute=1 rethrow=0 return_oop=0}
                      ; - (reexecute) ui.views.waveform.c.a::mCQ@4 (line 463)
                      ;   {runtime_call throw_null_pointer_exception Runtime1 stub}
  0x00000239362ac32c: c10b 07e8 

  0x00000239362ac330: ; ImmutableOopMap {rdx=Oop rsi=Oop [304]=Oop }
                      ;*invokevirtual mDy {reexecute=0 rethrow=0 return_oop=0}
                      ; - ui.views.waveform.c.a::mCQ@7 (line 463)
  0x00000239362ac330: 6cc1 0b07 

  0x00000239362ac334: ;   {metadata({method} {0x00000239906931b8} 'gnK' '()J' in 'ui/utils/s/d')}
  0x00000239362ac334: 49ba b031 | 6990 3902 | 0000 4c89 | 5424 0848 | c704 24ff 

  0x00000239362ac348: ;   {runtime_call counter_overflow Runtime1 stub}
  0x00000239362ac348: ffff ffe8 

  0x00000239362ac34c: ; ImmutableOopMap {[304]=Oop [312]=Oop }
                      ;*synchronization entry
                      ; - ui.utils.s.d::gnK@-1 (line 380)
                      ; - ui.views.waveform.c.a::mCQ@16 (line 467)
  0x00000239362ac34c: b023 0c07 | e973 e8ff | ff48 8bd2 

  0x00000239362ac358: ;   {runtime_call fast_new_instance Runtime1 stub}
  0x00000239362ac358: e823 cc0b 

  0x00000239362ac35c: ; ImmutableOopMap {[304]=Oop [312]=Oop }
                      ;*new {reexecute=0 rethrow=0 return_oop=0}
                      ; - ui.views.waveform.c.a::mCQ@20 (line 469)
  0x00000239362ac35c: 07e9 e4e8 

  0x00000239362ac360: ;   {metadata({method} {0x000002394f0bd390} '<init>' '()V' in 'java/util/ArrayList')}
  0x00000239362ac360: ffff 49ba | 88d3 0b4f | 3902 0000 | 4c89 5424 | 0848 c704 | 24ff ffff 

  0x00000239362ac378: ;   {runtime_call counter_overflow Runtime1 stub}
  0x00000239362ac378: ffe8 8223 

  0x00000239362ac37c: ; ImmutableOopMap {rax=Oop [304]=Oop [312]=Oop }
                      ;*synchronization entry
                      ; - java.util.ArrayList::<init>@-1 (line 168)
                      ; - ui.views.waveform.c.a::mCQ@24 (line 469)
  0x00000239362ac37c: 0c07 e900 

  0x00000239362ac380: ;   {metadata({method} {0x000002394f05b948} '<init>' '()V' in 'java/util/AbstractList')}
  0x00000239362ac380: e9ff ff49 | ba40 b905 | 4f39 0200 | 004c 8954 | 2408 48c7 | 0424 ffff 

  0x00000239362ac398: ;   {runtime_call counter_overflow Runtime1 stub}
  0x00000239362ac398: ffff e861 

  0x00000239362ac39c: ; ImmutableOopMap {rax=Oop [304]=Oop [312]=Oop }
                      ;*synchronization entry
                      ; - java.util.AbstractList::<init>@-1 (line 80)
                      ; - java.util.ArrayList::<init>@1 (line 168)
                      ; - ui.views.waveform.c.a::mCQ@24 (line 469)
  0x00000239362ac39c: 230c 07e9 | 1ce9 ffff 

  0x00000239362ac3a4: ;   {metadata({method} {0x000002394f05acf8} '<init>' '()V' in 'java/util/AbstractCollection')}
  0x00000239362ac3a4: 49ba f0ac | 054f 3902 | 0000 4c89 | 5424 0848 | c704 24ff 

  0x00000239362ac3b8: ;   {runtime_call counter_overflow Runtime1 stub}
  0x00000239362ac3b8: ffff ffe8 

  0x00000239362ac3bc: ; ImmutableOopMap {rax=Oop [304]=Oop [312]=Oop }
                      ;*synchronization entry
                      ; - java.util.AbstractCollection::<init>@-1 (line 70)
                      ; - java.util.AbstractList::<init>@1 (line 80)
                      ; - java.util.ArrayList::<init>@1 (line 168)
                      ; - ui.views.waveform.c.a::mCQ@24 (line 469)
  0x00000239362ac3bc: 4023 0c07 | e938 e9ff 

  0x00000239362ac3c4: ;   {metadata({method} {0x000002394f479fd0} '<init>' '()V' in 'java/lang/Object')}
  0x00000239362ac3c4: ff49 bac8 | 9f47 4f39 | 0200 004c | 8954 2408 | 48c7 0424 | ffff ffff 

  0x00000239362ac3dc: ;   {runtime_call counter_overflow Runtime1 stub}
  0x00000239362ac3dc: e81f 230c 

  0x00000239362ac3e0: ; ImmutableOopMap {rax=Oop [304]=Oop [312]=Oop }
                      ;*synchronization entry
                      ; - java.lang.Object::<init>@-1 (line 45)
                      ; - java.util.AbstractCollection::<init>@1 (line 70)
                      ; - java.util.AbstractList::<init>@1 (line 80)
                      ; - java.util.ArrayList::<init>@1 (line 168)
                      ; - ui.views.waveform.c.a::mCQ@24 (line 469)
  0x00000239362ac3e0: 07e9 54e9 | ffff 8b50 | 1448 c1e2 | 0348 83fa | 000f 8451 | e9ff ff48 

  0x00000239362ac3f8: ;   {runtime_call g1_pre_barrier_slow}
  0x00000239362ac3f8: 8914 24e8 | 002a 0c07 | e943 e9ff | ff48 83fa | 000f 8469 | e9ff ff48 

  0x00000239362ac410: ;   {runtime_call g1_post_barrier_slow}
  0x00000239362ac410: 8904 24e8 | 682d 0c07 | e95b e9ff | ff48 8bd2 

  0x00000239362ac420: ;   {runtime_call fast_new_instance Runtime1 stub}
  0x00000239362ac420: e85b cb0b 

  0x00000239362ac424: ; ImmutableOopMap {r11=Oop [304]=Oop [312]=Oop [328]=Oop }
                      ;*new {reexecute=0 rethrow=0 return_oop=0}
                      ; - ui.views.waveform.c.a::mCQ@37 (line 472)
  0x00000239362ac424: 07e9 08ea 

  0x00000239362ac428: ;   {runtime_call throw_null_pointer_exception Runtime1 stub}
  0x00000239362ac428: ffff e871 

  0x00000239362ac42c: ; ImmutableOopMap {r11=Oop rax=Oop r8=Oop [304]=Oop [312]=Oop [328]=Oop }
                      ;*invokevirtual mBu {reexecute=0 rethrow=0 return_oop=0}
                      ; - ui.views.waveform.c.a::mCQ@47 (line 472)
                      ;   {metadata({method} {0x0000023992f05190} 'mBu' '()Lui/views/waveform/c/a;' in 'ui/views/waveform/u')}
  0x00000239362ac42c: c00b 0749 | ba88 51f0 | 9239 0200 | 004c 8954 | 2408 48c7 | 0424 ffff 

  0x00000239362ac444: ;   {runtime_call counter_overflow Runtime1 stub}
  0x00000239362ac444: ffff e8b5 

  0x00000239362ac448: ; ImmutableOopMap {r11=Oop rax=Oop r8=Oop [304]=Oop [312]=Oop [328]=Oop }
                      ;*synchronization entry
                      ; - ui.views.waveform.u::mBu@-1 (line 597)
                      ; - ui.views.waveform.c.a::mCQ@47 (line 472)
  0x00000239362ac448: 220c 07e9 | 2fea ffff 

  0x00000239362ac450: ;   {runtime_call throw_null_pointer_exception Runtime1 stub}
  0x00000239362ac450: e84b c00b 

  0x00000239362ac454: ; ImmutableOopMap {r11=Oop rax=Oop [304]=Oop [312]=Oop [328]=Oop }
                      ;*getfield zuK {reexecute=1 rethrow=0 return_oop=0}
                      ; - (reexecute) ui.views.waveform.u::mBu@15 (line 597)
                      ; - ui.views.waveform.c.a::mCQ@47 (line 472)
  0x00000239362ac454: 0744 8b82 | 0402 0000 | 49c1 e003 | 4983 f800 | 0f84 d9ea | ffff 4c89 

  0x00000239362ac46c: ;   {runtime_call g1_pre_barrier_slow}
  0x00000239362ac46c: 0424 e88d | 290c 07e9 | cbea ffff | 4883 f800 | 0f84 ebea | ffff 4889 

  0x00000239362ac484: ;   {runtime_call g1_post_barrier_slow}
  0x00000239362ac484: 1424 e8f5 | 2c0c 07e9 | ddea ffff | 448b 4028 | 49c1 e003 | 4983 f800 | 0f84 daea | ffff 4c89 
  0x00000239362ac4a4: ;   {runtime_call g1_pre_barrier_slow}
  0x00000239362ac4a4: 0424 e855 | 290c 07e9 | ccea ffff | 4883 ff00 | 0f84 e9ea | ffff 4889 

  0x00000239362ac4bc: ;   {runtime_call g1_post_barrier_slow}
  0x00000239362ac4bc: 0424 e8bd | 2c0c 07e9 | dbea ffff | 448b 4044 | 49c1 e003 | 4983 f800 | 0f84 d8ea | ffff 4c89 
  0x00000239362ac4dc: ;   {runtime_call g1_pre_barrier_slow}
  0x00000239362ac4dc: 0424 e81d | 290c 07e9 | caea ffff | 448b 4030 | 49c1 e003 | 4983 f800 | 0f84 ceea | ffff 4c89 
  0x00000239362ac4fc: ;   {runtime_call g1_pre_barrier_slow}
  0x00000239362ac4fc: 0424 e8fd | 280c 07e9 | c0ea ffff 

  0x00000239362ac508: ;   {metadata({method} {0x00000239b6972b50} 'ch' '(Ljava/io/InputStream;)Z' in 'ui/data/r/a')}
  0x00000239362ac508: 49ba 482b | 97b6 3902 | 0000 4c89 | 5424 0848 | c704 24ff 

  0x00000239362ac51c: ;   {runtime_call counter_overflow Runtime1 stub}
  0x00000239362ac51c: ffff ffe8 

  0x00000239362ac520: ; ImmutableOopMap {rdx=Oop rax=Oop [304]=Oop [312]=Oop }
                      ;*synchronization entry
                      ; - ui.data.r.a::ch@-1 (line 293)
                      ; - ui.views.waveform.c.a::mCQ@86 (line 479)
  0x00000239362ac520: dc21 0c07 | e9e5 eaff 

  0x00000239362ac528: ;   {runtime_call throw_null_pointer_exception Runtime1 stub}
  0x00000239362ac528: ffe8 72bf 

  0x00000239362ac52c: ; ImmutableOopMap {rdx=Oop rsi=Oop [304]=Oop }
                      ;*invokevirtual mBu {reexecute=0 rethrow=0 return_oop=0}
                      ; - ui.views.waveform.c.a::mCQ@94 (line 480)
                      ;   {metadata({method} {0x0000023992f05190} 'mBu' '()Lui/views/waveform/c/a;' in 'ui/views/waveform/u')}
  0x00000239362ac52c: 0b07 49ba | 8851 f092 | 3902 0000 | 4c89 5424 | 0848 c704 | 24ff ffff 

  0x00000239362ac544: ;   {runtime_call counter_overflow Runtime1 stub}
  0x00000239362ac544: ffe8 b621 

  0x00000239362ac548: ; ImmutableOopMap {rdx=Oop rsi=Oop [304]=Oop }
                      ;*synchronization entry
                      ; - ui.views.waveform.u::mBu@-1 (line 597)
                      ; - ui.views.waveform.c.a::mCQ@94 (line 480)
  0x00000239362ac548: 0c07 e98c 

  0x00000239362ac54c: ;   {runtime_call throw_null_pointer_exception Runtime1 stub}
  0x00000239362ac54c: ebff ffe8 

  0x00000239362ac550: ; ImmutableOopMap {rdx=Oop [304]=Oop }
                      ;*getfield zuK {reexecute=1 rethrow=0 return_oop=0}
                      ; - (reexecute) ui.views.waveform.u::mBu@15 (line 597)
                      ; - ui.views.waveform.c.a::mCQ@94 (line 480)
  0x00000239362ac550: 4cbf 0b07 

  0x00000239362ac554: ;   {runtime_call throw_null_pointer_exception Runtime1 stub}
  0x00000239362ac554: e847 bf0b 

  0x00000239362ac558: ; ImmutableOopMap {rsi=Oop [304]=Oop }
                      ;*invokevirtual revalidate {reexecute=0 rethrow=0 return_oop=0}
                      ; - ui.views.waveform.c.a::mCQ@97 (line 480)
  0x00000239362ac558: 0744 8b46 | 2849 c1e0 | 0349 83f8 | 000f 84b9 | ecff ff4c 

  0x00000239362ac56c: ;   {runtime_call g1_pre_barrier_slow}
  0x00000239362ac56c: 8904 24e8 | 8c28 0c07 | e9ab ecff 

  0x00000239362ac578: ;   {runtime_call throw_null_pointer_exception Runtime1 stub}
  0x00000239362ac578: ffe8 22bf 

  0x00000239362ac57c: ; ImmutableOopMap {rsi=Oop rdi=Oop rbx=Oop [304]=Oop [312]=Oop }
                      ;*putfield iMr {reexecute=1 rethrow=0 return_oop=0}
                      ; - (reexecute) ui.views.waveform.c.a::mCQ@109 (line 483)
  0x00000239362ac57c: 0b07 4883 | ff00 0f84 | bbec ffff | 4889 3424 

  0x00000239362ac58c: ;   {runtime_call g1_post_barrier_slow}
  0x00000239362ac58c: e8ef 2b0c | 07e9 adec 

  0x00000239362ac594: ;   {metadata({method} {0x0000023990fd42b8} 'iTS' '()V' in 'ui/frmwork/b/b')}
  0x00000239362ac594: ffff 49ba | b042 fd90 | 3902 0000 | 4c89 5424 | 0848 c704 | 24ff ffff 

  0x00000239362ac5ac: ;   {runtime_call counter_overflow Runtime1 stub}
  0x00000239362ac5ac: ffe8 4e21 

  0x00000239362ac5b0: ; ImmutableOopMap {[304]=Oop }
                      ;*synchronization entry
                      ; - ui.frmwork.b.b::iTS@-1 (line 1202)
                      ; - ui.views.waveform.c.a::mCQ@127 (line 488)
  0x00000239362ac5b0: 0c07 e9ad 

  0x00000239362ac5b4: ;   {metadata({method} {0x00000239906931b8} 'gnK' '()J' in 'ui/utils/s/d')}
  0x00000239362ac5b4: edff ff49 | bab0 3169 | 9039 0200 | 004c 8954 | 2408 48c7 | 0424 ffff 

  0x00000239362ac5cc: ;   {runtime_call counter_overflow Runtime1 stub}
  0x00000239362ac5cc: ffff e82d 

  0x00000239362ac5d0: ; ImmutableOopMap {}
                      ;*synchronization entry
                      ; - ui.utils.s.d::gnK@-1 (line 380)
                      ; - ui.views.waveform.c.a::mCQ@130 (line 490)
  0x00000239362ac5d0: 210c 07e9 | deee ffff 

  0x00000239362ac5d8: ;   {metadata({method} {0x000002394f0aff60} 'linkToTargetMethod' '(JLjava/lang/Object;)Ljava/lang/Object;' in 'java/lang/invoke/Invokers$Holder')}
  0x00000239362ac5d8: 49ba 58ff | 0a4f 3902 | 0000 4c89 | 5424 0848 | c704 24ff 

  0x00000239362ac5ec: ;   {runtime_call counter_overflow Runtime1 stub}
  0x00000239362ac5ec: ffff ffe8 

  0x00000239362ac5f0: ; ImmutableOopMap {rsi=Oop }
                      ;*synchronization entry
                      ; - java.lang.invoke.Invokers$Holder::linkToTargetMethod@-1
                      ; - ui.views.waveform.c.a::mCQ@135 (line 490)
  0x00000239362ac5f0: 0c21 0c07 | e957 efff 

  0x00000239362ac5f8: ;   {metadata({method} {0x000002399304bb48} 'invoke' '(Ljava/lang/Object;J)Ljava/lang/Object;' in 'java/lang/invoke/LambdaForm$MH+0x000002395078bc00')}
  0x00000239362ac5f8: ff49 ba40 | bb04 9339 | 0200 004c | 8954 2408 | 48c7 0424 | ffff ffff 

  0x00000239362ac610: ;   {runtime_call counter_overflow Runtime1 stub}
  0x00000239362ac610: e8eb 200c 

  0x00000239362ac614: ; ImmutableOopMap {}
                      ;*synchronization entry
                      ; - java.lang.invoke.LambdaForm$MH/0x000002395078bc00::invoke@-1
                      ; - java.lang.invoke.Invokers$Holder::linkToTargetMethod@5
                      ; - ui.views.waveform.c.a::mCQ@135 (line 490)
  0x00000239362ac614: 07e9 8aef 

  0x00000239362ac618: ;   {metadata({method} {0x000002399304b2a0} 'invoke' '(Ljava/lang/Object;J)J' in 'java/lang/invoke/LambdaForm$MH+0x000002395078b800')}
  0x00000239362ac618: ffff 49ba | 98b2 0493 | 3902 0000 | 4c89 5424 | 0848 c704 | 24ff ffff 

  0x00000239362ac630: ;   {runtime_call counter_overflow Runtime1 stub}
  0x00000239362ac630: ffe8 ca20 

  0x00000239362ac634: ; ImmutableOopMap {}
                      ;*synchronization entry
                      ; - java.lang.invoke.LambdaForm$MH/0x000002395078b800::invoke@-1
                      ; - java.lang.invoke.LambdaForm$MH/0x000002395078bc00::invoke@15
                      ; - java.lang.invoke.Invokers$Holder::linkToTargetMethod@5
                      ; - ui.views.waveform.c.a::mCQ@135 (line 490)
  0x00000239362ac634: 0c07 e9c7 

  0x00000239362ac638: ;   {metadata({method} {0x000002394f0b4ff0} 'invokeStatic' '(Ljava/lang/Object;JJ)J' in 'java/lang/invoke/DirectMethodHandle$Holder')}
  0x00000239362ac638: efff ff49 | bae8 4f0b | 4f39 0200 | 004c 8954 | 2408 48c7 | 0424 ffff 

  0x00000239362ac650: ;   {runtime_call counter_overflow Runtime1 stub}
  0x00000239362ac650: ffff e8a9 

  0x00000239362ac654: ; ImmutableOopMap {rsi=Oop }
                      ;*synchronization entry
                      ; - java.lang.invoke.DirectMethodHandle$Holder::invokeStatic@-1
                      ; - java.lang.invoke.LambdaForm$MH/0x000002395078b800::invoke@23
                      ; - java.lang.invoke.LambdaForm$MH/0x000002395078bc00::invoke@15
                      ; - java.lang.invoke.Invokers$Holder::linkToTargetMethod@5
                      ; - ui.views.waveform.c.a::mCQ@135 (line 490)
  0x00000239362ac654: 200c 07e9 | 07f0 ffff 

  0x00000239362ac65c: ;   {metadata({method} {0x000002394f0a3038} 'internalMemberName' '(Ljava/lang/Object;)Ljava/lang/Object;' in 'java/lang/invoke/DirectMethodHandle')}
  0x00000239362ac65c: 49ba 3030 | 0a4f 3902 | 0000 4c89 | 5424 0848 | c704 24ff 

  0x00000239362ac670: ;   {runtime_call counter_overflow Runtime1 stub}
  0x00000239362ac670: ffff ffe8 

  0x00000239362ac674: ; ImmutableOopMap {}
                      ;*synchronization entry
                      ; - java.lang.invoke.DirectMethodHandle::internalMemberName@-1 (line 327)
                      ; - java.lang.invoke.DirectMethodHandle$Holder::invokeStatic@1
                      ; - java.lang.invoke.LambdaForm$MH/0x000002395078b800::invoke@23
                      ; - java.lang.invoke.LambdaForm$MH/0x000002395078bc00::invoke@15
                      ; - java.lang.invoke.Invokers$Holder::linkToTargetMethod@5
                      ; - ui.views.waveform.c.a::mCQ@135 (line 490)
  0x00000239362ac674: 8820 0c07 | e93b f0ff 

  0x00000239362ac67c: ;   {metadata({method} {0x000002394f424ef8} 'mix' '(JJ)J' in 'java/lang/StringConcatHelper')}
  0x00000239362ac67c: ff49 baf0 | 4e42 4f39 | 0200 004c | 8954 2408 | 48c7 0424 | ffff ffff 

  0x00000239362ac694: ;   {runtime_call counter_overflow Runtime1 stub}
  0x00000239362ac694: e867 200c 

  0x00000239362ac698: ; ImmutableOopMap {}
                      ;*synchronization entry
                      ; - java.lang.StringConcatHelper::mix@-1 (line 112)
                      ; - java.lang.invoke.DirectMethodHandle$Holder::invokeStatic@13
                      ; - java.lang.invoke.LambdaForm$MH/0x000002395078b800::invoke@23
                      ; - java.lang.invoke.LambdaForm$MH/0x000002395078bc00::invoke@15
                      ; - java.lang.invoke.Invokers$Holder::linkToTargetMethod@5
                      ; - ui.views.waveform.c.a::mCQ@135 (line 490)
  0x00000239362ac698: 07e9 78f0 

  0x00000239362ac69c: ;   {metadata({method} {0x000002394f424920} 'checkOverflow' '(J)J' in 'java/lang/StringConcatHelper')}
  0x00000239362ac69c: ffff 49ba | 1849 424f | 3902 0000 | 4c89 5424 | 0848 c704 | 24ff ffff 

  0x00000239362ac6b4: ;   {runtime_call counter_overflow Runtime1 stub}
  0x00000239362ac6b4: ffe8 4620 

  0x00000239362ac6b8: ; ImmutableOopMap {}
                      ;*synchronization entry
                      ; - java.lang.StringConcatHelper::checkOverflow@-1 (line 65)
                      ; - java.lang.StringConcatHelper::mix@7 (line 112)
                      ; - java.lang.invoke.DirectMethodHandle$Holder::invokeStatic@13
                      ; - java.lang.invoke.LambdaForm$MH/0x000002395078b800::invoke@23
                      ; - java.lang.invoke.LambdaForm$MH/0x000002395078bc00::invoke@15
                      ; - java.lang.invoke.Invokers$Holder::linkToTargetMethod@5
                      ; - ui.views.waveform.c.a::mCQ@135 (line 490)
  0x00000239362ac6b8: 0c07 e9d4 

  0x00000239362ac6bc: ;   {metadata({method} {0x0000023990470e90} 'invoke' '(Ljava/lang/Object;J)Ljava/lang/Object;' in 'java/lang/invoke/LambdaForm$MH+0x0000023950010400')}
  0x00000239362ac6bc: f0ff ff49 | ba88 0e47 | 9039 0200 | 004c 8954 | 2408 48c7 | 0424 ffff 

  0x00000239362ac6d4: ;   {runtime_call counter_overflow Runtime1 stub}
  0x00000239362ac6d4: ffff e825 

  0x00000239362ac6d8: ; ImmutableOopMap {}
                      ;*synchronization entry
                      ; - java.lang.invoke.LambdaForm$MH/0x0000023950010400::invoke@-1
                      ; - java.lang.invoke.LambdaForm$MH/0x000002395078bc00::invoke@33
                      ; - java.lang.invoke.Invokers$Holder::linkToTargetMethod@5
                      ; - ui.views.waveform.c.a::mCQ@135 (line 490)
  0x00000239362ac6d8: 200c 07e9 | 51f1 ffff 

  0x00000239362ac6e0: ;   {metadata({method} {0x000002394f0b4390} 'invokeStatic' '(Ljava/lang/Object;Ljava/lang/Object;J)Ljava/lang/Object;' in 'java/lang/invoke/DirectMethodHandle$Holder')}
  0x00000239362ac6e0: 49ba 8843 | 0b4f 3902 | 0000 4c89 | 5424 0848 | c704 24ff 

  0x00000239362ac6f4: ;   {runtime_call counter_overflow Runtime1 stub}
  0x00000239362ac6f4: ffff ffe8 

  0x00000239362ac6f8: ; ImmutableOopMap {r8=Oop r9=Oop }
                      ;*synchronization entry
                      ; - java.lang.invoke.DirectMethodHandle$Holder::invokeStatic@-1
                      ; - java.lang.invoke.LambdaForm$MH/0x0000023950010400::invoke@23
                      ; - java.lang.invoke.LambdaForm$MH/0x000002395078bc00::invoke@33
                      ; - java.lang.invoke.Invokers$Holder::linkToTargetMethod@5
                      ; - ui.views.waveform.c.a::mCQ@135 (line 490)
  0x00000239362ac6f8: 0420 0c07 | e9c6 f1ff 

  0x00000239362ac700: ;   {metadata({method} {0x000002394f0a3038} 'internalMemberName' '(Ljava/lang/Object;)Ljava/lang/Object;' in 'java/lang/invoke/DirectMethodHandle')}
  0x00000239362ac700: ff49 ba30 | 300a 4f39 | 0200 004c | 8954 2408 | 48c7 0424 | ffff ffff 

  0x00000239362ac718: ;   {runtime_call counter_overflow Runtime1 stub}
  0x00000239362ac718: e8e3 1f0c 

  0x00000239362ac71c: ; ImmutableOopMap {r8=Oop }
                      ;*synchronization entry
                      ; - java.lang.invoke.DirectMethodHandle::internalMemberName@-1 (line 327)
                      ; - java.lang.invoke.DirectMethodHandle$Holder::invokeStatic@1
                      ; - java.lang.invoke.LambdaForm$MH/0x0000023950010400::invoke@23
                      ; - java.lang.invoke.LambdaForm$MH/0x000002395078bc00::invoke@33
                      ; - java.lang.invoke.Invokers$Holder::linkToTargetMethod@5
                      ; - ui.views.waveform.c.a::mCQ@135 (line 490)
  0x00000239362ac71c: 07e9 fff1 

  0x00000239362ac720: ;   {metadata({method} {0x000002394f424818} 'newArrayWithSuffix' '(Ljava/lang/String;J)[B' in 'java/lang/StringConcatHelper')}
  0x00000239362ac720: ffff 49ba | 1048 424f | 3902 0000 | 4c89 5424 | 0848 c704 | 24ff ffff 

  0x00000239362ac738: ;   {runtime_call counter_overflow Runtime1 stub}
  0x00000239362ac738: ffe8 c21f 

  0x00000239362ac73c: ; ImmutableOopMap {r8=Oop }
                      ;*synchronization entry
                      ; - java.lang.StringConcatHelper::newArrayWithSuffix@-1 (line 489)
                      ; - java.lang.invoke.DirectMethodHandle$Holder::invokeStatic@13
                      ; - java.lang.invoke.LambdaForm$MH/0x0000023950010400::invoke@23
                      ; - java.lang.invoke.LambdaForm$MH/0x000002395078bc00::invoke@33
                      ; - java.lang.invoke.Invokers$Holder::linkToTargetMethod@5
                      ; - ui.views.waveform.c.a::mCQ@135 (line 490)
  0x00000239362ac73c: 0c07 e95f 

  0x00000239362ac740: ;   {metadata({method} {0x000002394f00eee0} 'length' '()I' in 'java/lang/String')}
  0x00000239362ac740: f2ff ff49 | bad8 ee00 | 4f39 0200 | 004c 8954 | 2408 48c7 | 0424 ffff 

  0x00000239362ac758: ;   {runtime_call counter_overflow Runtime1 stub}
  0x00000239362ac758: ffff e8a1 

  0x00000239362ac75c: ; ImmutableOopMap {r8=Oop }
                      ;*synchronization entry
                      ; - java.lang.String::length@-1 (line 1519)
                      ; - java.lang.StringConcatHelper::newArrayWithSuffix@2 (line 489)
                      ; - java.lang.invoke.DirectMethodHandle$Holder::invokeStatic@13
                      ; - java.lang.invoke.LambdaForm$MH/0x0000023950010400::invoke@23
                      ; - java.lang.invoke.LambdaForm$MH/0x000002395078bc00::invoke@33
                      ; - java.lang.invoke.Invokers$Holder::linkToTargetMethod@5
                      ; - ui.views.waveform.c.a::mCQ@135 (line 490)
  0x00000239362ac75c: 1f0c 07e9 | 80f2 ffff 

  0x00000239362ac764: ;   {metadata({method} {0x000002394f45a188} 'coder' '()B' in 'java/lang/String')}
  0x00000239362ac764: 49ba 80a1 | 454f 3902 | 0000 4c89 | 5424 0848 | c704 24ff 

  0x00000239362ac778: ;   {runtime_call counter_overflow Runtime1 stub}
  0x00000239362ac778: ffff ffe8 

  0x00000239362ac77c: ; ImmutableOopMap {}
                      ;*synchronization entry
                      ; - java.lang.String::coder@-1 (line 4809)
                      ; - java.lang.String::length@6 (line 1519)
                      ; - java.lang.StringConcatHelper::newArrayWithSuffix@2 (line 489)
                      ; - java.lang.invoke.DirectMethodHandle$Holder::invokeStatic@13
                      ; - java.lang.invoke.LambdaForm$MH/0x0000023950010400::invoke@23
                      ; - java.lang.invoke.LambdaForm$MH/0x000002395078bc00::invoke@33
                      ; - java.lang.invoke.Invokers$Holder::linkToTargetMethod@5
                      ; - ui.views.waveform.c.a::mCQ@135 (line 490)
  0x00000239362ac77c: 801f 0c07 | e99e f2ff 

  0x00000239362ac784: ;   {metadata({method} {0x000002394f425160} 'newArray' '(J)[B' in 'java/lang/StringConcatHelper')}
  0x00000239362ac784: ff49 ba58 | 5142 4f39 | 0200 004c | 8954 2408 | 48c7 0424 | ffff ffff 

  0x00000239362ac79c: ;   {runtime_call counter_overflow Runtime1 stub}
  0x00000239362ac79c: e85f 1f0c 

  0x00000239362ac7a0: ; ImmutableOopMap {}
                      ;*synchronization entry
                      ; - java.lang.StringConcatHelper::newArray@-1 (line 506)
                      ; - java.lang.StringConcatHelper::newArrayWithSuffix@7 (line 489)
                      ; - java.lang.invoke.DirectMethodHandle$Holder::invokeStatic@13
                      ; - java.lang.invoke.LambdaForm$MH/0x0000023950010400::invoke@23
                      ; - java.lang.invoke.LambdaForm$MH/0x000002395078bc00::invoke@33
                      ; - java.lang.invoke.Invokers$Holder::linkToTargetMethod@5
                      ; - ui.views.waveform.c.a::mCQ@135 (line 490)
  0x00000239362ac7a0: 07e9 ecf2 | ffff 4889 

  0x00000239362ac7a8: ;   {runtime_call throw_class_cast_exception Runtime1 stub}
  0x00000239362ac7a8: 0424 e8f1 

  0x00000239362ac7ac: ; ImmutableOopMap {}
                      ;*checkcast {reexecute=0 rethrow=0 return_oop=0}
                      ; - java.lang.StringConcatHelper::newArray@36 (line 511)
                      ; - java.lang.StringConcatHelper::newArrayWithSuffix@7 (line 489)
                      ; - java.lang.invoke.DirectMethodHandle$Holder::invokeStatic@13
                      ; - java.lang.invoke.LambdaForm$MH/0x0000023950010400::invoke@23
                      ; - java.lang.invoke.LambdaForm$MH/0x000002395078bc00::invoke@33
                      ; - java.lang.invoke.Invokers$Holder::linkToTargetMethod@5
                      ; - ui.views.waveform.c.a::mCQ@135 (line 490)
                      ;   {metadata({method} {0x0000023993049a98} 'invoke' '(Ljava/lang/Object;JLjava/lang/Object;J)J' in 'java/lang/invoke/LambdaForm$MH+0x000002395078ac00')}
  0x00000239362ac7ac: e80b 0749 | ba90 9a04 | 9339 0200 | 004c 8954 | 2408 48c7 | 0424 ffff 

  0x00000239362ac7c4: ;   {runtime_call counter_overflow Runtime1 stub}
  0x00000239362ac7c4: ffff e835 

  0x00000239362ac7c8: ; ImmutableOopMap {rsi=Oop [368]=Oop }
                      ;*synchronization entry
                      ; - java.lang.invoke.LambdaForm$MH/0x000002395078ac00::invoke@-1
                      ; - java.lang.invoke.LambdaForm$MH/0x000002395078bc00::invoke@54
                      ; - java.lang.invoke.Invokers$Holder::linkToTargetMethod@5
                      ; - ui.views.waveform.c.a::mCQ@135 (line 490)
  0x00000239362ac7c8: 1f0c 07e9 | 29f6 ffff 

  0x00000239362ac7d0: ;   {metadata({method} {0x000002394f0b4ee8} 'invokeStatic' '(Ljava/lang/Object;JLjava/lang/Object;JLjava/lang/Object;)J' in 'java/lang/invoke/DirectMethodHandle$Holder')}
  0x00000239362ac7d0: 49ba e04e | 0b4f 3902 | 0000 4c89 | 5424 0848 | c704 24ff 

  0x00000239362ac7e4: ;   {runtime_call counter_overflow Runtime1 stub}
  0x00000239362ac7e4: ffff ffe8 

  0x00000239362ac7e8: ; ImmutableOopMap {rsi=Oop r8=Oop [368]=Oop }
                      ;*synchronization entry
                      ; - java.lang.invoke.DirectMethodHandle$Holder::invokeStatic@-1
                      ; - java.lang.invoke.LambdaForm$MH/0x000002395078ac00::invoke@28
                      ; - java.lang.invoke.LambdaForm$MH/0x000002395078bc00::invoke@54
                      ; - java.lang.invoke.Invokers$Holder::linkToTargetMethod@5
                      ; - ui.views.waveform.c.a::mCQ@135 (line 490)
  0x00000239362ac7e8: 141f 0c07 | e999 f6ff 

  0x00000239362ac7f0: ;   {metadata({method} {0x000002394f0a3038} 'internalMemberName' '(Ljava/lang/Object;)Ljava/lang/Object;' in 'java/lang/invoke/DirectMethodHandle')}
  0x00000239362ac7f0: ff49 ba30 | 300a 4f39 | 0200 004c | 8954 2408 | 48c7 0424 | ffff ffff 

  0x00000239362ac808: ;   {runtime_call counter_overflow Runtime1 stub}
  0x00000239362ac808: e8f3 1e0c 

  0x00000239362ac80c: ; ImmutableOopMap {rsi=Oop [368]=Oop }
                      ;*synchronization entry
                      ; - java.lang.invoke.DirectMethodHandle::internalMemberName@-1 (line 327)
                      ; - java.lang.invoke.DirectMethodHandle$Holder::invokeStatic@1
                      ; - java.lang.invoke.LambdaForm$MH/0x000002395078ac00::invoke@28
                      ; - java.lang.invoke.LambdaForm$MH/0x000002395078bc00::invoke@54
                      ; - java.lang.invoke.Invokers$Holder::linkToTargetMethod@5
                      ; - ui.views.waveform.c.a::mCQ@135 (line 490)
  0x00000239362ac80c: 07e9 d2f6 

  0x00000239362ac810: ;   {metadata({method} {0x000002394f0b4390} 'invokeStatic' '(Ljava/lang/Object;Ljava/lang/Object;J)Ljava/lang/Object;' in 'java/lang/invoke/DirectMethodHandle$Holder')}
  0x00000239362ac810: ffff 49ba | 8843 0b4f | 3902 0000 | 4c89 5424 | 0848 c704 | 24ff ffff 

  0x00000239362ac828: ;   {runtime_call counter_overflow Runtime1 stub}
  0x00000239362ac828: ffe8 d21e 

  0x00000239362ac82c: ; ImmutableOopMap {rsi=Oop r8=Oop [368]=Oop }
                      ;*synchronization entry
                      ; - java.lang.invoke.DirectMethodHandle$Holder::invokeStatic@-1
                      ; - java.lang.invoke.LambdaForm$MH/0x000002395078bc00::invoke@74
                      ; - java.lang.invoke.Invokers$Holder::linkToTargetMethod@5
                      ; - ui.views.waveform.c.a::mCQ@135 (line 490)
  0x00000239362ac82c: 0c07 e9d2 

  0x00000239362ac830: ;   {metadata({method} {0x000002394f0a3038} 'internalMemberName' '(Ljava/lang/Object;)Ljava/lang/Object;' in 'java/lang/invoke/DirectMethodHandle')}
  0x00000239362ac830: f7ff ff49 | ba30 300a | 4f39 0200 | 004c 8954 | 2408 48c7 | 0424 ffff 

  0x00000239362ac848: ;   {runtime_call counter_overflow Runtime1 stub}
  0x00000239362ac848: ffff e8b1 

  0x00000239362ac84c: ; ImmutableOopMap {rsi=Oop [368]=Oop }
                      ;*synchronization entry
                      ; - java.lang.invoke.DirectMethodHandle::internalMemberName@-1 (line 327)
                      ; - java.lang.invoke.DirectMethodHandle$Holder::invokeStatic@1
                      ; - java.lang.invoke.LambdaForm$MH/0x000002395078bc00::invoke@74
                      ; - java.lang.invoke.Invokers$Holder::linkToTargetMethod@5
                      ; - ui.views.waveform.c.a::mCQ@135 (line 490)
  0x00000239362ac84c: 1e0c 07e9 | 0bf8 ffff 

  0x00000239362ac854: ;   {internal_word}
  0x00000239362ac854: 49ba a4c1 | 2a36 3902 | 0000 4d89 | 9768 0400 

  0x00000239362ac864: ;   {runtime_call SafepointBlob}
  0x00000239362ac864: 00e9 16a3 

  0x00000239362ac868: ;   {internal_word}
  0x00000239362ac868: fe06 49ba | bac1 2a36 | 3902 0000 | 4d89 9768 

  0x00000239362ac878: ;   {runtime_call SafepointBlob}
  0x00000239362ac878: 0400 00e9 | 00a3 fe06 

  0x00000239362ac880: ;   {runtime_call fast_new_instance Runtime1 stub}
  0x00000239362ac880: 488b d2e8 

  0x00000239362ac884: ; ImmutableOopMap {}
                      ;*new {reexecute=0 rethrow=0 return_oop=0}
                      ; - java.lang.StringConcatHelper::newArray@16 (line 509)
                      ; - java.lang.StringConcatHelper::newArrayWithSuffix@7 (line 489)
                      ; - java.lang.invoke.DirectMethodHandle$Holder::invokeStatic@13
                      ; - java.lang.invoke.LambdaForm$MH/0x0000023950010400::invoke@23
                      ; - java.lang.invoke.LambdaForm$MH/0x000002395078bc00::invoke@33
                      ; - java.lang.invoke.Invokers$Holder::linkToTargetMethod@5
                      ; - ui.views.waveform.c.a::mCQ@135 (line 490)
  0x00000239362ac884: f8c6 0b07 | e993 f9ff | ff48 8bd2 

  0x00000239362ac890: ;   {runtime_call fast_new_instance Runtime1 stub}
  0x00000239362ac890: e8eb c60b 

  0x00000239362ac894: ; ImmutableOopMap {}
                      ;*new {reexecute=0 rethrow=0 return_oop=0}
                      ; - java.lang.StringConcatHelper::checkOverflow@7 (line 68)
                      ; - java.lang.StringConcatHelper::mix@7 (line 112)
                      ; - java.lang.invoke.DirectMethodHandle$Holder::invokeStatic@13
                      ; - java.lang.invoke.LambdaForm$MH/0x000002395078b800::invoke@23
                      ; - java.lang.invoke.LambdaForm$MH/0x000002395078bc00::invoke@15
                      ; - java.lang.invoke.Invokers$Holder::linkToTargetMethod@5
                      ; - ui.views.waveform.c.a::mCQ@135 (line 490)
  0x00000239362ac894: 07e9 27fa 

  0x00000239362ac898: ;   {runtime_call throw_null_pointer_exception Runtime1 stub}
  0x00000239362ac898: ffff e801 

  0x00000239362ac89c: ; ImmutableOopMap {rsi=Oop rdi=Oop rbx=Oop [304]=Oop [312]=Oop }
                      ;*putfield iMr {reexecute=1 rethrow=0 return_oop=0}
                      ; - (reexecute) ui.views.waveform.c.a::mCQ@109 (line 483)
  0x00000239362ac89c: bc0b 0749 | 8b87 0005 | 0000 49c7 | 8700 0500 | 0000 0000 | 0049 c787 | 0805 0000 | 0000 0000 
  0x00000239362ac8bc: 4881 c490 | 0100 005d 

  0x00000239362ac8c4: ;   {runtime_call unwind_exception Runtime1 stub}
  0x00000239362ac8c4: e9b7 ac0b | 07f4 f4f4 | f4f4 f4f4 
[Stub Code]
  0x00000239362ac8d0: ;   {no_reloc}
  0x00000239362ac8d0: 0f1f 4400 

  0x00000239362ac8d4: ;   {static_stub}
  0x00000239362ac8d4: 0048 bb00 | 0000 0000 

  0x00000239362ac8dc: ;   {runtime_call}
  0x00000239362ac8dc: 0000 00e9 | fbff ffff 

  0x00000239362ac8e4: ;   {static_stub}
  0x00000239362ac8e4: 9048 bb08 | 32fd 9039 

  0x00000239362ac8ec: ;   {runtime_call I2C/C2I adapters}
  0x00000239362ac8ec: 0200 00e9 | 9380 fe06 

  0x00000239362ac8f4: ;   {static_stub}
  0x00000239362ac8f4: 9048 bb00 | 0000 0000 

  0x00000239362ac8fc: ;   {runtime_call}
  0x00000239362ac8fc: 0000 00e9 | fbff ffff 

  0x00000239362ac904: ;   {static_stub}
  0x00000239362ac904: 9048 bb00 | 0000 0000 

  0x00000239362ac90c: ;   {runtime_call}
  0x00000239362ac90c: 0000 00e9 | fbff ffff 

  0x00000239362ac914: ;   {static_stub}
  0x00000239362ac914: 48bb 0000 | 0000 0000 

  0x00000239362ac91c: ;   {runtime_call}
  0x00000239362ac91c: 0000 e9fb 

  0x00000239362ac920: ;   {static_stub}
  0x00000239362ac920: ffff ff48 | bb00 0000 | 0000 0000 

  0x00000239362ac92c: ;   {runtime_call}
  0x00000239362ac92c: 00e9 fbff 

  0x00000239362ac930: ;   {static_stub}
  0x00000239362ac930: ffff 48bb | 0000 0000 | 0000 0000 

  0x00000239362ac93c: ;   {runtime_call}
  0x00000239362ac93c: e9fb ffff 

  0x00000239362ac940: ;   {static_stub}
  0x00000239362ac940: ff48 bb00 | 0000 0000 

  0x00000239362ac948: ;   {runtime_call}
  0x00000239362ac948: 0000 00e9 | fbff ffff 

  0x00000239362ac950: ;   {static_stub}
  0x00000239362ac950: 48bb b07b | 97b6 3902 

  0x00000239362ac958: ;   {runtime_call I2C/C2I adapters}
  0x00000239362ac958: 0000 e92c 

  0x00000239362ac95c: ;   {static_stub}
  0x00000239362ac95c: e7fd 0648 | bb78 3697 | b639 0200 

  0x00000239362ac968: ;   {runtime_call I2C/C2I adapters}
  0x00000239362ac968: 00e9 9985 

  0x00000239362ac96c: ;   {static_stub}
  0x00000239362ac96c: fe06 48bb | a833 97b6 | 3902 0000 

  0x00000239362ac978: ;   {runtime_call I2C/C2I adapters}
  0x00000239362ac978: e98a 85fe 

  0x00000239362ac97c: ;   {static_stub}
  0x00000239362ac97c: 0648 bb00 | 0000 0000 

  0x00000239362ac984: ;   {runtime_call}
  0x00000239362ac984: 0000 00e9 | fbff ffff 

  0x00000239362ac98c: ;   {static_stub}
  0x00000239362ac98c: 48bb 0000 | 0000 0000 

  0x00000239362ac994: ;   {runtime_call}
  0x00000239362ac994: 0000 e9fb 

  0x00000239362ac998: ;   {static_stub}
  0x00000239362ac998: ffff ff48 | bb00 0000 | 0000 0000 

  0x00000239362ac9a4: ;   {runtime_call}
  0x00000239362ac9a4: 00e9 fbff 

  0x00000239362ac9a8: ;   {static_stub}
  0x00000239362ac9a8: ffff 48bb | 0000 0000 | 0000 0000 

  0x00000239362ac9b4: ;   {runtime_call}
  0x00000239362ac9b4: e9fb ffff 

  0x00000239362ac9b8: ;   {static_stub}
  0x00000239362ac9b8: ff48 bb78 | ff65 b639 

  0x00000239362ac9c0: ;   {runtime_call I2C/C2I adapters}
  0x00000239362ac9c0: 0200 00e9 | bb74 fe06 
[Exception Handler]
  0x00000239362ac9c8: ;   {runtime_call handle_exception_from_callee Runtime1 stub}
  0x00000239362ac9c8: e8b3 e00b 

  0x00000239362ac9cc: ;   {external_word}
  0x00000239362ac9cc: 0748 b950 | e014 20fa | 7f00 0048 

  0x00000239362ac9d8: ;   {runtime_call}
  0x00000239362ac9d8: 83e4 f048 | b850 efd7 | 1ffa 7f00 | 00ff d0f4 
[Deopt Handler Code]
  0x00000239362ac9e8: ;   {section_word}
  0x00000239362ac9e8: 49ba e8c9 | 2a36 3902 | 0000 4152 

  0x00000239362ac9f4: ;   {runtime_call DeoptimizationBlob}
  0x00000239362ac9f4: e927 b6fe 

  0x00000239362ac9f8: ;   {section_word}
  0x00000239362ac9f8: 0649 baf9 | c92a 3639 | 0200 0041 

  0x00000239362aca04: ;   {runtime_call DeoptimizationBlob}
  0x00000239362aca04: 52e9 16b6 | fe06 f4f4 | f4f4 f4f4 
[/MachCode]


---------------  P R O C E S S  ---------------

Threads class SMR info:
_java_thread_list=0x00000239ae02b4b0, length=191, elements={
0x000002392d1d3620, 0x000002392d4245f0, 0x000002392d424c60, 0x000002392d429310,
0x000002392d429980, 0x000002392d435030, 0x000002392c83b760, 0x000002392d43cb00,
0x000002392d444ed0, 0x000002392c83aa40, 0x000002392c839d20, 0x000002392c83a3b0,
0x000002392c83b0d0, 0x000002392c83bdf0, 0x000002392c83c480, 0x000002392c839690,
0x0000023995d96090, 0x0000023995d96db0, 0x0000023995d97440, 0x0000023995d94ce0,
0x0000023995d987f0, 0x0000023997bbfd90, 0x0000023997bc24f0, 0x0000023997bc2b80,
0x0000023997bc3210, 0x0000023997bc38a0, 0x00000239a7837e70, 0x00000239a7839220,
0x00000239a783c6a0, 0x0000023995d96720, 0x00000239a783b2f0, 0x00000239ae6bb4e0,
0x00000239ae6ba130, 0x00000239ae6b8d80, 0x00000239ae6b9aa0, 0x00000239ae6bbb70,
0x00000239ae6b9410, 0x00000239ae6b86f0, 0x00000239ae6bc890, 0x00000239b1b17240,
0x00000239b1b13dc0, 0x00000239b1b18c80, 0x00000239ae6be2d0, 0x00000239ae6beff0,
0x00000239b1b15800, 0x0000023997bc3f30, 0x00000239b5497700, 0x00000239ae6bdc40,
0x00000239ae6ba7c0, 0x00000239b549d2e0, 0x00000239b549e690, 0x00000239b5498420,
0x00000239b5498ab0, 0x00000239b5499e60, 0x00000239b5497070, 0x00000239b549d970,
0x00000239b549ab80, 0x00000239b1b199a0, 0x00000239b1b178d0, 0x0000023995d93fc0,
0x00000239ae6bcf20, 0x00000239b178ad20, 0x00000239b178a000, 0x00000239b1790f90,
0x00000239b1791620, 0x00000239b1b15170, 0x00000239b1b16bb0, 0x00000239b042aec0,
0x00000239b042b550, 0x00000239b0429b10, 0x00000239b042d620, 0x00000239b549c5c0,
0x00000239b549b8a0, 0x00000239b54997d0, 0x00000239b042dcb0, 0x00000239b042e340,
0x00000239b178f550, 0x00000239b178c760, 0x0000023997bbf700, 0x0000023997bc0420,
0x0000023997bc6690, 0x00000239b178a690, 0x00000239ae6bf680, 0x00000239b0429480,
0x00000239b549ed20, 0x00000239a7835da0, 0x00000239b549f3b0, 0x00000239b39cdd80,
0x00000239b39cf130, 0x00000239b39d04e0, 0x00000239b39d1890, 0x00000239b39d6750,
0x00000239b39d4680, 0x00000239b39d60c0, 0x00000239b39d8190, 0x00000239b39d53a0,
0x00000239b39d9540, 0x00000239b39d2c40, 0x00000239b042f6f0, 0x00000239b042fd80,
0x00000239b178b3b0, 0x00000239b1b14450, 0x00000239b39d8eb0, 0x00000239b39d7b00,
0x00000239b39d9bd0, 0x00000239b39da260, 0x00000239b39db610, 0x00000239b39dc330,
0x00000239b042a830, 0x00000239b04280d0, 0x00000239b042a1a0, 0x00000239b0428760,
0x00000239b1b1a030, 0x00000239b1b1b3e0, 0x00000239b1b17f60, 0x00000239b1b16520,
0x00000239b1b14ae0, 0x00000239b178ba40, 0x00000239b1790900, 0x00000239b042cf90,
0x00000239b042f060, 0x00000239b178d480, 0x00000239b178eec0, 0x00000239b1b19310,
0x00000239b178e830, 0x00000239b178fbe0, 0x00000239a78398b0, 0x00000239b39d6de0,
0x00000239b549a4f0, 0x0000023995d94650, 0x00000239b1b185f0, 0x00000239bb066960,
0x00000239bb0683a0, 0x00000239bb068a30, 0x00000239bb0690c0, 0x00000239bb06a470,
0x00000239bb0662d0, 0x00000239bb06b190, 0x00000239bb067d10, 0x00000239bb06cbd0,
0x00000239bb06d260, 0x00000239bb067680, 0x00000239bb06b820, 0x00000239bb069de0,
0x00000239bb06c540, 0x00000239bb06df80, 0x00000239bb06ab00, 0x00000239bb070d70,
0x00000239bb06f9c0, 0x00000239bb0727b0, 0x00000239bb072120, 0x00000239bb06eca0,
0x00000239ae6b8060, 0x00000239ae6be960, 0x00000239bb0734d0, 0x00000239bb070050,
0x00000239bb0706e0, 0x00000239b0428df0, 0x00000239b042c270, 0x00000239bb0755a0,
0x00000239bb074f10, 0x00000239b549e000, 0x00000239b39ceaa0, 0x00000239bb071400,
0x00000239bb071a90, 0x00000239bb06e610, 0x00000239b1790270, 0x00000239b39d5a30,
0x00000239bb073b60, 0x00000239bb074880, 0x00000239bbc24a50, 0x00000239bbc21c60,
0x00000239bbc23d30, 0x00000239bbc250e0, 0x00000239bbc27840, 0x00000239bbc243c0,
0x00000239bbc27ed0, 0x00000239bbc26490, 0x00000239bbc26b20, 0x00000239bbc2a630,
0x00000239bbc29280, 0x00000239bbc29fa0, 0x00000239bbc29910, 0x00000239bbc2acc0,
0x00000239bbc2c700, 0x00000239bbc2c070, 0x00000239bbc2b350, 0x00000239bbc2b9e0,
0x00000239bbc28bf0, 0x00000239bbc2f4f0, 0x00000239bbc25e00
}

Java Threads: ( => current thread )
  0x000002392d1d3620 JavaThread "main"                              [_thread_blocked, id=9368, stack(0x0000009b2be00000,0x0000009b2bf00000) (1024K)]
  0x000002392d4245f0 JavaThread "Reference Handler"          daemon [_thread_blocked, id=17420, stack(0x0000009b2c600000,0x0000009b2d000000) (10240K)]
  0x000002392d424c60 JavaThread "Finalizer"                  daemon [_thread_blocked, id=42332, stack(0x0000009b2d000000,0x0000009b2da00000) (10240K)]
  0x000002392d429310 JavaThread "Signal Dispatcher"          daemon [_thread_blocked, id=31824, stack(0x0000009b2da00000,0x0000009b2e400000) (10240K)]
  0x000002392d429980 JavaThread "Attach Listener"            daemon [_thread_blocked, id=45660, stack(0x0000009b2e400000,0x0000009b2ee00000) (10240K)]
  0x000002392d435030 JavaThread "Service Thread"             daemon [_thread_blocked, id=13736, stack(0x0000009b2ee00000,0x0000009b2f800000) (10240K)]
  0x000002392c83b760 JavaThread "Monitor Deflation Thread"   daemon [_thread_blocked, id=39456, stack(0x0000009b2f800000,0x0000009b30200000) (10240K)]
  0x000002392d43cb00 JavaThread "C2 CompilerThread0"         daemon [_thread_blocked, id=19660, stack(0x0000009b30200000,0x0000009b30300000) (1024K)]
  0x000002392d444ed0 JavaThread "C1 CompilerThread0"         daemon [_thread_blocked, id=23312, stack(0x0000009b30300000,0x0000009b30400000) (1024K)]
  0x000002392c83aa40 JavaThread "StringDedupThread"          daemon [_thread_blocked, id=46020, stack(0x0000009b30400000,0x0000009b30e00000) (10240K)]
  0x000002392c839d20 JavaThread "Common-Cleaner"             daemon [_thread_blocked, id=24024, stack(0x0000009b30e00000,0x0000009b31800000) (10240K)]
  0x000002392c83a3b0 JavaThread "Notification Thread"        daemon [_thread_blocked, id=8848, stack(0x0000009b31800000,0x0000009b32200000) (10240K)]
  0x000002392c83b0d0 JavaThread "Java2D Disposer"            daemon [_thread_blocked, id=23796, stack(0x0000009b32200000,0x0000009b32c00000) (10240K)]
  0x000002392c83bdf0 JavaThread "AWT-Shutdown"                      [_thread_blocked, id=30060, stack(0x0000009b32c00000,0x0000009b33600000) (10240K)]
  0x000002392c83c480 JavaThread "AWT-Windows"                daemon [_thread_in_native, id=14596, stack(0x0000009b33600000,0x0000009b34000000) (10240K)]
  0x000002392c839690 JavaThread "TimerQueue"                 daemon [_thread_blocked, id=17988, stack(0x0000009b34200000,0x0000009b34c00000) (10240K)]
=>0x0000023995d96090 JavaThread "AWT-EventQueue-0"                  [_thread_in_native, id=27728, stack(0x0000009b34f00000,0x0000009b35900000) (10240K)]
  0x0000023995d96db0 JavaThread "Thread-1"                          [_thread_in_native, id=37892, stack(0x0000009b2a500000,0x0000009b2b900000) (20480K)]
  0x0000023995d97440 JavaThread "Process Messages Thread"           [_thread_blocked, id=30960, stack(0x0000009b36d00000,0x0000009b37700000) (10240K)]
  0x0000023995d94ce0 JavaThread "Batik CleanerThread"        daemon [_thread_blocked, id=4380, stack(0x0000009b37700000,0x0000009b38100000) (10240K)]
  0x0000023995d987f0 JavaThread "SyntheticaCleanerThread"    daemon [_thread_blocked, id=30320, stack(0x0000009b38100000,0x0000009b38b00000) (10240K)]
  0x0000023997bbfd90 JavaThread "Timer-0"                           [_thread_blocked, id=45888, stack(0x0000009b39500000,0x0000009b39f00000) (10240K)]
  0x0000023997bc24f0 JavaThread "Monitor File Timestamp Swing Worker Thread"        [_thread_blocked, id=29480, stack(0x0000009b39f00000,0x0000009b3a900000) (10240K)]
  0x0000023997bc2b80 JavaThread "Monitor HEventQueue for Sluggish Gui Thread"        [_thread_blocked, id=36604, stack(0x0000009b3ac00000,0x0000009b3b600000) (10240K)]
  0x0000023997bc3210 JavaThread "SyntheticaAnimation 50"     daemon [_thread_blocked, id=42216, stack(0x0000009b3b600000,0x0000009b3c000000) (10240K)]
  0x0000023997bc38a0 JavaThread "SyntheticaAnimation 25"     daemon [_thread_blocked, id=25580, stack(0x0000009b3c000000,0x0000009b3ca00000) (10240K)]
  0x00000239a7837e70 JavaThread "Swing-Shell"                daemon [_thread_blocked, id=13820, stack(0x0000009b35900000,0x0000009b36300000) (10240K)]
  0x00000239a7839220 JavaThread "SyntheticaAnimation 70"     daemon [_thread_blocked, id=35128, stack(0x0000009b38b00000,0x0000009b39500000) (10240K)]
  0x00000239a783c6a0 JavaThread "Refresh Filesets Swing Worker Thread"        [_thread_blocked, id=44224, stack(0x0000009b3de00000,0x0000009b3e800000) (10240K)]
  0x0000023995d96720 JavaThread "hw_ila_monitor"                    [_thread_blocked, id=45452, stack(0x0000009b3e800000,0x0000009b3f200000) (10240K)]
  0x00000239a783b2f0 JavaThread "pool-2-thread-1"                   [_thread_blocked, id=8584, stack(0x0000009b3ca00000,0x0000009b3d400000) (10240K)]
  0x00000239ae6bb4e0 JavaThread "Timer-1"                           [_thread_blocked, id=20860, stack(0x0000009b3fc00000,0x0000009b40600000) (10240K)]
  0x00000239ae6ba130 JavaThread "pool-3-thread-1"                   [_thread_blocked, id=32964, stack(0x0000009b40600000,0x0000009b41000000) (10240K)]
  0x00000239ae6b8d80 JavaThread "Timer-2"                           [_thread_blocked, id=45528, stack(0x0000009b41000000,0x0000009b41a00000) (10240K)]
  0x00000239ae6b9aa0 JavaThread "pool-4-thread-1"                   [_thread_blocked, id=23684, stack(0x0000009b42400000,0x0000009b42e00000) (10240K)]
  0x00000239ae6bbb70 JavaThread "Timer-3"                           [_thread_blocked, id=25476, stack(0x0000009b42e00000,0x0000009b43800000) (10240K)]
  0x00000239ae6b9410 JavaThread "pool-5-thread-1"                   [_thread_blocked, id=32504, stack(0x0000009b43800000,0x0000009b44200000) (10240K)]
  0x00000239ae6b86f0 JavaThread "Timer-4"                           [_thread_blocked, id=8924, stack(0x0000009b44200000,0x0000009b44c00000) (10240K)]
  0x00000239ae6bc890 JavaThread "Update Runs Swing Worker Thread"        [_thread_blocked, id=44588, stack(0x0000009b45600000,0x0000009b46000000) (10240K)]
  0x00000239b1b17240 JavaThread "Thread-39"                         [_thread_in_native, id=44976, stack(0x0000009b2a200000,0x0000009b2a300000) (1024K)]
  0x00000239b1b13dc0 JavaThread "Thread-40"                         [_thread_in_native, id=8792, stack(0x0000009b34000000,0x0000009b34100000) (1024K)]
  0x00000239b1b18c80 JavaThread "SyntheticaAnimation 50"     daemon [_thread_blocked, id=14504, stack(0x0000009b3f200000,0x0000009b3fc00000) (10240K)]
  0x00000239ae6be2d0 JavaThread "Timer-5"                           [_thread_blocked, id=45632, stack(0x0000009b3d400000,0x0000009b3de00000) (10240K)]
  0x00000239ae6beff0 JavaThread "Monitor File Timestamp Swing Worker Thread"        [_thread_blocked, id=24280, stack(0x0000009b41a00000,0x0000009b42400000) (10240K)]
  0x00000239b1b15800 JavaThread "Image Animator 0"           daemon [_thread_blocked, id=33876, stack(0x0000009b47e00000,0x0000009b48800000) (10240K)]
  0x0000023997bc3f30 JavaThread "Timer-9"                           [_thread_blocked, id=36552, stack(0x0000009b49c00000,0x0000009b4a600000) (10240K)]
  0x00000239b5497700 JavaThread "Thread-1426"                       [_thread_in_native, id=45320, stack(0x0000009b2b900000,0x0000009b2ba00000) (1024K)]
  0x00000239ae6bdc40 JavaThread "Timer-12"                          [_thread_blocked, id=964, stack(0x0000009b4b000000,0x0000009b4ba00000) (10240K)]
  0x00000239ae6ba7c0 JavaThread "Monitor File Timestamp Swing Worker Thread"        [_thread_blocked, id=348, stack(0x0000009b4ce00000,0x0000009b4d800000) (10240K)]
  0x00000239b549d2e0 JavaThread "Timer-13"                          [_thread_blocked, id=12732, stack(0x0000009b4d800000,0x0000009b4e200000) (10240K)]
  0x00000239b549e690 JavaThread "Monitor File Timestamp Swing Worker Thread"        [_thread_blocked, id=21656, stack(0x0000009b4e200000,0x0000009b4ec00000) (10240K)]
  0x00000239b5498420 JavaThread "Timer-14"                          [_thread_blocked, id=34168, stack(0x0000009b4ec00000,0x0000009b4f600000) (10240K)]
  0x00000239b5498ab0 JavaThread "Monitor File Timestamp Swing Worker Thread"        [_thread_blocked, id=2848, stack(0x0000009b4f600000,0x0000009b50000000) (10240K)]
  0x00000239b5499e60 JavaThread "Timer-16"                          [_thread_blocked, id=43684, stack(0x0000009b51400000,0x0000009b51e00000) (10240K)]
  0x00000239b5497070 JavaThread "Monitor File Timestamp Swing Worker Thread"        [_thread_blocked, id=10772, stack(0x0000009b51e00000,0x0000009b52800000) (10240K)]
  0x00000239b549d970 JavaThread "Timer-17"                          [_thread_blocked, id=35428, stack(0x0000009b52800000,0x0000009b53200000) (10240K)]
  0x00000239b549ab80 JavaThread "Monitor File Timestamp Swing Worker Thread"        [_thread_blocked, id=14044, stack(0x0000009b53200000,0x0000009b53c00000) (10240K)]
  0x00000239b1b199a0 JavaThread "Timer-18"                          [_thread_blocked, id=42684, stack(0x0000009b53c00000,0x0000009b54600000) (10240K)]
  0x00000239b1b178d0 JavaThread "Monitor File Timestamp Swing Worker Thread"        [_thread_blocked, id=11508, stack(0x0000009b54600000,0x0000009b55000000) (10240K)]
  0x0000023995d93fc0 JavaThread "Thread-3186"                       [_thread_in_native, id=15268, stack(0x0000009b36300000,0x0000009b36400000) (1024K)]
  0x00000239ae6bcf20 JavaThread "Thread-3187"                       [_thread_in_native, id=31208, stack(0x0000009b2a100000,0x0000009b2a200000) (1024K)]
  0x00000239b178ad20 JavaThread "Timer-21"                          [_thread_blocked, id=39164, stack(0x0000009b56400000,0x0000009b56e00000) (10240K)]
  0x00000239b178a000 JavaThread "Monitor File Timestamp Swing Worker Thread"        [_thread_blocked, id=42760, stack(0x0000009b57800000,0x0000009b58200000) (10240K)]
  0x00000239b1790f90 JavaThread "Timer-23"                          [_thread_blocked, id=43764, stack(0x0000009b55000000,0x0000009b55a00000) (10240K)]
  0x00000239b1791620 JavaThread "Monitor File Timestamp Swing Worker Thread"        [_thread_blocked, id=32996, stack(0x0000009b58200000,0x0000009b58c00000) (10240K)]
  0x00000239b1b15170 JavaThread "Timer-24"                          [_thread_blocked, id=41284, stack(0x0000009b5a000000,0x0000009b5aa00000) (10240K)]
  0x00000239b1b16bb0 JavaThread "Monitor File Timestamp Swing Worker Thread"        [_thread_blocked, id=43808, stack(0x0000009b5aa00000,0x0000009b5b400000) (10240K)]
  0x00000239b042aec0 JavaThread "Thread-4199"                       [_thread_in_native, id=37136, stack(0x0000009b2a200000,0x0000009b2a300000) (1024K)]
  0x00000239b042b550 JavaThread "Thread-4200"                       [_thread_in_native, id=38332, stack(0x0000009b2a100000,0x0000009b2a200000) (1024K)]
  0x00000239b0429b10 JavaThread "Thread-6798"                       [_thread_in_native, id=39576, stack(0x0000009b2bb00000,0x0000009b2bc00000) (1024K)]
  0x00000239b042d620 JavaThread "Thread-6799"                       [_thread_in_native, id=36284, stack(0x0000009b36300000,0x0000009b36400000) (1024K)]
  0x00000239b549c5c0 JavaThread "Thread-9120"                       [_thread_in_native, id=37436, stack(0x0000009b34100000,0x0000009b34200000) (1024K)]
  0x00000239b549b8a0 JavaThread "Thread-9121"                       [_thread_in_native, id=11476, stack(0x0000009b36300000,0x0000009b36400000) (1024K)]
  0x00000239b54997d0 JavaThread "Thread-9153"                       [_thread_in_native, id=9104, stack(0x0000009b36500000,0x0000009b36600000) (1024K)]
  0x00000239b042dcb0 JavaThread "Timer-31"                          [_thread_blocked, id=35652, stack(0x0000009b55a00000,0x0000009b56400000) (10240K)]
  0x00000239b042e340 JavaThread "Monitor File Timestamp Swing Worker Thread"        [_thread_blocked, id=1004, stack(0x0000009b5b400000,0x0000009b5be00000) (10240K)]
  0x00000239b178f550 JavaThread "Thread-10418"                      [_thread_in_native, id=27868, stack(0x0000009b34100000,0x0000009b34200000) (1024K)]
  0x00000239b178c760 JavaThread "Thread-10419"                      [_thread_in_native, id=19904, stack(0x0000009b36300000,0x0000009b36400000) (1024K)]
  0x0000023997bbf700 JavaThread "Thread-10440"                      [_thread_in_native, id=24728, stack(0x0000009b36700000,0x0000009b36800000) (1024K)]
  0x0000023997bc0420 JavaThread "Timer-35"                          [_thread_blocked, id=7804, stack(0x0000009b5d200000,0x0000009b5dc00000) (10240K)]
  0x0000023997bc6690 JavaThread "Monitor File Timestamp Swing Worker Thread"        [_thread_blocked, id=45756, stack(0x0000009b5dc00000,0x0000009b5e600000) (10240K)]
  0x00000239b178a690 JavaThread "Thread-10522"                      [_thread_in_native, id=33668, stack(0x0000009b36500000,0x0000009b36600000) (1024K)]
  0x00000239ae6bf680 JavaThread "Thread-10901"                      [_thread_in_native, id=13908, stack(0x0000009b34000000,0x0000009b34100000) (1024K)]
  0x00000239b0429480 JavaThread "Thread-10902"                      [_thread_in_native, id=37844, stack(0x0000009b34100000,0x0000009b34200000) (1024K)]
  0x00000239b549ed20 JavaThread "Timer-42"                          [_thread_blocked, id=18712, stack(0x0000009b56e00000,0x0000009b57800000) (10240K)]
  0x00000239a7835da0 JavaThread "Thread-11186"                      [_thread_in_native, id=26568, stack(0x0000009b34000000,0x0000009b34100000) (1024K)]
  0x00000239b549f3b0 JavaThread "Thread-11187"                      [_thread_in_native, id=20244, stack(0x0000009b2bb00000,0x0000009b2bc00000) (1024K)]
  0x00000239b39cdd80 JavaThread "Thread-11379"                      [_thread_in_native, id=43284, stack(0x0000009b34100000,0x0000009b34200000) (1024K)]
  0x00000239b39cf130 JavaThread "Thread-11538"                      [_thread_in_native, id=31168, stack(0x0000009b36300000,0x0000009b36400000) (1024K)]
  0x00000239b39d04e0 JavaThread "Thread-11611"                      [_thread_in_native, id=16896, stack(0x0000009b36500000,0x0000009b36600000) (1024K)]
  0x00000239b39d1890 JavaThread "Thread-11857"                      [_thread_in_native, id=24936, stack(0x0000009b2a000000,0x0000009b2a100000) (1024K)]
  0x00000239b39d6750 JavaThread "Thread-12215"                      [_thread_in_native, id=22368, stack(0x0000009b2b900000,0x0000009b2ba00000) (1024K)]
  0x00000239b39d4680 JavaThread "Thread-12216"                      [_thread_in_native, id=28604, stack(0x0000009b36300000,0x0000009b36400000) (1024K)]
  0x00000239b39d60c0 JavaThread "Timer-52"                          [_thread_blocked, id=37652, stack(0x0000009b46a00000,0x0000009b47400000) (10240K)]
  0x00000239b39d8190 JavaThread "Monitor File Timestamp Swing Worker Thread"        [_thread_blocked, id=29096, stack(0x0000009b47400000,0x0000009b47e00000) (10240K)]
  0x00000239b39d53a0 JavaThread "Timer-55"                          [_thread_blocked, id=11572, stack(0x0000009b48800000,0x0000009b49200000) (10240K)]
  0x00000239b39d9540 JavaThread "Monitor File Timestamp Swing Worker Thread"        [_thread_blocked, id=37396, stack(0x0000009b50a00000,0x0000009b51400000) (10240K)]
  0x00000239b39d2c40 JavaThread "Thread-12722"                      [_thread_in_native, id=14608, stack(0x0000009b36400000,0x0000009b36500000) (1024K)]
  0x00000239b042f6f0 JavaThread "Thread-13109"                      [_thread_in_native, id=28356, stack(0x0000009b34000000,0x0000009b34100000) (1024K)]
  0x00000239b042fd80 JavaThread "Thread-13110"                      [_thread_in_native, id=19032, stack(0x0000009b34100000,0x0000009b34200000) (1024K)]
  0x00000239b178b3b0 JavaThread "Thread-13177"                      [_thread_in_native, id=11972, stack(0x0000009b2a200000,0x0000009b2a300000) (1024K)]
  0x00000239b1b14450 JavaThread "Thread-13213"                      [_thread_in_native, id=40108, stack(0x0000009b36300000,0x0000009b36400000) (1024K)]
  0x00000239b39d8eb0 JavaThread "Timer-60"                          [_thread_blocked, id=8420, stack(0x0000009b49200000,0x0000009b49c00000) (10240K)]
  0x00000239b39d7b00 JavaThread "Monitor File Timestamp Swing Worker Thread"        [_thread_blocked, id=22940, stack(0x0000009b5be00000,0x0000009b5c800000) (10240K)]
  0x00000239b39d9bd0 JavaThread "Timer-61"                          [_thread_blocked, id=6376, stack(0x0000009b5f000000,0x0000009b5fa00000) (10240K)]
  0x00000239b39da260 JavaThread "Monitor File Timestamp Swing Worker Thread"        [_thread_blocked, id=45728, stack(0x0000009b5fa00000,0x0000009b60400000) (10240K)]
  0x00000239b39db610 JavaThread "Timer-62"                          [_thread_blocked, id=6112, stack(0x0000009b60400000,0x0000009b60e00000) (10240K)]
  0x00000239b39dc330 JavaThread "Monitor File Timestamp Swing Worker Thread"        [_thread_blocked, id=14404, stack(0x0000009b61800000,0x0000009b62200000) (10240K)]
  0x00000239b042a830 JavaThread "Timer-63"                          [_thread_blocked, id=10660, stack(0x0000009b62200000,0x0000009b62c00000) (10240K)]
  0x00000239b04280d0 JavaThread "Monitor File Timestamp Swing Worker Thread"        [_thread_blocked, id=24744, stack(0x0000009b62c00000,0x0000009b63600000) (10240K)]
  0x00000239b042a1a0 JavaThread "Timer-64"                          [_thread_blocked, id=23004, stack(0x0000009b63600000,0x0000009b64000000) (10240K)]
  0x00000239b0428760 JavaThread "Monitor File Timestamp Swing Worker Thread"        [_thread_blocked, id=2944, stack(0x0000009b64000000,0x0000009b64a00000) (10240K)]
  0x00000239b1b1a030 JavaThread "Thread-119275"                     [_thread_in_native, id=37808, stack(0x0000009b34100000,0x0000009b34200000) (1024K)]
  0x00000239b1b1b3e0 JavaThread "Thread-119276"                     [_thread_in_native, id=25288, stack(0x0000009b36300000,0x0000009b36400000) (1024K)]
  0x00000239b1b17f60 JavaThread "Thread-119406"                     [_thread_in_native, id=31416, stack(0x0000009b34000000,0x0000009b34100000) (1024K)]
  0x00000239b1b16520 JavaThread "Thread-119694"                     [_thread_in_native, id=47156, stack(0x0000009b34100000,0x0000009b34200000) (1024K)]
  0x00000239b1b14ae0 JavaThread "Thread-119695"                     [_thread_in_native, id=46088, stack(0x0000009b36300000,0x0000009b36400000) (1024K)]
  0x00000239b178ba40 JavaThread "Thread-120109"                     [_thread_in_native, id=29128, stack(0x0000009b34000000,0x0000009b34100000) (1024K)]
  0x00000239b1790900 JavaThread "Thread-120110"                     [_thread_in_native, id=25632, stack(0x0000009b2a200000,0x0000009b2a300000) (1024K)]
  0x00000239b042cf90 JavaThread "Thread-120601"                     [_thread_in_native, id=4756, stack(0x0000009b34100000,0x0000009b34200000) (1024K)]
  0x00000239b042f060 JavaThread "Thread-120602"                     [_thread_in_native, id=30564, stack(0x0000009b34000000,0x0000009b34100000) (1024K)]
  0x00000239b178d480 JavaThread "Thread-120844"                     [_thread_in_native, id=48668, stack(0x0000009b34000000,0x0000009b34100000) (1024K)]
  0x00000239b178eec0 JavaThread "Thread-120845"                     [_thread_in_native, id=14752, stack(0x0000009b2a200000,0x0000009b2a300000) (1024K)]
  0x00000239b1b19310 JavaThread "Thread-120982"                     [_thread_in_native, id=43012, stack(0x0000009b34100000,0x0000009b34200000) (1024K)]
  0x00000239b178e830 JavaThread "Thread-121779"                     [_thread_in_native, id=34712, stack(0x0000009b34000000,0x0000009b34100000) (1024K)]
  0x00000239b178fbe0 JavaThread "Thread-121780"                     [_thread_in_native, id=50908, stack(0x0000009b2a200000,0x0000009b2a300000) (1024K)]
  0x00000239a78398b0 JavaThread "Thread-121803"                     [_thread_in_native, id=47748, stack(0x0000009b34100000,0x0000009b34200000) (1024K)]
  0x00000239b39d6de0 JavaThread "Thread-122096"                     [_thread_in_native, id=30820, stack(0x0000009b2a200000,0x0000009b2a300000) (1024K)]
  0x00000239b549a4f0 JavaThread "Thread-122097"                     [_thread_in_native, id=37196, stack(0x0000009b34000000,0x0000009b34100000) (1024K)]
  0x0000023995d94650 JavaThread "Thread-122122"                     [_thread_in_native, id=39236, stack(0x0000009b36400000,0x0000009b36500000) (1024K)]
  0x00000239b1b185f0 JavaThread "Thread-122326"                     [_thread_in_native, id=22216, stack(0x0000009b34100000,0x0000009b34200000) (1024K)]
  0x00000239bb066960 JavaThread "Thread-123216"                     [_thread_in_native, id=47820, stack(0x0000009b34000000,0x0000009b34100000) (1024K)]
  0x00000239bb0683a0 JavaThread "Thread-123217"                     [_thread_in_native, id=21044, stack(0x0000009b2a200000,0x0000009b2a300000) (1024K)]
  0x00000239bb068a30 JavaThread "Thread-123284"                     [_thread_in_native, id=48460, stack(0x0000009b36300000,0x0000009b36400000) (1024K)]
  0x00000239bb0690c0 JavaThread "Thread-123360"                     [_thread_in_native, id=43180, stack(0x0000009b34100000,0x0000009b34200000) (1024K)]
  0x00000239bb06a470 JavaThread "Thread-123857"                     [_thread_in_native, id=8356, stack(0x0000009b36400000,0x0000009b36500000) (1024K)]
  0x00000239bb0662d0 JavaThread "Thread-124207"                     [_thread_in_native, id=37036, stack(0x0000009b2a200000,0x0000009b2a300000) (1024K)]
  0x00000239bb06b190 JavaThread "Thread-124208"                     [_thread_in_native, id=51524, stack(0x0000009b34000000,0x0000009b34100000) (1024K)]
  0x00000239bb067d10 JavaThread "SyntheticaAnimation 50"     daemon [_thread_blocked, id=51260, stack(0x0000009b4ba00000,0x0000009b4c400000) (10240K)]
  0x00000239bb06cbd0 JavaThread "Thread-124587"                     [_thread_in_native, id=4272, stack(0x0000009b2a200000,0x0000009b2a300000) (1024K)]
  0x00000239bb06d260 JavaThread "Thread-124588"                     [_thread_in_native, id=35548, stack(0x0000009b34000000,0x0000009b34100000) (1024K)]
  0x00000239bb067680 JavaThread "Thread-124869"                     [_thread_in_native, id=29756, stack(0x0000009b36300000,0x0000009b36400000) (1024K)]
  0x00000239bb06b820 JavaThread "Thread-125070"                     [_thread_in_native, id=26128, stack(0x0000009b36400000,0x0000009b36500000) (1024K)]
  0x00000239bb069de0 JavaThread "Thread-125111"                     [_thread_in_native, id=32476, stack(0x0000009b36500000,0x0000009b36600000) (1024K)]
  0x00000239bb06c540 JavaThread "Thread-125211"                     [_thread_in_native, id=30828, stack(0x0000009b34100000,0x0000009b34200000) (1024K)]
  0x00000239bb06df80 JavaThread "Timer-97"                          [_thread_blocked, id=4896, stack(0x0000009b66800000,0x0000009b67200000) (10240K)]
  0x00000239bb06ab00 JavaThread "Monitor File Timestamp Swing Worker Thread"        [_thread_blocked, id=51244, stack(0x0000009b67200000,0x0000009b67c00000) (10240K)]
  0x00000239bb070d70 JavaThread "Timer-101"                         [_thread_blocked, id=11832, stack(0x0000009b64a00000,0x0000009b65400000) (10240K)]
  0x00000239bb06f9c0 JavaThread "Monitor File Timestamp Swing Worker Thread"        [_thread_blocked, id=49672, stack(0x0000009b65400000,0x0000009b65e00000) (10240K)]
  0x00000239bb0727b0 JavaThread "Thread-126109"                     [_thread_in_native, id=42292, stack(0x0000009b36300000,0x0000009b36400000) (1024K)]
  0x00000239bb072120 JavaThread "Thread-126894"                     [_thread_in_native, id=50300, stack(0x0000009b34000000,0x0000009b34100000) (1024K)]
  0x00000239bb06eca0 JavaThread "Thread-126895"                     [_thread_in_native, id=8928, stack(0x0000009b2a200000,0x0000009b2a300000) (1024K)]
  0x00000239ae6b8060 JavaThread "Thread-127497"                     [_thread_in_native, id=47008, stack(0x0000009b34000000,0x0000009b34100000) (1024K)]
  0x00000239ae6be960 JavaThread "Thread-127498"                     [_thread_in_native, id=13960, stack(0x0000009b2a200000,0x0000009b2a300000) (1024K)]
  0x00000239bb0734d0 JavaThread "Thread-127608"                     [_thread_in_native, id=48312, stack(0x0000009b34100000,0x0000009b34200000) (1024K)]
  0x00000239bb070050 JavaThread "Thread-127851"                     [_thread_in_native, id=3132, stack(0x0000009b36300000,0x0000009b36400000) (1024K)]
  0x00000239bb0706e0 JavaThread "Thread-128847"                     [_thread_in_native, id=46008, stack(0x0000009b36500000,0x0000009b36600000) (1024K)]
  0x00000239b0428df0 JavaThread "Thread-129957"                     [_thread_in_native, id=6336, stack(0x0000009b2a200000,0x0000009b2a300000) (1024K)]
  0x00000239b042c270 JavaThread "Thread-129958"                     [_thread_in_native, id=16188, stack(0x0000009b34000000,0x0000009b34100000) (1024K)]
  0x00000239bb0755a0 JavaThread "Thread-130018"                     [_thread_in_native, id=47380, stack(0x0000009b34100000,0x0000009b34200000) (1024K)]
  0x00000239bb074f10 JavaThread "Thread-130060"                     [_thread_in_native, id=11876, stack(0x0000009b36300000,0x0000009b36400000) (1024K)]
  0x00000239b549e000 JavaThread "Thread-130255"                     [_thread_in_native, id=32944, stack(0x0000009b34000000,0x0000009b34100000) (1024K)]
  0x00000239b39ceaa0 JavaThread "Thread-130256"                     [_thread_in_native, id=4432, stack(0x0000009b2a200000,0x0000009b2a300000) (1024K)]
  0x00000239bb071400 JavaThread "Thread-130351"                     [_thread_in_native, id=45280, stack(0x0000009b36400000,0x0000009b36500000) (1024K)]
  0x00000239bb071a90 JavaThread "Thread-130667"                     [_thread_in_native, id=29384, stack(0x0000009b36300000,0x0000009b36400000) (1024K)]
  0x00000239bb06e610 JavaThread "Thread-131000"                     [_thread_in_native, id=19224, stack(0x0000009b34000000,0x0000009b34100000) (1024K)]
  0x00000239b1790270 JavaThread "Thread-131001"                     [_thread_in_native, id=39272, stack(0x0000009b2a200000,0x0000009b2a300000) (1024K)]
  0x00000239b39d5a30 JavaThread "Thread-131094"                     [_thread_in_native, id=34532, stack(0x0000009b36300000,0x0000009b36400000) (1024K)]
  0x00000239bb073b60 JavaThread "Thread-131302"                     [_thread_in_native, id=49980, stack(0x0000009b34000000,0x0000009b34100000) (1024K)]
  0x00000239bb074880 JavaThread "Thread-131303"                     [_thread_in_native, id=47032, stack(0x0000009b2a200000,0x0000009b2a300000) (1024K)]
  0x00000239bbc24a50 JavaThread "Thread-131430"                     [_thread_in_native, id=49680, stack(0x0000009b34100000,0x0000009b34200000) (1024K)]
  0x00000239bbc21c60 JavaThread "Thread-131576"                     [_thread_in_native, id=47536, stack(0x0000009b36400000,0x0000009b36500000) (1024K)]
  0x00000239bbc23d30 JavaThread "Thread-131744"                     [_thread_in_native, id=996, stack(0x0000009b36300000,0x0000009b36400000) (1024K)]
  0x00000239bbc250e0 JavaThread "Thread-132147"                     [_thread_in_native, id=15984, stack(0x0000009b2a000000,0x0000009b2a100000) (1024K)]
  0x00000239bbc27840 JavaThread "Thread-132510"                     [_thread_in_native, id=51776, stack(0x0000009b2a000000,0x0000009b2a100000) (1024K)]
  0x00000239bbc243c0 JavaThread "Thread-132511"                     [_thread_in_native, id=42860, stack(0x0000009b2a100000,0x0000009b2a200000) (1024K)]
  0x00000239bbc27ed0 JavaThread "Thread-132702"                     [_thread_in_native, id=50812, stack(0x0000009b2a200000,0x0000009b2a300000) (1024K)]
  0x00000239bbc26490 JavaThread "Timer-147"                         [_thread_blocked, id=45692, stack(0x0000009b5c800000,0x0000009b5d200000) (10240K)]
  0x00000239bbc26b20 JavaThread "Monitor File Timestamp Swing Worker Thread"        [_thread_blocked, id=3696, stack(0x0000009b60e00000,0x0000009b61800000) (10240K)]
  0x00000239bbc2a630 JavaThread "Thread-132863"                     [_thread_in_native, id=26428, stack(0x0000009b2ba00000,0x0000009b2bb00000) (1024K)]
  0x00000239bbc29280 JavaThread "Thread-133502"                     [_thread_in_native, id=47668, stack(0x0000009b2a100000,0x0000009b2a200000) (1024K)]
  0x00000239bbc29fa0 JavaThread "Thread-133503"                     [_thread_in_native, id=48488, stack(0x0000009b2b900000,0x0000009b2ba00000) (1024K)]
  0x00000239bbc29910 JavaThread "Timer-148"                         [_thread_blocked, id=19576, stack(0x0000009b46000000,0x0000009b46a00000) (10240K)]
  0x00000239bbc2acc0 JavaThread "Monitor File Timestamp Swing Worker Thread"        [_thread_blocked, id=50476, stack(0x0000009b5e600000,0x0000009b5f000000) (10240K)]
  0x00000239bbc2c700 JavaThread "Timer-151"                         [_thread_blocked, id=2476, stack(0x0000009b50000000,0x0000009b50a00000) (10240K)]
  0x00000239bbc2c070 JavaThread "Monitor File Timestamp Swing Worker Thread"        [_thread_blocked, id=3456, stack(0x0000009b58c00000,0x0000009b59600000) (10240K)]
  0x00000239bbc2b350 JavaThread "Timer-152"                         [_thread_blocked, id=50588, stack(0x0000009b44c00000,0x0000009b45600000) (10240K)]
  0x00000239bbc2b9e0 JavaThread "Monitor File Timestamp Swing Worker Thread"        [_thread_blocked, id=13900, stack(0x0000009b4a600000,0x0000009b4b000000) (10240K)]
  0x00000239bbc28bf0 JavaThread "Timer-153"                         [_thread_blocked, id=8092, stack(0x0000009b4c400000,0x0000009b4ce00000) (10240K)]
  0x00000239bbc2f4f0 JavaThread "Monitor File Timestamp Swing Worker Thread"        [_thread_blocked, id=22620, stack(0x0000009b59600000,0x0000009b5a000000) (10240K)]
  0x00000239bbc25e00 JavaThread "Relaunch Simulation Thread"        [_thread_blocked, id=13540, stack(0x0000009b65e00000,0x0000009b66800000) (10240K)]
Total: 191

Other Threads:
  0x000002392b8de6e0 VMThread "VM Thread"                           [id=45916, stack(0x0000009b2c500000,0x0000009b2c600000) (1024K)]
  0x000002392b8e29b0 WatcherThread "VM Periodic Task Thread"        [id=42068, stack(0x0000009b2c400000,0x0000009b2c500000) (1024K)]
  0x000002392b8dee20 WorkerThread "GC Thread#0"                     [id=25552, stack(0x0000009b2bf00000,0x0000009b2c000000) (1024K)]
  0x000002392b8ddc00 WorkerThread "GC Thread#1"                     [id=45480, stack(0x0000009b34c00000,0x0000009b34d00000) (1024K)]
  0x000002392b8de340 WorkerThread "GC Thread#2"                     [id=16184, stack(0x0000009b34d00000,0x0000009b34e00000) (1024K)]
  0x000002392b8df560 WorkerThread "GC Thread#3"                     [id=45376, stack(0x0000009b34e00000,0x0000009b34f00000) (1024K)]
  0x00000239246e0e30 ConcurrentGCThread "G1 Main Marker"            [id=26688, stack(0x0000009b2c000000,0x0000009b2c100000) (1024K)]
  0x000002392b8dea80 WorkerThread "G1 Conc#0"                       [id=29508, stack(0x0000009b2c100000,0x0000009b2c200000) (1024K)]
  0x000002392d323100 ConcurrentGCThread "G1 Refine#0"               [id=44824, stack(0x0000009b2c200000,0x0000009b2c300000) (1024K)]
  0x000002392b3614b0 ConcurrentGCThread "G1 Service"                [id=24272, stack(0x0000009b2c300000,0x0000009b2c400000) (1024K)]
Total: 10

Threads with active compile tasks:
Total: 0

VM state: not at safepoint (normal execution)

VM Mutex/Monitor currently owned by a thread: None

Heap address: 0x0000000680000000, size: 6144 MB, Compressed Oops mode: Zero based, Oop shift amount: 3

CDS archive(s) mapped at: [0x000002394f000000-0x000002394fc90000-0x000002394fc90000), size 13172736, SharedBaseAddress: 0x000002394f000000, ArchiveRelocationMode: 1.
Compressed class space mapped at: 0x0000023950000000-0x0000023990000000, reserved size: 1073741824
Narrow klass base: 0x000002394f000000, Narrow klass shift: 0, Narrow klass range: 0x100000000

GC Precious Log:
 CardTable entry size: 512
 Card Set container configuration: InlinePtr #cards 4 size 8 Array Of Cards #cards 32 size 80 Howl #buckets 8 coarsen threshold 7372 Howl Bitmap #cards 1024 size 144 coarsen threshold 921 Card regions per heap region 1 cards per card region 8192
 CPUs: 8 total, 8 available
 Memory: 36558M
 Large Page Support: Disabled
 NUMA Support: Disabled
 Compressed Oops: Enabled (Zero based)
 Heap Region Size: 4M
 Heap Min Capacity: 812M
 Heap Initial Capacity: 812M
 Heap Max Capacity: 6G
 Pre-touch: Disabled
 Parallel Workers: 4
 Concurrent Workers: 1
 Concurrent Refinement Workers: 4
 Periodic GC: Disabled
 String Deduplication is enabled

Heap:
 garbage-first heap   total 831488K, used 249519K [0x0000000680000000, 0x0000000800000000)
  region size 4096K, 7 young (28672K), 1 survivors (4096K)
 Metaspace       used 102385K, committed 102912K, reserved 1179648K
  class space    used 13993K, committed 14272K, reserved 1048576K

Heap Regions: E=young(eden), S=young(survivor), O=old, HS=humongous(starts), HC=humongous(continues), CS=collection set, F=free, TAMS=top-at-mark-start, PB=parsable bottom
|   0|0x0000000680000000, 0x00000006803ff018, 0x0000000680400000| 99%| O|  |TAMS 0x0000000680000000| PB 0x0000000680000000| Untracked 
|   1|0x0000000680400000, 0x00000006807fffa8, 0x0000000680800000| 99%| O|  |TAMS 0x0000000680400000| PB 0x0000000680400000| Untracked 
|   2|0x0000000680800000, 0x0000000680c00000, 0x0000000680c00000|100%| O|  |TAMS 0x0000000680800000| PB 0x0000000680800000| Untracked 
|   3|0x0000000680c00000, 0x0000000681000000, 0x0000000681000000|100%| O|  |TAMS 0x0000000680c00000| PB 0x0000000680c00000| Untracked 
|   4|0x0000000681000000, 0x0000000681400000, 0x0000000681400000|100%| O|  |TAMS 0x0000000681000000| PB 0x0000000681000000| Untracked 
|   5|0x0000000681400000, 0x00000006817ffff8, 0x0000000681800000| 99%| O|  |TAMS 0x0000000681400000| PB 0x0000000681400000| Untracked 
|   6|0x0000000681800000, 0x0000000681bfffe0, 0x0000000681c00000| 99%| O|  |TAMS 0x0000000681800000| PB 0x0000000681800000| Untracked 
|   7|0x0000000681c00000, 0x0000000682000000, 0x0000000682000000|100%| O|  |TAMS 0x0000000681c00000| PB 0x0000000681c00000| Untracked 
|   8|0x0000000682000000, 0x00000006823f5748, 0x0000000682400000| 98%| O|  |TAMS 0x0000000682000000| PB 0x0000000682000000| Untracked 
|   9|0x0000000682400000, 0x00000006827ffff8, 0x0000000682800000| 99%| O|  |TAMS 0x0000000682400000| PB 0x0000000682400000| Untracked 
|  10|0x0000000682800000, 0x0000000682c00000, 0x0000000682c00000|100%| O|  |TAMS 0x0000000682800000| PB 0x0000000682800000| Untracked 
|  11|0x0000000682c00000, 0x0000000682ffffa0, 0x0000000683000000| 99%| O|  |TAMS 0x0000000682c00000| PB 0x0000000682c00000| Untracked 
|  12|0x0000000683000000, 0x00000006833ffff8, 0x0000000683400000| 99%| O|  |TAMS 0x0000000683000000| PB 0x0000000683000000| Untracked 
|  13|0x0000000683400000, 0x0000000683800000, 0x0000000683800000|100%| O|  |TAMS 0x0000000683400000| PB 0x0000000683400000| Untracked 
|  14|0x0000000683800000, 0x0000000683bffff8, 0x0000000683c00000| 99%| O|  |TAMS 0x0000000683800000| PB 0x0000000683800000| Untracked 
|  15|0x0000000683c00000, 0x0000000683fffff8, 0x0000000684000000| 99%| O|  |TAMS 0x0000000683c00000| PB 0x0000000683c00000| Untracked 
|  16|0x0000000684000000, 0x00000006843ffff0, 0x0000000684400000| 99%| O|  |TAMS 0x0000000684000000| PB 0x0000000684000000| Untracked 
|  17|0x0000000684400000, 0x00000006847fe760, 0x0000000684800000| 99%| O|  |TAMS 0x0000000684400000| PB 0x0000000684400000| Untracked 
|  18|0x0000000684800000, 0x0000000684bfffe8, 0x0000000684c00000| 99%| O|  |TAMS 0x0000000684800000| PB 0x0000000684800000| Untracked 
|  19|0x0000000684c00000, 0x0000000685000000, 0x0000000685000000|100%| O|  |TAMS 0x0000000684c00000| PB 0x0000000684c00000| Untracked 
|  20|0x0000000685000000, 0x00000006853fff18, 0x0000000685400000| 99%| O|  |TAMS 0x0000000685000000| PB 0x0000000685000000| Untracked 
|  21|0x0000000685400000, 0x00000006857fffe8, 0x0000000685800000| 99%| O|  |TAMS 0x0000000685400000| PB 0x0000000685400000| Untracked 
|  22|0x0000000685800000, 0x0000000685bffff8, 0x0000000685c00000| 99%| O|  |TAMS 0x0000000685800000| PB 0x0000000685800000| Untracked 
|  23|0x0000000685c00000, 0x0000000685fffec0, 0x0000000686000000| 99%| O|  |TAMS 0x0000000685c00000| PB 0x0000000685c00000| Untracked 
|  24|0x0000000686000000, 0x00000006863ffff0, 0x0000000686400000| 99%| O|  |TAMS 0x0000000686000000| PB 0x0000000686000000| Untracked 
|  25|0x0000000686400000, 0x0000000686800000, 0x0000000686800000|100%| O|  |TAMS 0x0000000686400000| PB 0x0000000686400000| Untracked 
|  26|0x0000000686800000, 0x0000000686bffff8, 0x0000000686c00000| 99%| O|  |TAMS 0x0000000686800000| PB 0x0000000686800000| Untracked 
|  27|0x0000000686c00000, 0x0000000686fffff8, 0x0000000687000000| 99%| O|  |TAMS 0x0000000686c00000| PB 0x0000000686c00000| Untracked 
|  28|0x0000000687000000, 0x0000000687400000, 0x0000000687400000|100%| O|  |TAMS 0x0000000687000000| PB 0x0000000687000000| Untracked 
|  29|0x0000000687400000, 0x00000006877ffff0, 0x0000000687800000| 99%| O|  |TAMS 0x0000000687400000| PB 0x0000000687400000| Untracked 
|  30|0x0000000687800000, 0x0000000687bffff8, 0x0000000687c00000| 99%| O|  |TAMS 0x0000000687800000| PB 0x0000000687800000| Untracked 
|  31|0x0000000687c00000, 0x0000000687fffb78, 0x0000000688000000| 99%| O|  |TAMS 0x0000000687c00000| PB 0x0000000687c00000| Untracked 
|  32|0x0000000688000000, 0x00000006883fffc0, 0x0000000688400000| 99%| O|  |TAMS 0x0000000688000000| PB 0x0000000688000000| Untracked 
|  33|0x0000000688400000, 0x00000006887ffee0, 0x0000000688800000| 99%| O|  |TAMS 0x0000000688400000| PB 0x0000000688400000| Untracked 
|  34|0x0000000688800000, 0x0000000688c00000, 0x0000000688c00000|100%| O|  |TAMS 0x0000000688800000| PB 0x0000000688800000| Untracked 
|  35|0x0000000688c00000, 0x0000000688ffffe8, 0x0000000689000000| 99%| O|  |TAMS 0x0000000688c00000| PB 0x0000000688c00000| Untracked 
|  36|0x0000000689000000, 0x00000006893ffff8, 0x0000000689400000| 99%| O|  |TAMS 0x0000000689000000| PB 0x0000000689000000| Untracked 
|  37|0x0000000689400000, 0x00000006897ffed0, 0x0000000689800000| 99%| O|  |TAMS 0x0000000689400000| PB 0x0000000689400000| Untracked 
|  38|0x0000000689800000, 0x0000000689bffee8, 0x0000000689c00000| 99%| O|  |TAMS 0x0000000689800000| PB 0x0000000689800000| Untracked 
|  39|0x0000000689c00000, 0x0000000689fffc70, 0x000000068a000000| 99%| O|  |TAMS 0x0000000689c00000| PB 0x0000000689c00000| Untracked 
|  40|0x000000068a000000, 0x000000068a3ffff0, 0x000000068a400000| 99%| O|  |TAMS 0x000000068a000000| PB 0x000000068a000000| Untracked 
|  41|0x000000068a400000, 0x000000068a7ffff8, 0x000000068a800000| 99%| O|  |TAMS 0x000000068a400000| PB 0x000000068a400000| Untracked 
|  42|0x000000068a800000, 0x000000068abffb28, 0x000000068ac00000| 99%| O|  |TAMS 0x000000068a800000| PB 0x000000068a800000| Untracked 
|  43|0x000000068ac00000, 0x000000068affffe8, 0x000000068b000000| 99%| O|  |TAMS 0x000000068ac00000| PB 0x000000068ac00000| Untracked 
|  44|0x000000068b000000, 0x000000068b3ffff8, 0x000000068b400000| 99%| O|  |TAMS 0x000000068b000000| PB 0x000000068b000000| Untracked 
|  45|0x000000068b400000, 0x000000068b7fffe8, 0x000000068b800000| 99%| O|  |TAMS 0x000000068b400000| PB 0x000000068b400000| Untracked 
|  46|0x000000068b800000, 0x000000068bbffff8, 0x000000068bc00000| 99%| O|  |TAMS 0x000000068b800000| PB 0x000000068b800000| Untracked 
|  47|0x000000068bc00000, 0x000000068bfffff0, 0x000000068c000000| 99%| O|  |TAMS 0x000000068bc00000| PB 0x000000068bc00000| Untracked 
|  48|0x000000068c000000, 0x000000068c3fffd8, 0x000000068c400000| 99%| O|  |TAMS 0x000000068c000000| PB 0x000000068c000000| Untracked 
|  49|0x000000068c400000, 0x000000068c7fffd8, 0x000000068c800000| 99%| O|  |TAMS 0x000000068c400000| PB 0x000000068c400000| Untracked 
|  50|0x000000068c800000, 0x000000068cc00000, 0x000000068cc00000|100%|HS|  |TAMS 0x000000068c800000| PB 0x000000068c800000| Untracked 
|  51|0x000000068cc00000, 0x000000068d000000, 0x000000068d000000|100%|HC|  |TAMS 0x000000068cc00000| PB 0x000000068cc00000| Untracked 
|  52|0x000000068d000000, 0x000000068d3ec130, 0x000000068d400000| 98%| O|  |TAMS 0x000000068d000000| PB 0x000000068d000000| Untracked 
|  53|0x000000068d400000, 0x000000068d6725d0, 0x000000068d800000| 61%| O|  |TAMS 0x000000068d400000| PB 0x000000068d400000| Untracked 
|  54|0x000000068d800000, 0x000000068dbffff8, 0x000000068dc00000| 99%| O|  |TAMS 0x000000068d800000| PB 0x000000068d800000| Untracked 
|  55|0x000000068dc00000, 0x000000068de4a490, 0x000000068e000000| 57%| O|  |TAMS 0x000000068dc00000| PB 0x000000068dc00000| Untracked 
|  56|0x000000068e000000, 0x000000068e20a708, 0x000000068e400000| 51%| O|  |TAMS 0x000000068e000000| PB 0x000000068e000000| Untracked 
|  57|0x000000068e400000, 0x000000068e400000, 0x000000068e800000|  0%| F|  |TAMS 0x000000068e400000| PB 0x000000068e400000| Untracked 
|  58|0x000000068e800000, 0x000000068e812570, 0x000000068ec00000|  1%| O|  |TAMS 0x000000068e800000| PB 0x000000068e800000| Untracked 
|  59|0x000000068ec00000, 0x000000068ec00000, 0x000000068f000000|  0%| F|  |TAMS 0x000000068ec00000| PB 0x000000068ec00000| Untracked 
|  60|0x000000068f000000, 0x000000068f000000, 0x000000068f400000|  0%| F|  |TAMS 0x000000068f000000| PB 0x000000068f000000| Untracked 
|  61|0x000000068f400000, 0x000000068f400000, 0x000000068f800000|  0%| F|  |TAMS 0x000000068f400000| PB 0x000000068f400000| Untracked 
|  62|0x000000068f800000, 0x000000068f800000, 0x000000068fc00000|  0%| F|  |TAMS 0x000000068f800000| PB 0x000000068f800000| Untracked 
|  63|0x000000068fc00000, 0x000000068fc00000, 0x0000000690000000|  0%| F|  |TAMS 0x000000068fc00000| PB 0x000000068fc00000| Untracked 
|  64|0x0000000690000000, 0x0000000690000000, 0x0000000690400000|  0%| F|  |TAMS 0x0000000690000000| PB 0x0000000690000000| Untracked 
|  65|0x0000000690400000, 0x0000000690400000, 0x0000000690800000|  0%| F|  |TAMS 0x0000000690400000| PB 0x0000000690400000| Untracked 
|  66|0x0000000690800000, 0x0000000690800000, 0x0000000690c00000|  0%| F|  |TAMS 0x0000000690800000| PB 0x0000000690800000| Untracked 
|  67|0x0000000690c00000, 0x0000000690c00000, 0x0000000691000000|  0%| F|  |TAMS 0x0000000690c00000| PB 0x0000000690c00000| Untracked 
|  68|0x0000000691000000, 0x0000000691000000, 0x0000000691400000|  0%| F|  |TAMS 0x0000000691000000| PB 0x0000000691000000| Untracked 
|  69|0x0000000691400000, 0x0000000691400000, 0x0000000691800000|  0%| F|  |TAMS 0x0000000691400000| PB 0x0000000691400000| Untracked 
|  70|0x0000000691800000, 0x0000000691800000, 0x0000000691c00000|  0%| F|  |TAMS 0x0000000691800000| PB 0x0000000691800000| Untracked 
|  71|0x0000000691c00000, 0x0000000691c00000, 0x0000000692000000|  0%| F|  |TAMS 0x0000000691c00000| PB 0x0000000691c00000| Untracked 
|  72|0x0000000692000000, 0x0000000692000000, 0x0000000692400000|  0%| F|  |TAMS 0x0000000692000000| PB 0x0000000692000000| Untracked 
|  73|0x0000000692400000, 0x0000000692400000, 0x0000000692800000|  0%| F|  |TAMS 0x0000000692400000| PB 0x0000000692400000| Untracked 
|  74|0x0000000692800000, 0x0000000692800000, 0x0000000692c00000|  0%| F|  |TAMS 0x0000000692800000| PB 0x0000000692800000| Untracked 
|  75|0x0000000692c00000, 0x0000000692c00000, 0x0000000693000000|  0%| F|  |TAMS 0x0000000692c00000| PB 0x0000000692c00000| Untracked 
|  76|0x0000000693000000, 0x0000000693000000, 0x0000000693400000|  0%| F|  |TAMS 0x0000000693000000| PB 0x0000000693000000| Untracked 
|  77|0x0000000693400000, 0x0000000693400000, 0x0000000693800000|  0%| F|  |TAMS 0x0000000693400000| PB 0x0000000693400000| Untracked 
|  78|0x0000000693800000, 0x0000000693800000, 0x0000000693c00000|  0%| F|  |TAMS 0x0000000693800000| PB 0x0000000693800000| Untracked 
|  79|0x0000000693c00000, 0x0000000693c00000, 0x0000000694000000|  0%| F|  |TAMS 0x0000000693c00000| PB 0x0000000693c00000| Untracked 
|  80|0x0000000694000000, 0x0000000694000000, 0x0000000694400000|  0%| F|  |TAMS 0x0000000694000000| PB 0x0000000694000000| Untracked 
|  81|0x0000000694400000, 0x0000000694400000, 0x0000000694800000|  0%| F|  |TAMS 0x0000000694400000| PB 0x0000000694400000| Untracked 
|  82|0x0000000694800000, 0x0000000694800000, 0x0000000694c00000|  0%| F|  |TAMS 0x0000000694800000| PB 0x0000000694800000| Untracked 
|  83|0x0000000694c00000, 0x0000000694c00000, 0x0000000695000000|  0%| F|  |TAMS 0x0000000694c00000| PB 0x0000000694c00000| Untracked 
|  84|0x0000000695000000, 0x0000000695000000, 0x0000000695400000|  0%| F|  |TAMS 0x0000000695000000| PB 0x0000000695000000| Untracked 
|  85|0x0000000695400000, 0x0000000695400000, 0x0000000695800000|  0%| F|  |TAMS 0x0000000695400000| PB 0x0000000695400000| Untracked 
|  86|0x0000000695800000, 0x0000000695800000, 0x0000000695c00000|  0%| F|  |TAMS 0x0000000695800000| PB 0x0000000695800000| Untracked 
|  87|0x0000000695c00000, 0x0000000695c00000, 0x0000000696000000|  0%| F|  |TAMS 0x0000000695c00000| PB 0x0000000695c00000| Untracked 
|  88|0x0000000696000000, 0x0000000696000000, 0x0000000696400000|  0%| F|  |TAMS 0x0000000696000000| PB 0x0000000696000000| Untracked 
|  89|0x0000000696400000, 0x0000000696400000, 0x0000000696800000|  0%| F|  |TAMS 0x0000000696400000| PB 0x0000000696400000| Untracked 
|  90|0x0000000696800000, 0x0000000696800000, 0x0000000696c00000|  0%| F|  |TAMS 0x0000000696800000| PB 0x0000000696800000| Untracked 
|  91|0x0000000696c00000, 0x0000000696c00000, 0x0000000697000000|  0%| F|  |TAMS 0x0000000696c00000| PB 0x0000000696c00000| Untracked 
|  92|0x0000000697000000, 0x0000000697000000, 0x0000000697400000|  0%| F|  |TAMS 0x0000000697000000| PB 0x0000000697000000| Untracked 
|  93|0x0000000697400000, 0x0000000697400000, 0x0000000697800000|  0%| F|  |TAMS 0x0000000697400000| PB 0x0000000697400000| Untracked 
|  94|0x0000000697800000, 0x0000000697800000, 0x0000000697c00000|  0%| F|  |TAMS 0x0000000697800000| PB 0x0000000697800000| Untracked 
|  95|0x0000000697c00000, 0x0000000697c00000, 0x0000000698000000|  0%| F|  |TAMS 0x0000000697c00000| PB 0x0000000697c00000| Untracked 
|  96|0x0000000698000000, 0x0000000698000000, 0x0000000698400000|  0%| F|  |TAMS 0x0000000698000000| PB 0x0000000698000000| Untracked 
|  97|0x0000000698400000, 0x0000000698400000, 0x0000000698800000|  0%| F|  |TAMS 0x0000000698400000| PB 0x0000000698400000| Untracked 
|  98|0x0000000698800000, 0x0000000698800000, 0x0000000698c00000|  0%| F|  |TAMS 0x0000000698800000| PB 0x0000000698800000| Untracked 
|  99|0x0000000698c00000, 0x0000000698c00000, 0x0000000699000000|  0%| F|  |TAMS 0x0000000698c00000| PB 0x0000000698c00000| Untracked 
| 100|0x0000000699000000, 0x0000000699000000, 0x0000000699400000|  0%| F|  |TAMS 0x0000000699000000| PB 0x0000000699000000| Untracked 
| 101|0x0000000699400000, 0x0000000699400000, 0x0000000699800000|  0%| F|  |TAMS 0x0000000699400000| PB 0x0000000699400000| Untracked 
| 102|0x0000000699800000, 0x0000000699800000, 0x0000000699c00000|  0%| F|  |TAMS 0x0000000699800000| PB 0x0000000699800000| Untracked 
| 103|0x0000000699c00000, 0x0000000699c00000, 0x000000069a000000|  0%| F|  |TAMS 0x0000000699c00000| PB 0x0000000699c00000| Untracked 
| 104|0x000000069a000000, 0x000000069a000000, 0x000000069a400000|  0%| F|  |TAMS 0x000000069a000000| PB 0x000000069a000000| Untracked 
| 105|0x000000069a400000, 0x000000069a400000, 0x000000069a800000|  0%| F|  |TAMS 0x000000069a400000| PB 0x000000069a400000| Untracked 
| 106|0x000000069a800000, 0x000000069a800000, 0x000000069ac00000|  0%| F|  |TAMS 0x000000069a800000| PB 0x000000069a800000| Untracked 
| 107|0x000000069ac00000, 0x000000069ac00000, 0x000000069b000000|  0%| F|  |TAMS 0x000000069ac00000| PB 0x000000069ac00000| Untracked 
| 108|0x000000069b000000, 0x000000069b000000, 0x000000069b400000|  0%| F|  |TAMS 0x000000069b000000| PB 0x000000069b000000| Untracked 
| 109|0x000000069b400000, 0x000000069b400000, 0x000000069b800000|  0%| F|  |TAMS 0x000000069b400000| PB 0x000000069b400000| Untracked 
| 110|0x000000069b800000, 0x000000069b800000, 0x000000069bc00000|  0%| F|  |TAMS 0x000000069b800000| PB 0x000000069b800000| Untracked 
| 111|0x000000069bc00000, 0x000000069bc00000, 0x000000069c000000|  0%| F|  |TAMS 0x000000069bc00000| PB 0x000000069bc00000| Untracked 
| 112|0x000000069c000000, 0x000000069c000000, 0x000000069c400000|  0%| F|  |TAMS 0x000000069c000000| PB 0x000000069c000000| Untracked 
| 113|0x000000069c400000, 0x000000069c400000, 0x000000069c800000|  0%| F|  |TAMS 0x000000069c400000| PB 0x000000069c400000| Untracked 
| 114|0x000000069c800000, 0x000000069c800000, 0x000000069cc00000|  0%| F|  |TAMS 0x000000069c800000| PB 0x000000069c800000| Untracked 
| 115|0x000000069cc00000, 0x000000069cc00000, 0x000000069d000000|  0%| F|  |TAMS 0x000000069cc00000| PB 0x000000069cc00000| Untracked 
| 116|0x000000069d000000, 0x000000069d000000, 0x000000069d400000|  0%| F|  |TAMS 0x000000069d000000| PB 0x000000069d000000| Untracked 
| 117|0x000000069d400000, 0x000000069d400000, 0x000000069d800000|  0%| F|  |TAMS 0x000000069d400000| PB 0x000000069d400000| Untracked 
| 118|0x000000069d800000, 0x000000069d800000, 0x000000069dc00000|  0%| F|  |TAMS 0x000000069d800000| PB 0x000000069d800000| Untracked 
| 119|0x000000069dc00000, 0x000000069dc00000, 0x000000069e000000|  0%| F|  |TAMS 0x000000069dc00000| PB 0x000000069dc00000| Untracked 
| 120|0x000000069e000000, 0x000000069e000000, 0x000000069e400000|  0%| F|  |TAMS 0x000000069e000000| PB 0x000000069e000000| Untracked 
| 121|0x000000069e400000, 0x000000069e400000, 0x000000069e800000|  0%| F|  |TAMS 0x000000069e400000| PB 0x000000069e400000| Untracked 
| 122|0x000000069e800000, 0x000000069e800000, 0x000000069ec00000|  0%| F|  |TAMS 0x000000069e800000| PB 0x000000069e800000| Untracked 
| 123|0x000000069ec00000, 0x000000069ec00000, 0x000000069f000000|  0%| F|  |TAMS 0x000000069ec00000| PB 0x000000069ec00000| Untracked 
| 124|0x000000069f000000, 0x000000069f000000, 0x000000069f400000|  0%| F|  |TAMS 0x000000069f000000| PB 0x000000069f000000| Untracked 
| 125|0x000000069f400000, 0x000000069f400000, 0x000000069f800000|  0%| F|  |TAMS 0x000000069f400000| PB 0x000000069f400000| Untracked 
| 126|0x000000069f800000, 0x000000069f800000, 0x000000069fc00000|  0%| F|  |TAMS 0x000000069f800000| PB 0x000000069f800000| Untracked 
| 127|0x000000069fc00000, 0x000000069fc00000, 0x00000006a0000000|  0%| F|  |TAMS 0x000000069fc00000| PB 0x000000069fc00000| Untracked 
| 128|0x00000006a0000000, 0x00000006a0000000, 0x00000006a0400000|  0%| F|  |TAMS 0x00000006a0000000| PB 0x00000006a0000000| Untracked 
| 129|0x00000006a0400000, 0x00000006a0400000, 0x00000006a0800000|  0%| F|  |TAMS 0x00000006a0400000| PB 0x00000006a0400000| Untracked 
| 130|0x00000006a0800000, 0x00000006a0800000, 0x00000006a0c00000|  0%| F|  |TAMS 0x00000006a0800000| PB 0x00000006a0800000| Untracked 
| 131|0x00000006a0c00000, 0x00000006a0c00000, 0x00000006a1000000|  0%| F|  |TAMS 0x00000006a0c00000| PB 0x00000006a0c00000| Untracked 
| 132|0x00000006a1000000, 0x00000006a1000000, 0x00000006a1400000|  0%| F|  |TAMS 0x00000006a1000000| PB 0x00000006a1000000| Untracked 
| 133|0x00000006a1400000, 0x00000006a1400000, 0x00000006a1800000|  0%| F|  |TAMS 0x00000006a1400000| PB 0x00000006a1400000| Untracked 
| 134|0x00000006a1800000, 0x00000006a1800000, 0x00000006a1c00000|  0%| F|  |TAMS 0x00000006a1800000| PB 0x00000006a1800000| Untracked 
| 135|0x00000006a1c00000, 0x00000006a1c00000, 0x00000006a2000000|  0%| F|  |TAMS 0x00000006a1c00000| PB 0x00000006a1c00000| Untracked 
| 136|0x00000006a2000000, 0x00000006a2000000, 0x00000006a2400000|  0%| F|  |TAMS 0x00000006a2000000| PB 0x00000006a2000000| Untracked 
| 137|0x00000006a2400000, 0x00000006a2400000, 0x00000006a2800000|  0%| F|  |TAMS 0x00000006a2400000| PB 0x00000006a2400000| Untracked 
| 138|0x00000006a2800000, 0x00000006a2800000, 0x00000006a2c00000|  0%| F|  |TAMS 0x00000006a2800000| PB 0x00000006a2800000| Untracked 
| 139|0x00000006a2c00000, 0x00000006a2c00000, 0x00000006a3000000|  0%| F|  |TAMS 0x00000006a2c00000| PB 0x00000006a2c00000| Untracked 
| 140|0x00000006a3000000, 0x00000006a3000000, 0x00000006a3400000|  0%| F|  |TAMS 0x00000006a3000000| PB 0x00000006a3000000| Untracked 
| 141|0x00000006a3400000, 0x00000006a3400000, 0x00000006a3800000|  0%| F|  |TAMS 0x00000006a3400000| PB 0x00000006a3400000| Untracked 
| 142|0x00000006a3800000, 0x00000006a3800000, 0x00000006a3c00000|  0%| F|  |TAMS 0x00000006a3800000| PB 0x00000006a3800000| Untracked 
| 143|0x00000006a3c00000, 0x00000006a3c00000, 0x00000006a4000000|  0%| F|  |TAMS 0x00000006a3c00000| PB 0x00000006a3c00000| Untracked 
| 144|0x00000006a4000000, 0x00000006a4000000, 0x00000006a4400000|  0%| F|  |TAMS 0x00000006a4000000| PB 0x00000006a4000000| Untracked 
| 145|0x00000006a4400000, 0x00000006a4400000, 0x00000006a4800000|  0%| F|  |TAMS 0x00000006a4400000| PB 0x00000006a4400000| Untracked 
| 146|0x00000006a4800000, 0x00000006a4800000, 0x00000006a4c00000|  0%| F|  |TAMS 0x00000006a4800000| PB 0x00000006a4800000| Untracked 
| 147|0x00000006a4c00000, 0x00000006a4c00000, 0x00000006a5000000|  0%| F|  |TAMS 0x00000006a4c00000| PB 0x00000006a4c00000| Untracked 
| 148|0x00000006a5000000, 0x00000006a5000000, 0x00000006a5400000|  0%| F|  |TAMS 0x00000006a5000000| PB 0x00000006a5000000| Untracked 
| 149|0x00000006a5400000, 0x00000006a5400000, 0x00000006a5800000|  0%| F|  |TAMS 0x00000006a5400000| PB 0x00000006a5400000| Untracked 
| 150|0x00000006a5800000, 0x00000006a5800000, 0x00000006a5c00000|  0%| F|  |TAMS 0x00000006a5800000| PB 0x00000006a5800000| Untracked 
| 151|0x00000006a5c00000, 0x00000006a5c00000, 0x00000006a6000000|  0%| F|  |TAMS 0x00000006a5c00000| PB 0x00000006a5c00000| Untracked 
| 152|0x00000006a6000000, 0x00000006a6000000, 0x00000006a6400000|  0%| F|  |TAMS 0x00000006a6000000| PB 0x00000006a6000000| Untracked 
| 153|0x00000006a6400000, 0x00000006a6400000, 0x00000006a6800000|  0%| F|  |TAMS 0x00000006a6400000| PB 0x00000006a6400000| Untracked 
| 154|0x00000006a6800000, 0x00000006a6800000, 0x00000006a6c00000|  0%| F|  |TAMS 0x00000006a6800000| PB 0x00000006a6800000| Untracked 
| 155|0x00000006a6c00000, 0x00000006a6c00000, 0x00000006a7000000|  0%| F|  |TAMS 0x00000006a6c00000| PB 0x00000006a6c00000| Untracked 
| 156|0x00000006a7000000, 0x00000006a7000000, 0x00000006a7400000|  0%| F|  |TAMS 0x00000006a7000000| PB 0x00000006a7000000| Untracked 
| 157|0x00000006a7400000, 0x00000006a7400000, 0x00000006a7800000|  0%| F|  |TAMS 0x00000006a7400000| PB 0x00000006a7400000| Untracked 
| 158|0x00000006a7800000, 0x00000006a7800000, 0x00000006a7c00000|  0%| F|  |TAMS 0x00000006a7800000| PB 0x00000006a7800000| Untracked 
| 159|0x00000006a7c00000, 0x00000006a7c00000, 0x00000006a8000000|  0%| F|  |TAMS 0x00000006a7c00000| PB 0x00000006a7c00000| Untracked 
| 160|0x00000006a8000000, 0x00000006a8000000, 0x00000006a8400000|  0%| F|  |TAMS 0x00000006a8000000| PB 0x00000006a8000000| Untracked 
| 161|0x00000006a8400000, 0x00000006a8400000, 0x00000006a8800000|  0%| F|  |TAMS 0x00000006a8400000| PB 0x00000006a8400000| Untracked 
| 162|0x00000006a8800000, 0x00000006a8800000, 0x00000006a8c00000|  0%| F|  |TAMS 0x00000006a8800000| PB 0x00000006a8800000| Untracked 
| 163|0x00000006a8c00000, 0x00000006a8c00000, 0x00000006a9000000|  0%| F|  |TAMS 0x00000006a8c00000| PB 0x00000006a8c00000| Untracked 
| 164|0x00000006a9000000, 0x00000006a9000000, 0x00000006a9400000|  0%| F|  |TAMS 0x00000006a9000000| PB 0x00000006a9000000| Untracked 
| 165|0x00000006a9400000, 0x00000006a9400000, 0x00000006a9800000|  0%| F|  |TAMS 0x00000006a9400000| PB 0x00000006a9400000| Untracked 
| 166|0x00000006a9800000, 0x00000006a9800000, 0x00000006a9c00000|  0%| F|  |TAMS 0x00000006a9800000| PB 0x00000006a9800000| Untracked 
| 167|0x00000006a9c00000, 0x00000006a9c00000, 0x00000006aa000000|  0%| F|  |TAMS 0x00000006a9c00000| PB 0x00000006a9c00000| Untracked 
| 168|0x00000006aa000000, 0x00000006aa000000, 0x00000006aa400000|  0%| F|  |TAMS 0x00000006aa000000| PB 0x00000006aa000000| Untracked 
| 169|0x00000006aa400000, 0x00000006aa400000, 0x00000006aa800000|  0%| F|  |TAMS 0x00000006aa400000| PB 0x00000006aa400000| Untracked 
| 170|0x00000006aa800000, 0x00000006aa800000, 0x00000006aac00000|  0%| F|  |TAMS 0x00000006aa800000| PB 0x00000006aa800000| Untracked 
| 171|0x00000006aac00000, 0x00000006aac00000, 0x00000006ab000000|  0%| F|  |TAMS 0x00000006aac00000| PB 0x00000006aac00000| Untracked 
| 172|0x00000006ab000000, 0x00000006ab000000, 0x00000006ab400000|  0%| F|  |TAMS 0x00000006ab000000| PB 0x00000006ab000000| Untracked 
| 173|0x00000006ab400000, 0x00000006ab400000, 0x00000006ab800000|  0%| F|  |TAMS 0x00000006ab400000| PB 0x00000006ab400000| Untracked 
| 174|0x00000006ab800000, 0x00000006ab800000, 0x00000006abc00000|  0%| F|  |TAMS 0x00000006ab800000| PB 0x00000006ab800000| Untracked 
| 175|0x00000006abc00000, 0x00000006abc00000, 0x00000006ac000000|  0%| F|  |TAMS 0x00000006abc00000| PB 0x00000006abc00000| Untracked 
| 176|0x00000006ac000000, 0x00000006ac000000, 0x00000006ac400000|  0%| F|  |TAMS 0x00000006ac000000| PB 0x00000006ac000000| Untracked 
| 177|0x00000006ac400000, 0x00000006ac400000, 0x00000006ac800000|  0%| F|  |TAMS 0x00000006ac400000| PB 0x00000006ac400000| Untracked 
| 178|0x00000006ac800000, 0x00000006ac800000, 0x00000006acc00000|  0%| F|  |TAMS 0x00000006ac800000| PB 0x00000006ac800000| Untracked 
| 179|0x00000006acc00000, 0x00000006acc00000, 0x00000006ad000000|  0%| F|  |TAMS 0x00000006acc00000| PB 0x00000006acc00000| Untracked 
| 180|0x00000006ad000000, 0x00000006ad000000, 0x00000006ad400000|  0%| F|  |TAMS 0x00000006ad000000| PB 0x00000006ad000000| Untracked 
| 181|0x00000006ad400000, 0x00000006ad400000, 0x00000006ad800000|  0%| F|  |TAMS 0x00000006ad400000| PB 0x00000006ad400000| Untracked 
| 182|0x00000006ad800000, 0x00000006ad8f4c50, 0x00000006adc00000| 23%| S|CS|TAMS 0x00000006ad800000| PB 0x00000006ad800000| Complete 
| 183|0x00000006adc00000, 0x00000006adc00000, 0x00000006ae000000|  0%| F|  |TAMS 0x00000006adc00000| PB 0x00000006adc00000| Untracked 
| 184|0x00000006ae000000, 0x00000006ae000000, 0x00000006ae400000|  0%| F|  |TAMS 0x00000006ae000000| PB 0x00000006ae000000| Untracked 
| 185|0x00000006ae400000, 0x00000006ae400000, 0x00000006ae800000|  0%| F|  |TAMS 0x00000006ae400000| PB 0x00000006ae400000| Untracked 
| 186|0x00000006ae800000, 0x00000006ae800000, 0x00000006aec00000|  0%| F|  |TAMS 0x00000006ae800000| PB 0x00000006ae800000| Untracked 
| 187|0x00000006aec00000, 0x00000006aec00000, 0x00000006af000000|  0%| F|  |TAMS 0x00000006aec00000| PB 0x00000006aec00000| Untracked 
| 188|0x00000006af000000, 0x00000006af000000, 0x00000006af400000|  0%| F|  |TAMS 0x00000006af000000| PB 0x00000006af000000| Untracked 
| 189|0x00000006af400000, 0x00000006af400000, 0x00000006af800000|  0%| F|  |TAMS 0x00000006af400000| PB 0x00000006af400000| Untracked 
| 190|0x00000006af800000, 0x00000006af800000, 0x00000006afc00000|  0%| F|  |TAMS 0x00000006af800000| PB 0x00000006af800000| Untracked 
| 191|0x00000006afc00000, 0x00000006afc00000, 0x00000006b0000000|  0%| F|  |TAMS 0x00000006afc00000| PB 0x00000006afc00000| Untracked 
| 192|0x00000006b0000000, 0x00000006b0000000, 0x00000006b0400000|  0%| F|  |TAMS 0x00000006b0000000| PB 0x00000006b0000000| Untracked 
| 193|0x00000006b0400000, 0x00000006b0400000, 0x00000006b0800000|  0%| F|  |TAMS 0x00000006b0400000| PB 0x00000006b0400000| Untracked 
| 194|0x00000006b0800000, 0x00000006b0800000, 0x00000006b0c00000|  0%| F|  |TAMS 0x00000006b0800000| PB 0x00000006b0800000| Untracked 
| 195|0x00000006b0c00000, 0x00000006b0c00000, 0x00000006b1000000|  0%| F|  |TAMS 0x00000006b0c00000| PB 0x00000006b0c00000| Untracked 
| 196|0x00000006b1000000, 0x00000006b1000000, 0x00000006b1400000|  0%| F|  |TAMS 0x00000006b1000000| PB 0x00000006b1000000| Untracked 
| 197|0x00000006b1400000, 0x00000006b166e528, 0x00000006b1800000| 60%| E|  |TAMS 0x00000006b1400000| PB 0x00000006b1400000| Complete 
| 198|0x00000006b1800000, 0x00000006b1c00000, 0x00000006b1c00000|100%| E|CS|TAMS 0x00000006b1800000| PB 0x00000006b1800000| Complete 
| 199|0x00000006b1c00000, 0x00000006b2000000, 0x00000006b2000000|100%| E|CS|TAMS 0x00000006b1c00000| PB 0x00000006b1c00000| Complete 
| 200|0x00000006b2000000, 0x00000006b2400000, 0x00000006b2400000|100%| E|CS|TAMS 0x00000006b2000000| PB 0x00000006b2000000| Complete 
| 201|0x00000006b2400000, 0x00000006b2800000, 0x00000006b2800000|100%| E|CS|TAMS 0x00000006b2400000| PB 0x00000006b2400000| Complete 
| 202|0x00000006b2800000, 0x00000006b2c00000, 0x00000006b2c00000|100%| E|CS|TAMS 0x00000006b2800000| PB 0x00000006b2800000| Complete 

Card table byte_map: [0x0000023945910000,0x0000023946510000] _byte_map_base: 0x0000023942510000

Marking Bits: (CMBitMap*) 0x000002392d263830
 Bits: [0x0000023946510000, 0x000002394c510000)

Polling page: 0x0000023922df0000

Metaspace:

Usage:
  Non-class:     86.32 MB used.
      Class:     13.67 MB used.
       Both:     99.99 MB used.

Virtual space:
  Non-class space:      128.00 MB reserved,      86.56 MB ( 68%) committed,  2 nodes.
      Class space:        1.00 GB reserved,      13.94 MB (  1%) committed,  1 nodes.
             Both:        1.12 GB reserved,     100.50 MB (  9%) committed. 

Chunk freelists:
   Non-Class:  9.38 MB
       Class:  2.13 MB
        Both:  11.50 MB

MaxMetaspaceSize: unlimited
CompressedClassSpaceSize: 1.00 GB
Initial GC threshold: 21.00 MB
Current GC threshold: 167.31 MB
CDS: on
 - commit_granule_bytes: 65536.
 - commit_granule_words: 8192.
 - virtual_space_node_default_size: 8388608.
 - enlarge_chunks_in_place: 1.
 - use_allocation_guard: 0.


Internal statistics:

num_allocs_failed_limit: 18.
num_arena_births: 1644.
num_arena_deaths: 852.
num_vsnodes_births: 3.
num_vsnodes_deaths: 0.
num_space_committed: 1600.
num_space_uncommitted: 0.
num_chunks_returned_to_freelist: 1099.
num_chunks_taken_from_freelist: 4953.
num_chunk_merges: 264.
num_chunk_splits: 3054.
num_chunks_enlarged: 2192.
num_inconsistent_stats: 0.

CodeHeap 'non-profiled nmethods': size=120000Kb used=28491Kb max_used=33412Kb free=91508Kb
 bounds [0x000002393d7e0000, 0x000002393f890000, 0x0000023944d10000]
CodeHeap 'profiled nmethods': size=120000Kb used=15465Kb max_used=33610Kb free=104534Kb
 bounds [0x0000023935d10000, 0x0000023937df0000, 0x000002393d240000]
CodeHeap 'non-nmethods': size=5760Kb used=2664Kb max_used=2771Kb free=3095Kb
 bounds [0x000002393d240000, 0x000002393d510000, 0x000002393d7e0000]
 total_blobs=12883 nmethods=11660 adapters=1117
 compilation: enabled
              stopped_count=0, restarted_count=0
 full_count=0

Compilation events (20 events):
Event: 425310.109 Thread 0x000002392d444ed0 nmethod 148037 0x0000023936fea090 code [0x0000023936fea500, 0x0000023936fec920]
Event: 425310.109 Thread 0x000002392d444ed0 148041       3       javax.swing.text.html.HTMLEditorKit::install (34 bytes)
Event: 425310.110 Thread 0x000002392d444ed0 nmethod 148041 0x0000023936fe9590 code [0x0000023936fe9780, 0x0000023936fe9c20]
Event: 425310.110 Thread 0x000002392d444ed0 148042       3       javax.swing.text.html.HTMLEditorKit::getActions (11 bytes)
Event: 425310.110 Thread 0x000002392d444ed0 nmethod 148042 0x0000023937441a10 code [0x0000023937441c00, 0x0000023937442008]
Event: 425310.110 Thread 0x000002392d444ed0 148034       3       org.jdesktop.swingx.search.SearchFactory::getInstance (20 bytes)
Event: 425310.110 Thread 0x000002392d444ed0 nmethod 148034 0x0000023937440b10 code [0x0000023937440d60, 0x0000023937441630]
Event: 425310.110 Thread 0x000002392d444ed0 148035       3       org.jdesktop.swingx.search.SearchFactory::getSearchAccelerator (38 bytes)
Event: 425310.111 Thread 0x000002392d444ed0 nmethod 148035 0x0000023937440110 code [0x0000023937440340, 0x00000239374408c0]
Event: 425310.111 Thread 0x000002392d444ed0 148039       3       org.jdesktop.swingx.util.Utilities::getMenuShortCutKeyMask (29 bytes)
Event: 425310.111 Thread 0x000002392d444ed0 nmethod 148039 0x000002393743ea90 code [0x000002393743eda0, 0x000002393743fc78]
Event: 425310.111 Thread 0x000002392d444ed0 148040       3       org.jdesktop.swingx.util.Utilities::getOperatingSystem (339 bytes)
Event: 425310.112 Thread 0x000002392d444ed0 nmethod 148040 0x000002393743cc90 code [0x000002393743d080, 0x000002393743e550]
Event: 425310.115 Thread 0x000002392d43cb00 nmethod 148033 0x000002393de8c690 code [0x000002393de8c8c0, 0x000002393de8d550]
Event: 425310.115 Thread 0x000002392d43cb00 148043 %     4       javax.swing.text.TextAction::augmentList @ 147 (179 bytes)
Event: 425310.130 Thread 0x000002392d43cb00 nmethod 148043% 0x000002393de8b610 code [0x000002393de8b800, 0x000002393de8c298]
Event: 425310.131 Thread 0x000002392d43cb00 148044 %     4       javax.swing.plaf.basic.BasicEditorPaneUI::addActions @ 6 (40 bytes)
Event: 425310.135 Thread 0x000002392d43cb00 nmethod 148044% 0x000002393de8ad90 code [0x000002393de8af60, 0x000002393de8b398]
Event: 425310.135 Thread 0x000002392d43cb00 148045       4       sun.font.PhysicalFont::hashCode (27 bytes)
Event: 425310.137 Thread 0x000002392d43cb00 nmethod 148045 0x000002393de8a310 code [0x000002393de8a520, 0x000002393de8ab90]

GC Heap History (20 events):
Event: 425286.632 GC heap before
{Heap before GC invocations=3610 (full 1602):
 garbage-first heap   total 831488K, used 257349K [0x0000000680000000, 0x0000000800000000)
  region size 4096K, 9 young (36864K), 0 survivors (0K)
 Metaspace       used 102377K, committed 102912K, reserved 1179648K
  class space    used 13993K, committed 14272K, reserved 1048576K
}
Event: 425286.770 GC heap after
{Heap after GC invocations=3611 (full 1603):
 garbage-first heap   total 831488K, used 228212K [0x0000000680000000, 0x0000000800000000)
  region size 4096K, 0 young (0K), 0 survivors (0K)
 Metaspace       used 102377K, committed 102912K, reserved 1179648K
  class space    used 13993K, committed 14272K, reserved 1048576K
}
Event: 425289.865 GC heap before
{Heap before GC invocations=3611 (full 1603):
 garbage-first heap   total 831488K, used 310132K [0x0000000680000000, 0x0000000800000000)
  region size 4096K, 20 young (81920K), 0 survivors (0K)
 Metaspace       used 102377K, committed 102912K, reserved 1179648K
  class space    used 13993K, committed 14272K, reserved 1048576K
}
Event: 425289.867 GC heap after
{Heap after GC invocations=3612 (full 1603):
 garbage-first heap   total 831488K, used 231647K [0x0000000680000000, 0x0000000800000000)
  region size 4096K, 1 young (4096K), 1 survivors (4096K)
 Metaspace       used 102377K, committed 102912K, reserved 1179648K
  class space    used 13993K, committed 14272K, reserved 1048576K
}
Event: 425290.616 GC heap before
{Heap before GC invocations=3612 (full 1603):
 garbage-first heap   total 831488K, used 268511K [0x0000000680000000, 0x0000000800000000)
  region size 4096K, 11 young (45056K), 1 survivors (4096K)
 Metaspace       used 102377K, committed 102912K, reserved 1179648K
  class space    used 13993K, committed 14272K, reserved 1048576K
}
Event: 425290.757 GC heap after
{Heap after GC invocations=3613 (full 1604):
 garbage-first heap   total 831488K, used 228060K [0x0000000680000000, 0x0000000800000000)
  region size 4096K, 0 young (0K), 0 survivors (0K)
 Metaspace       used 102377K, committed 102912K, reserved 1179648K
  class space    used 13993K, committed 14272K, reserved 1048576K
}
Event: 425294.774 GC heap before
{Heap before GC invocations=3613 (full 1604):
 garbage-first heap   total 831488K, used 309980K [0x0000000680000000, 0x0000000800000000)
  region size 4096K, 20 young (81920K), 0 survivors (0K)
 Metaspace       used 102377K, committed 102912K, reserved 1179648K
  class space    used 13993K, committed 14272K, reserved 1048576K
}
Event: 425294.775 GC heap after
{Heap after GC invocations=3614 (full 1604):
 garbage-first heap   total 831488K, used 229758K [0x0000000680000000, 0x0000000800000000)
  region size 4096K, 1 young (4096K), 1 survivors (4096K)
 Metaspace       used 102377K, committed 102912K, reserved 1179648K
  class space    used 13993K, committed 14272K, reserved 1048576K
}
Event: 425295.763 GC heap before
{Heap before GC invocations=3614 (full 1604):
 garbage-first heap   total 831488K, used 307582K [0x0000000680000000, 0x0000000800000000)
  region size 4096K, 20 young (81920K), 1 survivors (4096K)
 Metaspace       used 102377K, committed 102912K, reserved 1179648K
  class space    used 13993K, committed 14272K, reserved 1048576K
}
Event: 425295.765 GC heap after
{Heap after GC invocations=3615 (full 1604):
 garbage-first heap   total 831488K, used 228740K [0x0000000680000000, 0x0000000800000000)
  region size 4096K, 1 young (4096K), 1 survivors (4096K)
 Metaspace       used 102377K, committed 102912K, reserved 1179648K
  class space    used 13993K, committed 14272K, reserved 1048576K
}
Event: 425297.856 GC heap before
{Heap before GC invocations=3615 (full 1604):
 garbage-first heap   total 831488K, used 306564K [0x0000000680000000, 0x0000000800000000)
  region size 4096K, 20 young (81920K), 1 survivors (4096K)
 Metaspace       used 102377K, committed 102912K, reserved 1179648K
  class space    used 13993K, committed 14272K, reserved 1048576K
}
Event: 425297.858 GC heap after
{Heap after GC invocations=3616 (full 1604):
 garbage-first heap   total 831488K, used 228787K [0x0000000680000000, 0x0000000800000000)
  region size 4096K, 1 young (4096K), 1 survivors (4096K)
 Metaspace       used 102377K, committed 102912K, reserved 1179648K
  class space    used 13993K, committed 14272K, reserved 1048576K
}
Event: 425298.884 GC heap before
{Heap before GC invocations=3616 (full 1604):
 garbage-first heap   total 831488K, used 306611K [0x0000000680000000, 0x0000000800000000)
  region size 4096K, 20 young (81920K), 1 survivors (4096K)
 Metaspace       used 102377K, committed 102912K, reserved 1179648K
  class space    used 13993K, committed 14272K, reserved 1048576K
}
Event: 425298.886 GC heap after
{Heap after GC invocations=3617 (full 1604):
 garbage-first heap   total 831488K, used 228830K [0x0000000680000000, 0x0000000800000000)
  region size 4096K, 1 young (4096K), 1 survivors (4096K)
 Metaspace       used 102377K, committed 102912K, reserved 1179648K
  class space    used 13993K, committed 14272K, reserved 1048576K
}
Event: 425302.507 GC heap before
{Heap before GC invocations=3617 (full 1604):
 garbage-first heap   total 831488K, used 306654K [0x0000000680000000, 0x0000000800000000)
  region size 4096K, 20 young (81920K), 1 survivors (4096K)
 Metaspace       used 102381K, committed 102912K, reserved 1179648K
  class space    used 13993K, committed 14272K, reserved 1048576K
}
Event: 425302.508 GC heap after
{Heap after GC invocations=3618 (full 1604):
 garbage-first heap   total 831488K, used 228860K [0x0000000680000000, 0x0000000800000000)
  region size 4096K, 1 young (4096K), 1 survivors (4096K)
 Metaspace       used 102381K, committed 102912K, reserved 1179648K
  class space    used 13993K, committed 14272K, reserved 1048576K
}
Event: 425305.292 GC heap before
{Heap before GC invocations=3618 (full 1604):
 garbage-first heap   total 831488K, used 306684K [0x0000000680000000, 0x0000000800000000)
  region size 4096K, 20 young (81920K), 1 survivors (4096K)
 Metaspace       used 102381K, committed 102912K, reserved 1179648K
  class space    used 13993K, committed 14272K, reserved 1048576K
}
Event: 425305.294 GC heap after
{Heap after GC invocations=3619 (full 1604):
 garbage-first heap   total 831488K, used 228909K [0x0000000680000000, 0x0000000800000000)
  region size 4096K, 1 young (4096K), 1 survivors (4096K)
 Metaspace       used 102381K, committed 102912K, reserved 1179648K
  class space    used 13993K, committed 14272K, reserved 1048576K
}
Event: 425309.453 GC heap before
{Heap before GC invocations=3619 (full 1604):
 garbage-first heap   total 831488K, used 306733K [0x0000000680000000, 0x0000000800000000)
  region size 4096K, 20 young (81920K), 1 survivors (4096K)
 Metaspace       used 102385K, committed 102912K, reserved 1179648K
  class space    used 13993K, committed 14272K, reserved 1048576K
}
Event: 425309.455 GC heap after
{Heap after GC invocations=3620 (full 1604):
 garbage-first heap   total 831488K, used 229039K [0x0000000680000000, 0x0000000800000000)
  region size 4096K, 1 young (4096K), 1 survivors (4096K)
 Metaspace       used 102385K, committed 102912K, reserved 1179648K
  class space    used 13993K, committed 14272K, reserved 1048576K
}

Dll operation events (20 events):
Event: 0.684 Loaded shared library C:\Xilinx\2025.1\Vivado\lib\win64.o\xv_labtoolstasks.dll
Event: 0.685 Loaded shared library C:\Xilinx\2025.1\Vivado\lib\win64.o\xv_simtcltasks.dll
Event: 0.691 Loaded shared library C:\Xilinx\2025.1\Vivado\lib\win64.o\xv_ipservicestasks.dll
Event: 0.691 Loaded shared library C:\Xilinx\2025.1\Vivado\lib\win64.o\xv_vivadotasks.dll
Event: 0.692 Loaded shared library C:\Xilinx\2025.1\Vivado\lib\win64.o\xv_board.dll
Event: 0.693 Loaded shared library C:\Xilinx\2025.1\Vivado\lib\win64.o\xv_boarddep.dll
Event: 0.693 Loaded shared library C:\Xilinx\2025.1\Vivado\lib\win64.o\xv_boardcommontasks.dll
Event: 0.694 Loaded shared library C:\Xilinx\2025.1\Vivado\lib\win64.o\xv_ptgen.dll
Event: 0.695 Loaded shared library C:\Xilinx\2025.1\Vivado\lib\win64.o\xv_ip.dll
Event: 0.695 Loaded shared library C:\Xilinx\2025.1\Vivado\lib\win64.o\xv_mig.dll
Event: 0.696 Loaded shared library C:\Xilinx\2025.1\Vivado\lib\win64.o\xv_implflow.dll
Event: 0.697 Loaded shared library C:\Xilinx\2025.1\Vivado\lib\win64.o\xv_xhubtasks.dll
Event: 0.701 Loaded shared library C:\Xilinx\2025.1\Vivado\lib\win64.o\xv_iptasks.dll
Event: 0.702 Loaded shared library C:\Xilinx\2025.1\Vivado\lib\win64.o\xv_synth.dll
Event: 1.911 Loaded shared library C:\Xilinx\2025.1\Vivado\tps\win64\jre21.0.1_12\bin\verify.dll
Event: 2.032 Loaded shared library C:\Xilinx\2025.1\Vivado\tps\win64\jre21.0.1_12\bin\freetype.dll
Event: 2.035 Loaded shared library C:\Xilinx\2025.1\Vivado\tps\win64\jre21.0.1_12\bin\fontmanager.dll
Event: 8.321 Loaded shared library C:\Xilinx\2025.1\Vivado\lib\win64.o\xv_xhub.dll
Event: 14.592 Loaded shared library C:\Xilinx\2025.1\Vivado\tps\win64\jre21.0.1_12\bin\management.dll
Event: 14.593 Loaded shared library C:\Xilinx\2025.1\Vivado\tps\win64\jre21.0.1_12\bin\management_ext.dll

Deoptimization events (20 events):
Event: 425290.564 Thread 0x0000023995d96090 Uncommon trap: trap_request=0xffffff45 fr.pc=0x000002393e9f9778 relative=0x0000000000001018
Event: 425290.564 Thread 0x0000023995d96090 Uncommon trap: reason=unstable_if action=reinterpret pc=0x000002393e9f9778 method=ui.utils.lnf.HSyntheticaJideTabbedPaneUI$HTabSpaceAllocator.a([Lui/utils/lnf/HSyntheticaJideTabbedPaneUI$AbstractTab;II)V @ 80 c2
Event: 425290.564 Thread 0x0000023995d96090 DEOPT PACKING pc=0x000002393e9f9778 sp=0x0000009b358fe670
Event: 425290.564 Thread 0x0000023995d96090 DEOPT UNPACKING pc=0x000002393d297da2 sp=0x0000009b358fe588 mode 2
Event: 425290.564 Thread 0x0000023995d96090 Uncommon trap: trap_request=0xffffff45 fr.pc=0x000002393f148ec0 relative=0x0000000000000200
Event: 425290.564 Thread 0x0000023995d96090 Uncommon trap: reason=unstable_if action=reinterpret pc=0x000002393f148ec0 method=ui.utils.lnf.HSyntheticaJideTabbedPaneUI$HTabSpaceAllocator.a([Lui/utils/lnf/HSyntheticaJideTabbedPaneUI$AbstractTab;II)V @ 80 c2
Event: 425290.564 Thread 0x0000023995d96090 DEOPT PACKING pc=0x000002393f148ec0 sp=0x0000009b358fe620
Event: 425290.564 Thread 0x0000023995d96090 DEOPT UNPACKING pc=0x000002393d297da2 sp=0x0000009b358fe5d0 mode 2
Event: 425306.791 Thread 0x000002392c83c480 Uncommon trap: trap_request=0xffffff45 fr.pc=0x000002393e5bc8b0 relative=0x00000000000043b0
Event: 425306.791 Thread 0x000002392c83c480 Uncommon trap: reason=unstable_if action=reinterpret pc=0x000002393e5bc8b0 method=sun.awt.dnd.SunDropTargetContextPeer$EventDispatcher.<init>(Lsun/awt/dnd/SunDropTargetContextPeer;II[JJZ)V @ 51 c2
Event: 425306.791 Thread 0x000002392c83c480 DEOPT PACKING pc=0x000002393e5bc8b0 sp=0x0000009b33ffe230
Event: 425306.791 Thread 0x000002392c83c480 DEOPT UNPACKING pc=0x000002393d297da2 sp=0x0000009b33ffe188 mode 2
Event: 425306.792 Thread 0x0000023995d96090 Uncommon trap: trap_request=0xffffff45 fr.pc=0x000002393e7954a4 relative=0x0000000000000584
Event: 425306.792 Thread 0x0000023995d96090 Uncommon trap: reason=unstable_if action=reinterpret pc=0x000002393e7954a4 method=java.awt.LightweightDispatcher.trackDropTargetEnterExit(Ljava/awt/Component;Ljava/awt/event/MouseEvent;)V @ 48 c2
Event: 425306.792 Thread 0x0000023995d96090 DEOPT PACKING pc=0x000002393e7954a4 sp=0x0000009b358ff060
Event: 425306.792 Thread 0x0000023995d96090 DEOPT UNPACKING pc=0x000002393d297da2 sp=0x0000009b358ff010 mode 2
Event: 425306.792 Thread 0x0000023995d96090 Uncommon trap: trap_request=0xffffffde fr.pc=0x000002393d916eec relative=0x000000000000018c
Event: 425306.792 Thread 0x0000023995d96090 Uncommon trap: reason=class_check action=maybe_recompile pc=0x000002393d916eec method=java.awt.LightweightDispatcher.retargetMouseEnterExit(Ljava/awt/Component;Ljava/awt/event/MouseEvent;Ljava/awt/Component;Z)Ljava/awt/Component; @ 46 c2
Event: 425306.792 Thread 0x0000023995d96090 DEOPT PACKING pc=0x000002393d916eec sp=0x0000009b358fefe0
Event: 425306.792 Thread 0x0000023995d96090 DEOPT UNPACKING pc=0x000002393d297da2 sp=0x0000009b358fef80 mode 2

Classes loaded (20 events):
Event: 423348.324 Loading class javax/swing/JList$AccessibleJList
Event: 423348.326 Loading class javax/swing/JList$AccessibleJList done
Event: 423348.326 Loading class javax/swing/JList$AccessibleJList$AccessibleJListChild
Event: 423348.327 Loading class javax/swing/JList$AccessibleJList$AccessibleJListChild done
Event: 423348.327 Loading class javax/swing/JComboBox$AccessibleJComboBox
Event: 423348.327 Loading class javax/swing/JComboBox$AccessibleJComboBox done
Event: 423348.327 Loading class javax/swing/JComboBox$AccessibleJComboBox$AccessibleJComboBoxPropertyChangeListener
Event: 423348.327 Loading class javax/swing/JComboBox$AccessibleJComboBox$AccessibleJComboBoxPropertyChangeListener done
Event: 423348.328 Loading class javax/swing/JComboBox$AccessibleJComboBox$AccessibleJComboBoxListSelectionListener
Event: 423348.328 Loading class javax/swing/JComboBox$AccessibleJComboBox$AccessibleJComboBoxListSelectionListener done
Event: 423348.328 Loading class javax/swing/JComboBox$AccessibleJComboBox$AccessibleJComboBoxPopupMenuListener
Event: 423348.328 Loading class javax/swing/JComboBox$AccessibleJComboBox$AccessibleJComboBoxPopupMenuListener done
Event: 423348.632 Loading class javax/accessibility/AccessibleStateSet
Event: 423348.634 Loading class javax/accessibility/AccessibleStateSet done
Event: 423348.634 Loading class javax/swing/JViewport$AccessibleJViewport
Event: 423348.634 Loading class javax/swing/JViewport$AccessibleJViewport done
Event: 423350.761 Loading class javax/swing/TransferHandler$TransferAction$1
Event: 423350.763 Loading class javax/swing/TransferHandler$TransferAction$1 done
Event: 423350.763 Loading class javax/swing/TransferHandler$TransferAction$2
Event: 423350.763 Loading class javax/swing/TransferHandler$TransferAction$2 done

Classes unloaded (20 events):
Event: 140042.050 Thread 0x000002392b8de6e0 Unloading class 0x0000023950775800 'java/lang/invoke/LambdaForm$BMH+0x0000023950775800'
Event: 140042.050 Thread 0x000002392b8de6e0 Unloading class 0x0000023950774c00 'java/lang/invoke/LambdaForm$MH+0x0000023950774c00'
Event: 140042.050 Thread 0x000002392b8de6e0 Unloading class 0x0000023950492c00 'java/lang/invoke/LambdaForm$MH+0x0000023950492c00'
Event: 140042.050 Thread 0x000002392b8de6e0 Unloading class 0x0000023950cf2000 'java/lang/invoke/LambdaForm$MH+0x0000023950cf2000'
Event: 420429.800 Thread 0x000002392b8de6e0 Unloading class 0x0000023950318c00 'java/lang/invoke/LambdaForm$MH+0x0000023950318c00'
Event: 420429.800 Thread 0x000002392b8de6e0 Unloading class 0x00000239502ba400 'java/lang/invoke/LambdaForm$MH+0x00000239502ba400'
Event: 420429.800 Thread 0x000002392b8de6e0 Unloading class 0x00000239502bb000 'java/lang/invoke/LambdaForm$MH+0x00000239502bb000'
Event: 420429.800 Thread 0x000002392b8de6e0 Unloading class 0x0000023950300000 'java/lang/invoke/LambdaForm$MH+0x0000023950300000'
Event: 420429.800 Thread 0x000002392b8de6e0 Unloading class 0x0000023950490000 'java/lang/invoke/LambdaForm$MH+0x0000023950490000'
Event: 420429.800 Thread 0x000002392b8de6e0 Unloading class 0x0000023950d8a000 'java/lang/invoke/LambdaForm$MH+0x0000023950d8a000'
Event: 420429.800 Thread 0x000002392b8de6e0 Unloading class 0x0000023950cf1c00 'java/lang/invoke/LambdaForm$MH+0x0000023950cf1c00'
Event: 420429.800 Thread 0x000002392b8de6e0 Unloading class 0x0000023950736000 'java/lang/invoke/LambdaForm$MH+0x0000023950736000'
Event: 420429.800 Thread 0x000002392b8de6e0 Unloading class 0x0000023950cf2000 'java/lang/invoke/LambdaForm$MH+0x0000023950cf2000'
Event: 420429.800 Thread 0x000002392b8de6e0 Unloading class 0x0000023950774c00 'java/lang/invoke/LambdaForm$MH+0x0000023950774c00'
Event: 420429.800 Thread 0x000002392b8de6e0 Unloading class 0x00000239507b9400 'java/lang/invoke/LambdaForm$MH+0x00000239507b9400'
Event: 420429.800 Thread 0x000002392b8de6e0 Unloading class 0x0000023950d6e400 'java/lang/invoke/LambdaForm$MH+0x0000023950d6e400'
Event: 420429.800 Thread 0x000002392b8de6e0 Unloading class 0x0000023950789000 'java/lang/invoke/LambdaForm$BMH+0x0000023950789000'
Event: 420429.800 Thread 0x000002392b8de6e0 Unloading class 0x0000023950792800 'java/lang/invoke/LambdaForm$MH+0x0000023950792800'
Event: 422230.093 Thread 0x000002392b8de6e0 Unloading class 0x0000023950578800 'java/lang/invoke/LambdaForm$MH+0x0000023950578800'
Event: 422230.093 Thread 0x000002392b8de6e0 Unloading class 0x0000023950cda800 'java/lang/invoke/LambdaForm$MH+0x0000023950cda800'

Classes redefined (0 events):
No events

Internal exceptions (20 events):
Event: 425215.679 Thread 0x0000023995d96090 Exception <a 'java/io/FileNotFoundException'{0x00000006b2460c60}> (0x00000006b2460c60) 
thrown [s\src\hotspot\share\prims\jni.cpp, line 520]
Event: 425220.680 Thread 0x0000023995d96090 Exception <a 'java/io/FileNotFoundException'{0x00000006b26accc8}> (0x00000006b26accc8) 
thrown [s\src\hotspot\share\prims\jni.cpp, line 520]
Event: 425225.682 Thread 0x0000023995d96090 Exception <a 'java/io/FileNotFoundException'{0x00000006b1cfbc48}> (0x00000006b1cfbc48) 
thrown [s\src\hotspot\share\prims\jni.cpp, line 520]
Event: 425230.682 Thread 0x0000023995d96090 Exception <a 'java/io/FileNotFoundException'{0x00000006b2670e38}> (0x00000006b2670e38) 
thrown [s\src\hotspot\share\prims\jni.cpp, line 520]
Event: 425235.682 Thread 0x0000023995d96090 Exception <a 'java/io/FileNotFoundException'{0x00000006b2549718}> (0x00000006b2549718) 
thrown [s\src\hotspot\share\prims\jni.cpp, line 520]
Event: 425240.683 Thread 0x0000023995d96090 Exception <a 'java/io/FileNotFoundException'{0x00000006b28cfe68}> (0x00000006b28cfe68) 
thrown [s\src\hotspot\share\prims\jni.cpp, line 520]
Event: 425245.684 Thread 0x0000023995d96090 Exception <a 'java/io/FileNotFoundException'{0x00000006b28f4ed8}> (0x00000006b28f4ed8) 
thrown [s\src\hotspot\share\prims\jni.cpp, line 520]
Event: 425250.684 Thread 0x0000023995d96090 Exception <a 'java/io/FileNotFoundException'{0x00000006b22dccf0}> (0x00000006b22dccf0) 
thrown [s\src\hotspot\share\prims\jni.cpp, line 520]
Event: 425255.685 Thread 0x0000023995d96090 Exception <a 'java/io/FileNotFoundException'{0x00000006afcc38f8}> (0x00000006afcc38f8) 
thrown [s\src\hotspot\share\prims\jni.cpp, line 520]
Event: 425260.686 Thread 0x0000023995d96090 Exception <a 'java/io/FileNotFoundException'{0x00000006aeaf3ee8}> (0x00000006aeaf3ee8) 
thrown [s\src\hotspot\share\prims\jni.cpp, line 520]
Event: 425265.687 Thread 0x0000023995d96090 Exception <a 'java/io/FileNotFoundException'{0x00000006ae321dc8}> (0x00000006ae321dc8) 
thrown [s\src\hotspot\share\prims\jni.cpp, line 520]
Event: 425270.688 Thread 0x0000023995d96090 Exception <a 'java/io/FileNotFoundException'{0x00000006b231bc90}> (0x00000006b231bc90) 
thrown [s\src\hotspot\share\prims\jni.cpp, line 520]
Event: 425275.690 Thread 0x0000023995d96090 Exception <a 'java/io/FileNotFoundException'{0x00000006b1a5eef0}> (0x00000006b1a5eef0) 
thrown [s\src\hotspot\share\prims\jni.cpp, line 520]
Event: 425280.690 Thread 0x0000023995d96090 Exception <a 'java/io/FileNotFoundException'{0x00000006aea54298}> (0x00000006aea54298) 
thrown [s\src\hotspot\share\prims\jni.cpp, line 520]
Event: 425285.692 Thread 0x0000023995d96090 Exception <a 'java/io/FileNotFoundException'{0x00000006b20167f8}> (0x00000006b20167f8) 
thrown [s\src\hotspot\share\prims\jni.cpp, line 520]
Event: 425290.784 Thread 0x0000023995d96090 Exception <a 'java/io/FileNotFoundException'{0x00000006b2a86fa8}> (0x00000006b2a86fa8) 
thrown [s\src\hotspot\share\prims\jni.cpp, line 520]
Event: 425295.762 Thread 0x0000023995d96090 Exception <a 'java/io/FileNotFoundException'{0x00000006ae383378}> (0x00000006ae383378) 
thrown [s\src\hotspot\share\prims\jni.cpp, line 520]
Event: 425300.764 Thread 0x0000023995d96090 Exception <a 'java/io/FileNotFoundException'{0x00000006b19dea28}> (0x00000006b19dea28) 
thrown [s\src\hotspot\share\prims\jni.cpp, line 520]
Event: 425305.764 Thread 0x0000023995d96090 Exception <a 'java/io/FileNotFoundException'{0x00000006b09d2808}> (0x00000006b09d2808) 
thrown [s\src\hotspot\share\prims\jni.cpp, line 520]
Event: 425306.791 Thread 0x000002392c83c480 Implicit null exception at 0x000002393e5b877d to 0x000002393e5bc874

ZGC Phase Switch (0 events):
No events

VM Operations (20 events):
Event: 425295.763 Executing VM operation: G1CollectForAllocation (G1 Evacuation Pause)
Event: 425295.765 Executing VM operation: G1CollectForAllocation (G1 Evacuation Pause) done
Event: 425297.765 Executing VM operation: Cleanup
Event: 425297.765 Executing VM operation: Cleanup done
Event: 425297.856 Executing VM operation: G1CollectForAllocation (G1 Evacuation Pause)
Event: 425297.858 Executing VM operation: G1CollectForAllocation (G1 Evacuation Pause) done
Event: 425298.884 Executing VM operation: G1CollectForAllocation (G1 Evacuation Pause)
Event: 425298.886 Executing VM operation: G1CollectForAllocation (G1 Evacuation Pause) done
Event: 425302.507 Executing VM operation: G1CollectForAllocation (G1 Evacuation Pause)
Event: 425302.508 Executing VM operation: G1CollectForAllocation (G1 Evacuation Pause) done
Event: 425304.509 Executing VM operation: Cleanup
Event: 425304.509 Executing VM operation: Cleanup done
Event: 425305.292 Executing VM operation: G1CollectForAllocation (G1 Evacuation Pause)
Event: 425305.294 Executing VM operation: G1CollectForAllocation (G1 Evacuation Pause) done
Event: 425308.294 Executing VM operation: Cleanup
Event: 425308.294 Executing VM operation: Cleanup done
Event: 425309.295 Executing VM operation: Cleanup
Event: 425309.295 Executing VM operation: Cleanup done
Event: 425309.453 Executing VM operation: G1CollectForAllocation (G1 Evacuation Pause)
Event: 425309.455 Executing VM operation: G1CollectForAllocation (G1 Evacuation Pause) done

Events (20 events):
Event: 425303.521 Thread 0x00000239bbc271b0 Thread exited: 0x00000239bbc271b0
Event: 425304.521 Thread 0x00000239bbc25e00 Thread added: 0x00000239bbc25e00
Event: 425304.522 Thread 0x00000239bbc25e00 Thread exited: 0x00000239bbc25e00
Event: 425305.522 Thread 0x00000239bbc25e00 Thread added: 0x00000239bbc25e00
Event: 425305.523 Thread 0x00000239bbc25e00 Thread exited: 0x00000239bbc25e00
Event: 425306.522 Thread 0x00000239bbc25e00 Thread added: 0x00000239bbc25e00
Event: 425306.523 Thread 0x00000239bbc25e00 Thread exited: 0x00000239bbc25e00
Event: 425307.522 Thread 0x00000239bbc25e00 Thread added: 0x00000239bbc25e00
Event: 425307.522 Thread 0x00000239bbc25e00 Thread exited: 0x00000239bbc25e00
Event: 425308.522 Thread 0x00000239bbc25e00 Thread added: 0x00000239bbc25e00
Event: 425308.524 Thread 0x00000239bbc25e00 Thread exited: 0x00000239bbc25e00
Event: 425308.620 Thread 0x00000239bbc271b0 Thread added: 0x00000239bbc271b0
Event: 425308.637 Thread 0x00000239bbc271b0 Thread exited: 0x00000239bbc271b0
Event: 425309.522 Thread 0x00000239bbc25e00 Thread added: 0x00000239bbc25e00
Event: 425309.523 Thread 0x00000239bbc25e00 Thread exited: 0x00000239bbc25e00
Event: 425310.066 Thread 0x00000239bbc25e00 Thread added: 0x00000239bbc25e00
Event: 425310.093 Thread 0x00000239bbc271b0 Thread added: 0x00000239bbc271b0
Event: 425310.094 Thread 0x00000239bbc271b0 Thread exited: 0x00000239bbc271b0
Event: 425310.523 Thread 0x00000239bbc271b0 Thread added: 0x00000239bbc271b0
Event: 425310.524 Thread 0x00000239bbc271b0 Thread exited: 0x00000239bbc271b0


Dynamic libraries:
0x00007ff738430000 - 0x00007ff738438000 	C:\Xilinx\2025.1\Vivado\bin\unwrapped\win64.o\vivado.exe
0x00007ffade160000 - 0x00007ffade3c7000 	C:\WINDOWS\SYSTEM32\ntdll.dll
0x00007ffadcaa0000 - 0x00007ffadcb69000 	C:\WINDOWS\System32\KERNEL32.DLL
0x00007ffadaa40000 - 0x00007ffadae31000 	C:\WINDOWS\System32\KERNELBASE.dll
0x00007ffad7d30000 - 0x00007ffad7dcf000 	C:\WINDOWS\SYSTEM32\apphelp.dll
0x00007ffadb540000 - 0x00007ffadb68b000 	C:\WINDOWS\System32\ucrtbase.dll
0x00007ffad4940000 - 0x00007ffad495e000 	C:\WINDOWS\SYSTEM32\VCRUNTIME140.dll
0x00007ffac4640000 - 0x00007ffac46c9000 	C:\WINDOWS\SYSTEM32\MSVCP140.dll
0x00007ffad7ce0000 - 0x00007ffad7cec000 	C:\WINDOWS\SYSTEM32\VCRUNTIME140_1.dll
0x00007ffad2e30000 - 0x00007ffad2e57000 	C:\Xilinx\2025.1\Vivado\lib\win64.o\xv_commonmain.dll
0x00007ffad7c90000 - 0x00007ffad7c9c000 	C:\Xilinx\2025.1\Vivado\lib\win64.o\xv_commonversion.dll
0x00007ffa86a20000 - 0x00007ffa86c70000 	C:\Xilinx\2025.1\Vivado\lib\win64.o\xv_commonxillic.dll
0x00007ffadd580000 - 0x00007ffadd5f4000 	C:\WINDOWS\System32\WS2_32.dll
0x00007ffadc8c0000 - 0x00007ffadc9d8000 	C:\WINDOWS\System32\RPCRT4.dll
0x00007ffad06d0000 - 0x00007ffad06fa000 	C:\Xilinx\2025.1\Vivado\lib\win64.o\boost_filesystem.dll
0x00007ffadcb90000 - 0x00007ffadcd55000 	C:\WINDOWS\System32\USER32.dll
0x00007ffadc800000 - 0x00007ffadc8bb000 	C:\WINDOWS\System32\ADVAPI32.dll
0x00007ffadb320000 - 0x00007ffadb347000 	C:\WINDOWS\System32\win32u.dll
0x00007ffade070000 - 0x00007ffade119000 	C:\WINDOWS\System32\msvcrt.dll
0x00007ffadd600000 - 0x00007ffadd62b000 	C:\WINDOWS\System32\GDI32.dll
0x00007ffadd180000 - 0x00007ffadd227000 	C:\WINDOWS\System32\sechost.dll
0x00007ffadb130000 - 0x00007ffadb25b000 	C:\WINDOWS\System32\gdi32full.dll
0x00007ffadb400000 - 0x00007ffadb4a3000 	C:\WINDOWS\System32\msvcp_win.dll
0x00007ffa23290000 - 0x00007ffa24937000 	C:\Xilinx\2025.1\Vivado\lib\win64.o\xv_common.dll
0x00007ffa9eaa0000 - 0x00007ffa9ec41000 	C:\Xilinx\2025.1\Vivado\lib\win64.o\tcl86t.dll
0x00007ffadd6c0000 - 0x00007ffadde1f000 	C:\WINDOWS\System32\SHELL32.dll
0x00007ffac9f00000 - 0x00007ffac9f0a000 	C:\WINDOWS\SYSTEM32\WSOCK32.dll
0x00007ffadae40000 - 0x00007ffadafaa000 	C:\WINDOWS\System32\wintypes.dll
0x00007ffadcd70000 - 0x00007ffadd0f2000 	C:\WINDOWS\System32\combase.dll
0x00007ffa5a220000 - 0x00007ffa5a96b000 	C:\Xilinx\2025.1\Vivado\lib\win64.o\python313.dll
0x00007ffadb4b0000 - 0x00007ffadb531000 	C:\WINDOWS\System32\WINTRUST.dll
0x00007ffa27e50000 - 0x00007ffa28eda000 	C:\Xilinx\2025.1\Vivado\lib\win64.o\xv_isl_iostreams.dll
0x00007ffada930000 - 0x00007ffada95a000 	C:\WINDOWS\SYSTEM32\bcrypt.dll
0x00007ffa79d40000 - 0x00007ffa7a056000 	C:\Xilinx\2025.1\Vivado\lib\win64.o\libXil_lmgr11.dll
0x00007ffa9dd00000 - 0x00007ffa9de44000 	C:\Xilinx\2025.1\Vivado\lib\win64.o\boost_regex.dll
0x00007ffadc6c0000 - 0x00007ffadc7ae000 	C:\WINDOWS\System32\COMDLG32.dll
0x00007ffadd470000 - 0x00007ffadd567000 	C:\WINDOWS\System32\shcore.dll
0x00007ffac46d0000 - 0x00007ffac46ea000 	C:\WINDOWS\SYSTEM32\NETAPI32.dll
0x00007ffad9df0000 - 0x00007ffad9e22000 	C:\WINDOWS\SYSTEM32\USERENV.dll
0x00007ffade000000 - 0x00007ffade067000 	C:\WINDOWS\System32\SHLWAPI.dll
0x00007ffac3a10000 - 0x00007ffac3c98000 	C:\WINDOWS\SYSTEM32\WININET.dll
0x00007ffadb690000 - 0x00007ffadbef4000 	C:\WINDOWS\System32\Windows.Storage.dll
0x00007ffad39d0000 - 0x00007ffad3af7000 	C:\WINDOWS\SYSTEM32\WINHTTP.dll
0x00007ffac2ac0000 - 0x00007ffac2c9d000 	C:\WINDOWS\SYSTEM32\urlmon.dll
0x00007ffadd230000 - 0x00007ffadd307000 	C:\WINDOWS\System32\OLEAUT32.dll
0x00007ffad03a0000 - 0x00007ffad03ca000 	C:\Xilinx\2025.1\Vivado\lib\win64.o\zlib1.dll
0x00007ffadde60000 - 0x00007ffaddff5000 	C:\WINDOWS\System32\ole32.dll
0x00007ffadafb0000 - 0x00007ffadb127000 	C:\WINDOWS\System32\CRYPT32.dll
0x00007ffad0180000 - 0x00007ffad01a7000 	C:\Xilinx\2025.1\Vivado\lib\win64.o\boost_thread.dll
0x00007ffad2e70000 - 0x00007ffad2e89000 	C:\Xilinx\2025.1\Vivado\lib\win64.o\boost_date_time.dll
0x00007ffac9bf0000 - 0x00007ffac9c14000 	C:\Xilinx\2025.1\Vivado\lib\win64.o\xv_isl_sysinfo.dll
0x00007ffad4990000 - 0x00007ffad49a0000 	C:\Xilinx\2025.1\Vivado\lib\win64.o\xv_boost_xilinx.dll
0x00007ffaae540000 - 0x00007ffaae5d4000 	C:\Xilinx\2025.1\Vivado\lib\win64.o\boost_program_options.dll
0x00007ffa58520000 - 0x00007ffa589c0000 	C:\Xilinx\2025.1\Vivado\lib\win64.o\xv_COIN-all.dll
0x00007ffad0570000 - 0x00007ffad058c000 	C:\Xilinx\2025.1\Vivado\lib\win64.o\librdiconfig.dll
0x00007ffaac8c0000 - 0x00007ffaac965000 	C:\Xilinx\2025.1\Vivado\lib\win64.o\libhdxml.dll
0x00007ffad0470000 - 0x00007ffad048a000 	C:\Xilinx\2025.1\Vivado\lib\win64.o\pthreadVC2.dll
0x00007ffab1bc0000 - 0x00007ffab1c37000 	C:\Xilinx\2025.1\Vivado\lib\win64.o\xv_lmx.dll
0x00007ffa21050000 - 0x00007ffa22f67000 	C:\Xilinx\2025.1\Vivado\lib\win64.o\gurobi90.dll
0x00007ffadd100000 - 0x00007ffadd172000 	C:\WINDOWS\System32\WLDAP32.dll
0x00007ffadc6b0000 - 0x00007ffadc6b8000 	C:\WINDOWS\System32\Normaliz.dll
0x00007ffab09f0000 - 0x00007ffab0a72000 	C:\Xilinx\2025.1\Vivado\lib\win64.o\libhdlpsolve.dll
0x00007ffabf460000 - 0x00007ffabf483000 	C:\Xilinx\2025.1\Vivado\lib\win64.o\librdizlib.dll
0x00007ffaa9640000 - 0x00007ffaa96f7000 	C:\Xilinx\2025.1\Vivado\lib\win64.o\libzstd.dll
0x00007ffabeef0000 - 0x00007ffabef20000 	C:\WINDOWS\SYSTEM32\VCOMP140.DLL
0x00007ffad3c40000 - 0x00007ffad3c4b000 	C:\WINDOWS\SYSTEM32\VERSION.dll
0x00007ffad02c0000 - 0x00007ffad02dc000 	C:\Xilinx\2025.1\Vivado\lib\win64.o\xv_isl_iosutils.dll
0x00007ffa79a70000 - 0x00007ffa79d31000 	C:\Xilinx\2025.1\Vivado\lib\win64.o\xerces-c_3_2.dll
0x00007ffab8c00000 - 0x00007ffab8c21000 	C:\Xilinx\2025.1\Vivado\lib\win64.o\boost_iostreams.dll
0x00007ffac27f0000 - 0x00007ffac2ab4000 	C:\WINDOWS\SYSTEM32\iertutil.dll
0x00007ffab2550000 - 0x00007ffab2604000 	C:\WINDOWS\WinSxS\amd64_microsoft.windows.common-controls_6595b64144ccf1df_5.82.26100.8037_none_87ebc5097a2f9e52\COMCTL32.dll
0x00007ffad4d70000 - 0x00007ffad4d93000 	C:\WINDOWS\SYSTEM32\dhcpcsvc.DLL
0x00007ffad9b10000 - 0x00007ffad9b57000 	C:\WINDOWS\SYSTEM32\LOGONCLI.DLL
0x00007ffac1c20000 - 0x00007ffac1c49000 	C:\WINDOWS\SYSTEM32\srvcli.dll
0x00007ffad94d0000 - 0x00007ffad94dd000 	C:\WINDOWS\SYSTEM32\netutils.dll
0x00007ffad9d40000 - 0x00007ffad9dab000 	C:\WINDOWS\SYSTEM32\MSWSOCK.DLL
0x00007ffad9130000 - 0x00007ffad914c000 	C:\WINDOWS\SYSTEM32\SAMCLI.DLL
0x00007ffadc7c0000 - 0x00007ffadc7f1000 	C:\WINDOWS\System32\IMM32.DLL
0x00007ffada090000 - 0x00007ffada0a3000 	C:\WINDOWS\SYSTEM32\MSASN1.dll
0x00007ffada020000 - 0x00007ffada03b000 	C:\WINDOWS\SYSTEM32\CRYPTSP.dll
0x00007ffad9710000 - 0x00007ffad9749000 	C:\WINDOWS\system32\rsaenh.dll
0x00007ffada040000 - 0x00007ffada04c000 	C:\WINDOWS\SYSTEM32\CRYPTBASE.dll
0x00007ffadb350000 - 0x00007ffadb3f5000 	C:\WINDOWS\System32\bcryptPrimitives.dll
0x00007ffad9750000 - 0x00007ffad976b000 	C:\WINDOWS\SYSTEM32\kernel.appcore.dll
0x00007ffadde30000 - 0x00007ffadde50000 	C:\WINDOWS\System32\imagehlp.dll
0x00007ffa4d730000 - 0x00007ffa4de00000 	C:\Xilinx\2025.1\Vivado\lib\win64.o\xv_commontasks.dll
0x00007ffa44e70000 - 0x00007ffa45369400 	C:\Xilinx\2025.1\Vivado\lib\win64.o\xv_sio.dll
0x00007ffad9180000 - 0x00007ffad91b3000 	C:\WINDOWS\SYSTEM32\IPHLPAPI.DLL
0x00007ffa1f760000 - 0x00007ffa204e1000 	C:\Xilinx\2025.1\Vivado\tps\win64\jre21.0.1_12\bin\server\jvm.dll
0x00007ffad0770000 - 0x00007ffad07a5000 	C:\WINDOWS\SYSTEM32\WINMM.dll
0x00007ffada8a0000 - 0x00007ffada8fe000 	C:\WINDOWS\SYSTEM32\POWRPROF.dll
0x00007ffada880000 - 0x00007ffada894000 	C:\WINDOWS\SYSTEM32\UMPDC.dll
0x00007ffad9db0000 - 0x00007ffad9de0000 	C:\WINDOWS\SYSTEM32\gpapi.dll
0x00007ffaad620000 - 0x00007ffaad65b000 	C:\Windows\System32\cryptnet.dll
0x00007ffada960000 - 0x00007ffada989000 	C:\WINDOWS\SYSTEM32\profapi.dll
0x00007ffad7f20000 - 0x00007ffad7f2e000 	C:\WINDOWS\SYSTEM32\WINNSI.DLL
0x00007ffadc9e0000 - 0x00007ffadc9ea000 	C:\WINDOWS\System32\NSI.dll
0x00007ffad9a70000 - 0x00007ffad9ab9000 	C:\WINDOWS\SYSTEM32\SspiCli.dll
0x00007ffa7e3e0000 - 0x00007ffa7e3f8000 	C:\WINDOWS\system32\napinsp.dll
0x00007ffad9270000 - 0x00007ffad939a000 	C:\WINDOWS\SYSTEM32\DNSAPI.dll
0x00007ffa7e400000 - 0x00007ffa7e412000 	C:\WINDOWS\System32\winrnr.dll
0x00007ffa9fac0000 - 0x00007ffa9fae2000 	C:\WINDOWS\system32\nlansp_c.dll
0x00007ffacfd70000 - 0x00007ffacfd86000 	C:\WINDOWS\system32\wshbth.dll
0x00007ffacfe60000 - 0x00007ffacfe7b000 	C:\WINDOWS\SYSTEM32\wkscli.dll
0x00007ffab8ed0000 - 0x00007ffab8ee3000 	C:\WINDOWS\SYSTEM32\cscapi.dll
0x00007ffa11550000 - 0x00007ffa15621000 	C:\Xilinx\2025.1\Vivado\lib\win64.o\xv_tcltasks.dll
0x00007ffaa21c0000 - 0x00007ffaa2299000 	C:\Xilinx\2025.1\Vivado\lib\win64.o\xv_xhubtasks.dll
0x00007ffa1bb40000 - 0x00007ffa1c992000 	C:\Xilinx\2025.1\Vivado\lib\win64.o\xv_power.dll
0x00007ffa1c9a0000 - 0x00007ffa1d694000 	C:\Xilinx\2025.1\Vivado\lib\win64.o\xv_project.dll
0x00007ffa195c0000 - 0x00007ffa1b399000 	C:\Xilinx\2025.1\Vivado\lib\win64.o\xv_implflow.dll
0x00007ffa2f4a0000 - 0x00007ffa2fa03000 	C:\Xilinx\2025.1\Vivado\lib\win64.o\xv_dfximpl.dll
0x00007ffa0dbf0000 - 0x00007ffa0e877000 	C:\Xilinx\2025.1\Vivado\lib\win64.o\xv_lopt.dll
0x00007ffa2c030000 - 0x00007ffa2c803000 	C:\Xilinx\2025.1\Vivado\lib\win64.o\xv_runs.dll
0x00007ffa96150000 - 0x00007ffa962b7000 	C:\Xilinx\2025.1\Vivado\lib\win64.o\xv_chipscope.dll
0x00007ff9fe150000 - 0x00007ff9fedca000 	C:\Xilinx\2025.1\Vivado\lib\win64.o\xv_rsb.dll
0x00007ffa04ae0000 - 0x00007ffa0a4bc000 	C:\Xilinx\2025.1\Vivado\lib\win64.o\xv_route.dll
0x00007ff9f8880000 - 0x00007ff9f9551000 	C:\Xilinx\2025.1\Vivado\lib\win64.o\xv_drc.dll
0x00007ffa9a750000 - 0x00007ffa9a85c000 	C:\Xilinx\2025.1\Vivado\lib\win64.o\xv_dsp.dll
0x00007ffa641b0000 - 0x00007ffa64436000 	C:\Xilinx\2025.1\Vivado\lib\win64.o\xv_chipscopeimpl.dll
0x00007ff9fedd0000 - 0x00007ffa04ad5000 	C:\Xilinx\2025.1\Vivado\lib\win64.o\xv_place.dll
0x00007ff9f6f00000 - 0x00007ff9f887c000 	C:\Xilinx\2025.1\Vivado\lib\win64.o\xv_timing.dll
0x00007ffa951b0000 - 0x00007ffa95332000 	C:\Xilinx\2025.1\Vivado\lib\win64.o\xv_vsta.dll
0x00007ffa20990000 - 0x00007ffa21050000 	C:\Xilinx\2025.1\Vivado\lib\win64.o\xv_memdata.dll
0x00007ffa449b0000 - 0x00007ffa44e6c000 	C:\Xilinx\2025.1\Vivado\lib\win64.o\xv_dlyest.dll
0x00007ffaace40000 - 0x00007ffaacec2000 	C:\Xilinx\2025.1\Vivado\lib\win64.o\xv_pfi.dll
0x00007ffa10e50000 - 0x00007ffa1154b000 	C:\Xilinx\2025.1\Vivado\lib\win64.o\xv_bitstream.dll
0x00007ff9ed250000 - 0x00007ff9f0044000 	C:\Xilinx\2025.1\Vivado\lib\win64.o\xv_coregen.dll
0x00007ff9e00c0000 - 0x00007ff9e2e52000 	C:\Xilinx\2025.1\Vivado\lib\win64.o\xv_designutils.dll

dbghelp: loaded successfully - version: 4.0.5 - missing functions: none
symbol engine: initialized successfully - sym options: 0x614 - pdb path: .;C:\Xilinx\2025.1\Vivado\bin\unwrapped\win64.o;C:\WINDOWS\SYSTEM32;C:\Xilinx\2025.1\Vivado\lib\win64.o;C:\WINDOWS\WinSxS\amd64_microsoft.windows.common-controls_6595b64144ccf1df_5.82.26100.8037_none_87ebc5097a2f9e52;C:\Xilinx\2025.1\Vivado\tps\win64\jre21.0.1_12\bin\server;C:\Xilinx\2025.1\Vivado\tps\win64\jre21.0.1_12\bin;C:\WINDOWS\WinSxS\amd64_microsoft.windows.common-controls_6595b64144ccf1df_6.0.26100.8037_none_3e092faae333b53b;C:\WINDOWS\WinSxS\amd64_microsoft.windows.gdiplus_6595b64144ccf1df_1.1.26100.8036_none_6ef439583dc61568

VM Arguments:
jvm_args: -Dsun.java2d.pmoffscreen=false -Dhttps.protocols=TLSv1,TLSv1.1,TLSv1.2 -Dsun.java2d.xrender=false -Dsun.java2d.d3d=false -Dsun.awt.nopixfmt=true -Dsun.java2d.dpiaware=true -Dsun.java2d.uiScale.enabled=false -Dswing.aatext=true -XX:-UsePerfData -Djdk.map.althashing.threshold=512 -XX:StringTableSize=4072 -XX:+UseStringDeduplication -XX:MaxGCPauseMillis=200 -XX:ParallelGCThreads=4 -XX:+ParallelRefProcEnabled --add-opens=java.desktop/javax.swing.plaf.synth=ALL-UNNAMED --add-opens=java.base/java.nio=ALL-UNNAMED --add-opens=java.desktop/sun.swing=ALL-UNNAMED --add-opens=java.desktop/javax.swing=ALL-UNNAMED --add-opens=java.desktop/javax.swing.tree=ALL-UNNAMED --add-opens=java.desktop/javax.swing.plaf.basic=ALL-UNNAMED --add-opens=java.desktop/javax.swing.plaf.synth=ALL-UNNAMED --add-opens=java.desktop/javax.swing.plaf.basic=ALL-UNNAMED --add-opens=java.desktop/javax.swing=ALL-UNNAMED --add-opens=java.desktop/javax.swing.tree=ALL-UNNAMED --add-opens=java.desktop/java.awt.event=ALL-UNNAMED --add-exports=java.desktop/javax.swing.plaf.synth=ALL-UNNAMED --add-exports=java.base/java.nio=ALL-UNNAMED --add-exports=java.desktop/sun.swing=ALL-UNNAMED --add-exports=java.desktop/javax.swing=ALL-UNNAMED --add-exports=java.desktop/javax.swing.tree=ALL-UNNAMED --add-exports=java.desktop/javax.swing.plaf.basic=ALL-UNNAMED --add-exports=java.desktop/sun.swing=ALL-UNNAMED --add-exports=java.desktop/sun.swing.table=ALL-UNNAMED --add-exports=java.desktop/sun.swing.plaf.synth=ALL-UNNAMED --add-exports=java.desktop/sun.awt.shell=ALL-UNNAMED --add-exports=java.base/sun.security.action=ALL-UNNAMED --add-exports=java.desktop/sun.font=ALL-UNNAMED -XX:NewSize=80m -XX:MaxNewSize=80m -Xms812m -Xmx6144m -Xss10m 
java_command: <unknown>
java_class_path (initial): C:/Xilinx/2025.1/Vivado\lib\classes\apiguardian-api-1.1.0.jar;C:/Xilinx/2025.1/Vivado\lib\classes\asm-9.6-11.0.11-62.jar;C:/Xilinx/2025.1/Vivado\lib\classes\asm-analysis-9.6-11.0.11-62.jar;C:/Xilinx/2025.1/Vivado\lib\classes\asm-commons-9.6-11.0.11-62.jar;C:/Xilinx/2025.1/Vivado\lib\classes\asm-tree-9.6-11.0.11-62.jar;C:/Xilinx/2025.1/Vivado\lib\classes\autoesl-models-1.0.0-62.jar;C:/Xilinx/2025.1/Vivado\lib\classes\batik-anim-1.0.0-62.jar;C:/Xilinx/2025.1/Vivado\lib\classes\batik-awt-util-1.0.0-62.jar;C:/Xilinx/2025.1/Vivado\lib\classes\batik-bridge-1.0.0-62.jar;C:/Xilinx/2025.1/Vivado\lib\classes\batik-codec-1.0.0-62.jar;C:/Xilinx/2025.1/Vivado\lib\classes\batik-constants-1.0.0-62.jar;C:/Xilinx/2025.1/Vivado\lib\classes\batik-css-1.0.0-62.jar;C:/Xilinx/2025.1/Vivado\lib\classes\batik-dom-1.0.0-62.jar;C:/Xilinx/2025.1/Vivado\lib\classes\batik-ext-1.0.0-62.jar;C:/Xilinx/2025.1/Vivado\lib\classes\batik-gui-util-1.0.0-62.jar;C:/Xilinx/2025.1/Vivado\lib\classes\batik-gvt-1.0.0-62.jar;C:/Xilinx/2025.1/Vivado\lib\classes\batik-i18n-1.0.0-62.jar;C:/Xilinx/2025.1/Vivado\lib\classes\batik-parser-1.0.0-62.jar;C:/Xilinx/2025.1/Vivado\lib\classes\batik-script-1.0.0-62.jar;C:/Xilinx/2025.1/Vivado\lib\classes\batik-svg-dom-1.0.0-62.jar;C:/Xilinx/2025.1/Vivado\lib\classes\batik-svggen-1.0.0-62.jar;C:/Xilinx/2025.1/Vivado\lib\classes\batik-swing-1.0.0-62.jar;C:/Xilinx/2025.1/Vivado\lib\classes\batik-transcoder-1.0.0-62.jar;C:/Xilinx/2025.1/Vivado\lib\classes\batik-util-1.0.0-62.jar;C:/Xilinx/2025.1/Vivado\lib\classes\batik-xml-1.0.0-62.jar;C:/Xilinx/2025.1/Vivado\lib\classes\checker-qual-3.12.0.jar;C:/Xilinx/2025.1/Vivado\lib\classes\com.fasterxml.jackson.core.jackson-annotations_2.12.1.v20210128-1726-1.0.0-62.jar;C:/Xilinx/2025.1/Vivado\lib\classes\com.fasterxml.jackson.core.jackson-annotations_2.12.1.v20210128-1726-1.5.0-62.jar;C:/Xilinx/2025.1/Vivado\lib\classes\com.fasterxml.jackson.core.jackson-core_2.12.1.v20210128-1726-1.0.0-62.jar;C:/Xilinx/2025.1/Vivado\lib\classes\com.fasterxml.jackson.core.jackson-core_2.12.1.v20210128-1726-1.5.0-62.jar;C:/Xilinx/2025.1/Vivado\lib\classes\com.fasterxml.jackson.core.jackson-databind_2.12.1.v20210128-1726-1.0.0-62.jar;C:/Xilinx/2025.1/Vivado\lib\classes\com.fasterxml.jackson.core.jackson-databind_2.12.1.v20210128-1726-1.5.0-62.jar;C:/Xilinx/2025.1/Vivado\lib\classes\com.google.gson_2.8.9.v20220111-1409-1.5.0-62.jar;C:/Xilinx/2025.1/Vivado\lib\classes\com.google.guava_30.1.0.v20210127-2300-1.5.0-62.jar;C:/Xilinx/2025.1/Vivado\lib\classes\com.sigasi.hdt.connection_4.17.2.202304211001-1.5.0-62.jar;C:/Xilinx/2025.1/Vivado\lib\classes\com.sigasi.hdt.epl_4.17.2.202304211001-1.5.0-62.jar;C:/Xilinx/2025.1/Vivado\lib\classes\com.sigasi.hdt.project_4.17.2.202304211001-1.5.0-62.jar;C:/Xilinx/2025.1/Vivado\lib\classes\com.sigasi.hdt.readonlyfilesystem_4.17.2.202304211001-1.5.0-62.jar;C:/Xilinx/2025.1/Vivado\lib\classes\com.sigasi.hdt.shared_4.17.2.202304211001-1.5.0-62.jar;C:/Xilinx/2025.1/Vivado\lib\classes\com.sigasi.lcm_4.17.2.202304211001-1.5.0-62.jar;C:/Xilinx/2025.1/Vivado\lib\classes\com.sigasi.lsp.server.extensions_4.17.2.202304211001-1.5.0-62.jar;C:/Xilinx/2025.1/Vivado\lib\classes\com.sigasi.sdk.client_1.5.0.202304211001-1.5.0-62.jar;C:/Xilinx/2025.1/Vivado\lib\classes\commons-collections4-4.1-3.7.8-62.jar;C:/Xilinx/2025.1/Vivado\lib\classes\commons-compress-1.21-3.7.8-62.jar;C:/Xilinx/2025.1/Vivado\lib\classes\commons-io-2.15.0-11.0.11-62.jar;C:/Xilinx/2025.1/Vivado\lib\classes\commons-io-2.6.jar;C:/Xilinx/2025.1/Vivado\lib\classes\commons-lang3-3.14.0-11.0.11-62.jar;C:/Xilinx/2025.1/Vivado\lib\classes\commons-math-2.2-3.7.8-62.jar;C:/Xilinx/2025.1/Vivado\lib\classes\DispatchProtocol-1.24.0-526.jar;C:/Xilinx/2025.1/Vivado\lib\classes\dom4j-1.6.1-3.7.8-62.jar;C:/Xilinx/2025.1/Vivado\lib\classes\error_prone_annotations-2.11.0.jar;C:/Xilinx/2025.1/Vivado\lib\classes\failureaccess-1.0.1.jar;C:/Xilinx/2025.1/Vivado\lib\classes\frank_frameworks-1.0.0-526.jar;C:/Xilinx/2025.1/Vivado\lib\classes\gson-2.8.9.jar;C:/Xilinx/2025.1/Vivado\lib\classes\guava-31.1-android.jar;C:/Xilinx/2025.1/Vivado\lib\classes\help-1.24.0-356.jar;C:/Xilinx/2025.1/Vivado\lib\classes\hsqldb-3.7.8-62.jar;C:/Xilinx/2025.1/Vivado\lib\classes\j2objc-annotations-1.3.jar;C:/Xilinx/2025.1/Vivado\lib\classes\jakarta.annotation-api-2.1.0-11.0.11-62.jar;C:/Xilinx/2025.1/Vivado\lib\classes\jakarta.json-2.0.0-RC2-1.5.0-62.jar;C:/Xilinx/2025.1/Vivado\lib\classes\jakarta.json-api-2.0.0-RC2-1.5.0-62.jar;C:/Xilinx/2025.1/Vivado\lib\classes\jakarta.transaction-api-2.0.0-11.0.11-62.jar;C:/Xilinx/2025.1/Vivado\lib\classes\jaxb-api-2.3.0.jar;C:/Xilinx/2025.1/Vivado\lib\classes\jericho-html-3.4-1.0.0-62.jar;C:/Xilinx/2025.1/Vivado\lib\classes\jetty-jakarta-servlet-api-5.0.2-11.0.11-62.jar;C:/Xilinx/2025.1/Vivado\lib\classes\jh-2.0.05-62.jar;C:/Xilinx/2025.1/Vivado\lib\classes\jide-action-3.7.8-62.jar;C:/Xilinx/2025.1/Vivado\lib\classes\jide-charts-3.7.8-62.jar;C:/Xilinx/2025.1/Vivado\lib\classes\jide-common-3.7.8-62.jar;C:/Xilinx/2025.1/Vivado\lib\classes\jide-components-3.7.8-62.jar;C:/Xilinx/2025.1/Vivado\lib\classes\jide-dashboard-3.7.8-62.jar;C:/Xilinx/2025.1/Vivado\lib\classes\jide-data-3.7.8-62.jar;C:/Xilinx/2025.1/Vivado\lib\classes\jide-dialogs-3.7.8-62.jar;C:/Xilinx/2025.1/Vivado\lib\classes\jide-diff-3.7.8-62.jar;C:/Xilinx/2025.1/Vivado\lib\classes\jide-dock-3.7.8-62.jar;C:/Xilinx/2025.1/Vivado\lib\classes\jide-editor-3.7.8-62.jar;C:/Xilinx/2025.1/Vivado\lib\classes\jide-gantt-3.7.8-62.jar;C:/Xilinx/2025.1/Vivado\lib\classes\jide-grids-3.7.8-62.jar;C:/Xilinx/2025.1/Vivado\lib\classes\jide-pivot-3.7.8-62.jar;C:/Xilinx/2025.1/Vivado\lib\classes\jide-plaf-jdk7-3.7.8-62.jar;C:/Xilinx/2025.1/Vivado\lib\classes\jide-properties-3.7.8-62.jar;C:/Xilinx/2025.1/Vivado\lib\classes\jide-shortcut-3.7.8-62.jar;C:/Xilinx/2025.1/Vivado\lib\classes\jide-treemap-3.7.8-62.jar;C:/Xilinx/2025.1/Vivado\lib\classes\JRCClient-1.24.0-526.jar;C:/Xilinx/2025.1/Vivado\lib\classes\jsr305-3.0.2.jar;C:/Xilinx/2025.1/Vivado\lib\classes\junit-jupiter-api-5.6.2.jar;C:/Xilinx/2025.1/Vivado\lib\classes\junit-platform-commons-1.6.2.jar;C:/Xilinx/2025.1/Vivado\lib\classes\justify-3.0.0-RC2-1.5.0-62.jar;C:/Xilinx/2025.1/Vivado\lib\classes\jydocking-3.3.1-62.jar;C:/Xilinx/2025.1/Vivado\lib\classes\jytable-3.3.1-62.jar;C:/Xilinx/2025.1/Vivado\lib\classes\jywidgets-3.3.1-62.jar;C:/Xilinx/2025.1/Vivado\lib\classes\listenablefuture-9999.0-empty-to-avoid-conflict-with-guava.jar;C:/Xilinx/2025.1/Vivado\lib\classes\log4j-1.2-api-2.17.1-1.5.0-62.jar;C:/Xilinx/2025.1/Vivado\lib\classes\log4j-api-2.17.1-1.5.0-62.jar;C:/Xilinx/2025.1/Vivado\lib\classes\log4j-core-2.17.1-1.5.0-62.jar;C:/Xilinx/2025.1/Vivado\lib\classes\lucene-analyzers-common-4.10.2-3.7.8-62.jar;C:/Xilinx/2025.1/Vivado\lib\classes\lucene-core-4.10.2-3.7.8-62.jar;C:/Xilinx/2025.1/Vivado\lib\classes\lucene-queryparser-4.10.2-3.7.8-62.jar;C:/Xilinx/2025.1/Vivado\lib\classes\miglayout-3.7.3.1.jar;C:/Xilinx/2025.1/Vivado\lib\classes\nlview_java-1.0.0-62.jar;C:/Xilinx/2025.1/Vivado\lib\classes\opentest4j-1.2.0.jar;C:/Xilinx/2025.1/Vivado\lib\classes\org.apache.commons.lang_2.6.0.v201404270220-1.0.0-62.jar;C:/Xilinx/2025.1/Vivado\lib\classes\org.eclipse.core.commands-3.6.0-1.0.0-62.jar;C:/Xilinx/2025.1/Vivado\lib\classes\org.eclipse.core.filesystem_1.7.400.v20190518-1151-1.0.0-62.jar;C:/Xilinx/2025.1/Vivado\lib\classes\org.eclipse.core.jobs_3.10.400.v20190506-1457-1.0.0-62.jar;C:/Xilinx/2025.1/Vivado\lib\classes\org.eclipse.core.resources_3.13.400.v20190505-1655-1.0.0-62.jar;C:/Xilinx/2025.1/Vivado\lib\classes\org.eclipse.emf.common_2.18.0.v20191225-1014-1.0.0-62.jar;C:/Xilinx/2025.1/Vivado\lib\classes\org.eclipse.emf.common_2.24.0.v20220123-0838-1.5.0-62.jar;C:/Xilinx/2025.1/Vivado\lib\classes\org.eclipse.emf.ecore.xmi_2.16.0.v20190528-0725-1.0.0-62.jar;C:/Xilinx/2025.1/Vivado\lib\classes\org.eclipse.emf.ecore_2.21.0.v20200127-1342-1.0.0-62.jar;C:/Xilinx/2025.1/Vivado\lib\classes\org.eclipse.equinox.common_3.11.0.v20200206-0817-1.0.0-62.jar;C:/Xilinx/2025.1/Vivado\lib\classes\org.eclipse.equinox.registry_3.8.400.v20190516-1504-1.0.0-62.jar;C:/Xilinx/2025.1/Vivado\lib\classes\org.eclipse.jetty.alpn.client_11.0.18-11.0.11-62.jar;C:/Xilinx/2025.1/Vivado\lib\classes\org.eclipse.jetty.annotations_11.0.18-11.0.11-62.jar;C:/Xilinx/2025.1/Vivado\lib\classes\org.eclipse.jetty.client_11.0.18-11.0.11-62.jar;C:/Xilinx/2025.1/Vivado\lib\classes\org.eclipse.jetty.http_11.0.18-11.0.11-62.jar;C:/Xilinx/2025.1/Vivado\lib\classes\org.eclipse.jetty.io_11.0.18-11.0.11-62.jar;C:/Xilinx/2025.1/Vivado\lib\classes\org.eclipse.jetty.jndi_11.0.18-11.0.11-62.jar;C:/Xilinx/2025.1/Vivado\lib\classes\org.eclipse.jetty.plus_11.0.18-11.0.11-62.jar;C:/Xilinx/2025.1/Vivado\lib\classes\org.eclipse.jetty.security_11.0.18-11.0.11-62.jar;C:/Xilinx/2025.1/Vivado\lib\classes\org.eclipse.jetty.server_11.0.18-11.0.11-62.jar;C:/Xilinx/2025.1/Vivado\lib\classes\org.eclipse.jetty.servlet_11.0.18-11.0.11-62.jar;C:/Xilinx/2025.1/Vivado\lib\classes\org.eclipse.jetty.util_11.0.18-11.0.11-62.jar;C:/Xilinx/2025.1/Vivado\lib\classes\org.eclipse.jetty.webapp_11.0.18-11.0.11-62.jar;C:/Xilinx/2025.1/Vivado\lib\classes\org.eclipse.jetty.websocket.api_11.0.18-11.0.11-62.jar;C:/Xilinx/2025.1/Vivado\lib\classes\org.eclipse.jetty.websocket.client_11.0.18-11.0.11-62.jar;C:/Xilinx/2025.1/Vivado\lib\classes\org.eclipse.jetty.websocket.common_11.0.18-11.0.11-62.jar;C:/Xilinx/2025.1/Vivado\lib\classes\org.eclipse.jetty.websocket.core.client_11.0.18-11.0.11-62.jar;C:/Xilinx/2025.1/Vivado\lib\classes\org.eclipse.jetty.websocket.core.common_11.0.18-11.0.11-62.jar;C:/Xilinx/2025.1/Vivado\lib\classes\org.eclipse.jetty.websocket.core.server_11.0.18-11.0.11-62.jar;C:/Xilinx/2025.1/Vivado\lib\classes\org.eclipse.jetty.websocket.server_11.0.18-11.0.11-62.jar;C:/Xilinx/2025.1/Vivado\lib\classes\org.eclipse.jetty.websocket.servlet_11.0.18-11.0.11-62.jar;C:/Xilinx/2025.1/Vivado\lib\classes\org.eclipse.jetty.xml_11.0.18-11.0.11-62.jar;C:/Xilinx/2025.1/Vivado\lib\classes\org.eclipse.lsp4j.jsonrpc_0.12.0.v20210402-1305-1.5.0-62.jar;C:/Xilinx/2025.1/Vivado\lib\classes\org.eclipse.lsp4j_0.12.0.v20210402-1305-1.5.0-62.jar;C:/Xilinx/2025.1/Vivado\lib\classes\org.eclipse.xtext.util_2.18.0.v20190603-1042-1.0.0-62.jar;C:/Xilinx/2025.1/Vivado\lib\classes\org.eclipse.xtext.util_2.26.0.v20220228-0751-1.5.0-62.jar;C:/Xilinx/2025.1/Vivado\lib\classes\org.eclipse.xtext.xbase.lib_2.26.0.v20220228-0748-1.5.0-62.jar;C:/Xilinx/2025.1/Vivado\lib\classes\picocli-4.1.2.jar;C:/Xilinx/2025.1/Vivado\lib\classes\planAhead.jar;C:/Xilinx/2025.1/Vivado\lib\classes\poi-4.1.1-3.7.8-62.jar;C:/Xilinx/2025.1/Vivado\lib\classes\poi-ooxml-4.1.1-3.7.8-62.jar;C:/Xilinx/2025.1/Vivado\lib\classes\poi-ooxml-schemas-4.1.1-3.7.8-62.jar;C:/Xilinx/2025.1/Vivado\lib\classes\protobuf-java-3.21.12.jar;C:/Xilinx/2025.1/Vivado\lib\classes\protobuf-java-util-3.21.12.jar;C:/Xilinx/2025.1/Vivado\lib\classes\RuleService-1.24.0-526.jar;C:/Xilinx/2025.1/Vivado\lib\classes\slf4j-api-2.0.9-11.0.11-62.jar;C:/Xilinx/2025.1/Vivado\lib\classes\swingx-core-1.6.2-62.jar;C:/Xilinx/2025.1/Vivado\lib\classes\synthetica-3.3.1-62.jar;C:/Xilinx/2025.1/Vivado\lib\classes\syntheticaAddons-3.3.1-62.jar;C:/Xilinx/2025.1/Vivado\lib\classes\syntheticaDark-3.3.1-62.jar;C:/Xilinx/2025.1/Vivado\lib\classes\syntheticaPlain-3.3.1-62.jar;C:/Xilinx/2025.1/Vivado\lib\classes\syntheticaPlainAddon-3.3.1-62.jar;C:/Xilinx/2025.1/Vivado\lib\classes\sysgen.jar;C:/Xilinx/2025.1/Vivado\lib\classes\va-shared-1.0.0-526.jar;C:/Xilinx/2025.1/Vivado\lib\classes\VlmGUI.jar;C:/Xilinx/2025.1/Vivado\lib\classes\xml-apis-ext-1.0.0-62.jar;C:/Xilinx/2025.1/Vivado\lib\classes\xmlbeans-3.1.0-3.7.8-62.jar;C:/Xilinx/2025.1/Vivado\lib\classes\xmlgraphics-commons-1.0.0-62.jar;C:/Xilinx/2025.1/Vivado\lib\classes\yfiles-for-java-swing-3.3.0-62.jar;C:/Xilinx/2025.1/Vivado\lib\classes\windows\gluegen-rt-95.0.4638.69.jar;C:/Xilinx/2025.1/Vivado\lib\classes\windows\gluegen-rt-natives-windows-amd64-95.0.4638.69.jar;C:/Xilinx/2025.1/Vivado\lib\classes\windows\javafx-swt-21.0.1.jar;C:/Xilinx/2025.1/Vivado\lib\classes\windows\javafx.base-21.0.1.jar;C:/Xilinx/2025.1/Vivado\lib\classes\windows\javafx.controls-21.0.1.jar;C:/Xilinx/2025.1/Vivado\lib\classes\windows\javafx.fxml-21.0.1.jar;C:/Xilinx/2025.1/Vivado\lib\classes\windows\javafx.graphics-21.0.1.jar;C:/Xilinx/2025.1/Vivado\lib\classes\windows\javafx.media-21.0.1.jar;C:/Xilinx/2025.1/Vivado\lib\classes\windows\javafx.swing-21.0.1.jar;C:/Xilinx/2025.1/Vivado\lib\classes\windows\javafx.web-21.0.1.jar;C:/Xilinx/2025.1/Vivado\lib\classes\windows\jcef-95.0.4638.69.jar;C:/Xilinx/2025.1/Vivado\lib\classes\windows\jcef-tests-95.0.4638.69.jar;C:/Xilinx/2025.1/Vivado\lib\classes\windows\jogl-all-95.0.4638.69.jar;C:/Xilinx/2025.1/Vivado\lib\classes\windows\jogl-all-natives-windows-amd64-95.0.4638.69.jar
Launcher Type: generic

[Global flags]
     intx CICompilerCount                          = 4                                         {product} {ergonomic}
     uint ConcGCThreads                            = 1                                         {product} {ergonomic}
     uint G1ConcRefinementThreads                  = 4                                         {product} {ergonomic}
   size_t G1HeapRegionSize                         = 4194304                                   {product} {ergonomic}
    uintx GCDrainStackTargetSize                   = 64                                        {product} {ergonomic}
   size_t InitialHeapSize                          = 851443712                                 {product} {command line}
   size_t MarkStackSize                            = 4194304                                   {product} {ergonomic}
    uintx MaxGCPauseMillis                         = 200                                       {product} {command line}
   size_t MaxHeapSize                              = 6442450944                                {product} {command line}
   size_t MaxNewSize                               = 83886080                                  {product} {command line}
   size_t MinHeapDeltaBytes                        = 4194304                                   {product} {ergonomic}
   size_t MinHeapSize                              = 851443712                                 {product} {command line}
   size_t NewSize                                  = 83886080                                  {product} {command line}
    uintx NonNMethodCodeHeapSize                   = 5839372                                {pd product} {ergonomic}
    uintx NonProfiledCodeHeapSize                  = 122909434                              {pd product} {ergonomic}
     uint ParallelGCThreads                        = 4                                         {product} {command line}
     bool ParallelRefProcEnabled                   = true                                      {product} {command line}
    uintx ProfiledCodeHeapSize                     = 122909434                              {pd product} {ergonomic}
    uintx ReservedCodeCacheSize                    = 251658240                              {pd product} {ergonomic}
     bool SegmentedCodeCache                       = true                                      {product} {ergonomic}
   size_t SoftMaxHeapSize                          = 6442450944                             {manageable} {ergonomic}
    uintx StringTableSize                          = 4072                                      {product} {command line}
     intx ThreadStackSize                          = 10240                                  {pd product} {command line}
     bool UseCompressedOops                        = true                           {product lp64_product} {ergonomic}
     bool UseG1GC                                  = true                                      {product} {ergonomic}
     bool UseLargePagesIndividualAllocation        = false                                  {pd product} {ergonomic}
     bool UsePerfData                              = false                                     {product} {command line}
     bool UseStringDeduplication                   = true                                      {product} {command line}

Logging:
Log output configuration:
 #0: stdout all=warning uptime,level,tags foldmultilines=false
 #1: stderr all=off uptime,level,tags foldmultilines=false

Environment Variables:
PATH=C:/Xilinx/2025.1/Vivado\gnuwin\bin;C:/Xilinx/2025.1/Vivado\gnu\microblaze\nt\bin;C:/Xilinx/2025.1/Vivado/bin;C:/Xilinx/2025.1/Vivado\tps\win64;C:/Xilinx/2025.1/Vivado/tps/win64/java-cef-95.0.4638.69/bin/lib/win64;C:/Xilinx/2025.1/Vivado/tps/win64/javafx-sdk-21.0.1/lib;C:/Xilinx/2025.1/Vivado/tps/win64/javafx-sdk-21.0.1/bin;C:/Xilinx/2025.1/Vivado/lib/win64.o;C:/Xilinx/2025.1/Vivado/tps/win64/jre21.0.1_12/bin/server;C:/Xilinx/2025.1/Vivado/tps/win64/jre21.0.1_12/bin;C:/Xilinx/2025.1/Vitis/bin;C:/Xilinx/2025.1/Vivado/ids_lite/ISE/bin/nt64;C:/Xilinx/2025.1/Vivado/ids_lite/ISE/lib/nt64;C:\WINDOWS\System32;C:\Users\Kheph\.platformio\penv\Scripts;C:\Program Files\usbipd-win\;C:\Program Files\MATLAB\R2025b\bin;C:\Users\Kheph\.local\bin;C:\Program Files (x86)\Windows Kits\10\Windows Performance Toolkit\;C:\Users\Kheph\AppData\Local\Programs\Python\Python313\Scripts\;C:\Users\Kheph\AppData\Local\Programs\Python\Python313\;C:\Users\Kheph\AppData\Local\Programs\Python\Launcher\;C:\WINDOWS;C:\WINDOWS\System32\Wbem;C:\WINDOWS\System32\WindowsPowerShell\v1.0\;C:\WINDOWS\System32\OpenSSH\;C:\Program Files\CMake\bin;C:\Program Files\Git\cmd;C:\Program Files\PuTTY\;C:
USERNAME=Kheph
OS=Windows_NT
PROCESSOR_IDENTIFIER=Intel64 Family 6 Model 140 Stepping 1, GenuineIntel
TMP=C:\Users\Kheph\AppData\Local\Temp
TEMP=C:\Users\Kheph\AppData\Local\Temp




Periodic native trim disabled

---------------  S Y S T E M  ---------------

OS:
 Windows 11 , 64 bit Build 26100 (10.0.26100.7920)
OS uptime: 14 days 11:17 hours
Hyper-V role detected

CPU: total 8 (initial active 8) (4 cores per cpu, 2 threads per core) family 6 model 140 stepping 1 microcode 0x86, cx8, cmov, fxsr, ht, mmx, 3dnowpref, sse, sse2, sse3, ssse3, sse4.1, sse4.2, popcnt, lzcnt, tsc, tscinvbit, avx, avx2, aes, erms, clmul, bmi1, bmi2, adx, avx512f, avx512dq, avx512cd, avx512bw, avx512vl, sha, fma, vzeroupper, avx512_vpopcntdq, avx512_vpclmulqdq, avx512_vaes, avx512_vnni, clflush, clflushopt, clwb, avx512_vbmi2, avx512_vbmi, hv, rdtscp, rdpid, fsrm, gfni, avx512_bitalg, f16c, cet_ibt, cet_ss, avx512_ifma
Processor Information for processor 0
  Max Mhz: 2803, Current Mhz: 2803, Mhz Limit: 2803
Processor Information for processor 1
  Max Mhz: 2803, Current Mhz: 1201, Mhz Limit: 2803
Processor Information for processor 2
  Max Mhz: 2803, Current Mhz: 2803, Mhz Limit: 2803
Processor Information for processor 3
  Max Mhz: 2803, Current Mhz: 2803, Mhz Limit: 2803
Processor Information for processor 4
  Max Mhz: 2803, Current Mhz: 2803, Mhz Limit: 2803
Processor Information for processor 5
  Max Mhz: 2803, Current Mhz: 1201, Mhz Limit: 2803
Processor Information for processor 6
  Max Mhz: 2803, Current Mhz: 1201, Mhz Limit: 2803
Processor Information for processor 7
  Max Mhz: 2803, Current Mhz: 2803, Mhz Limit: 2803

Memory: 4k page, system-wide physical 36558M (17088M free)
TotalPageFile size 53966M (AvailPageFile size 21981M)
current process WorkingSet (physical memory assigned to process): 808M, peak: 1349M
current process commit charge ("private bytes"): 1887M, peak: 3507M

vm_info: OpenJDK 64-Bit Server VM (21.0.1+12-LTS) for windows-amd64 JRE (21.0.1+12-LTS), built on 2023-10-17T00:00:00Z by "admin" with unknown MS VC++:1937

END.
