#
# A fatal error has been detected by the Java Runtime Environment:
#
#  EXCEPTION_ACCESS_VIOLATION (0xc0000005) at pc=0x00007ff9be2deed8, pid=27512, tid=39820
#
# JRE version: OpenJDK Runtime Environment Temurin-21.0.1+12 (21.0.1+12) (build 21.0.1+12-LTS)
# Java VM: OpenJDK 64-Bit Server VM Temurin-21.0.1+12 (21.0.1+12-LTS, mixed mode, sharing, tiered, compressed oops, compressed class ptrs, g1 gc, windows-amd64)
# Problematic frame:
# C  0x00007ff9be2deed8
#
# No core dump will be written. Minidumps are not enabled by default on client versions of Windows
#
# If you would like to submit a bug report, please visit:
#   https://github.com/adoptium/adoptium-support/issues
# The crash happened outside the Java Virtual Machine in native code.
# See problematic frame for where to report the bug.
#

---------------  S U M M A R Y ------------

Command Line: -Dsun.java2d.pmoffscreen=false -Dhttps.protocols=TLSv1,TLSv1.1,TLSv1.2 -Dsun.java2d.xrender=false -Dsun.java2d.d3d=false -Dsun.awt.nopixfmt=true -Dsun.java2d.dpiaware=true -Dsun.java2d.uiScale.enabled=false -Dswing.aatext=true -XX:-UsePerfData -Djdk.map.althashing.threshold=512 -XX:StringTableSize=4072 -XX:+UseStringDeduplication -XX:MaxGCPauseMillis=200 -XX:ParallelGCThreads=4 -XX:+ParallelRefProcEnabled --add-opens=java.desktop/javax.swing.plaf.synth=ALL-UNNAMED --add-opens=java.base/java.nio=ALL-UNNAMED --add-opens=java.desktop/sun.swing=ALL-UNNAMED --add-opens=java.desktop/javax.swing=ALL-UNNAMED --add-opens=java.desktop/javax.swing.tree=ALL-UNNAMED --add-opens=java.desktop/javax.swing.plaf.basic=ALL-UNNAMED --add-opens=java.desktop/javax.swing.plaf.synth=ALL-UNNAMED --add-opens=java.desktop/javax.swing.plaf.basic=ALL-UNNAMED --add-opens=java.desktop/javax.swing=ALL-UNNAMED --add-opens=java.desktop/javax.swing.tree=ALL-UNNAMED --add-opens=java.desktop/java.awt.event=ALL-UNNAMED --add-exports=java.desktop/javax.swing.plaf.synth=ALL-UNNAMED --add-exports=java.base/java.nio=ALL-UNNAMED --add-exports=java.desktop/sun.swing=ALL-UNNAMED --add-exports=java.desktop/javax.swing=ALL-UNNAMED --add-exports=java.desktop/javax.swing.tree=ALL-UNNAMED --add-exports=java.desktop/javax.swing.plaf.basic=ALL-UNNAMED --add-exports=java.desktop/sun.swing=ALL-UNNAMED --add-exports=java.desktop/sun.swing.table=ALL-UNNAMED --add-exports=java.desktop/sun.swing.plaf.synth=ALL-UNNAMED --add-exports=java.desktop/sun.awt.shell=ALL-UNNAMED --add-exports=java.base/sun.security.action=ALL-UNNAMED --add-exports=java.desktop/sun.font=ALL-UNNAMED -XX:NewSize=80m -XX:MaxNewSize=80m -Xms812m -Xmx6144m -Xss10m 

Host: 11th Gen Intel(R) Core(TM) i7-1165G7 @ 2.80GHz, 8 cores, 35G,  Windows 11 , 64 bit Build 26100 (10.0.26100.7920)
Time: Sat Mar 21 16:24:51 2026 Pacific Daylight Time elapsed time: 12229.799089 seconds (0d 3h 23m 49s)

---------------  T H R E A D  ---------------

Current thread (0x000001cd1b94b0a0):  JavaThread "AWT-EventQueue-0"        [_thread_in_native, id=39820, stack(0x00000029a9200000,0x00000029a9c00000) (10240K)]

Stack: [0x00000029a9200000,0x00000029a9c00000],  sp=0x00000029a9bfa718,  free space=10217k
Native frames: (J=compiled Java code, j=interpreted, Vv=VM code, C=native code)
C  0x00007ff9be2deed8

Java frames: (J=compiled Java code, j=interpreted, Vv=VM code)
J 23604  ui.views.waveform.waveformi.WVExecutive_getGraphicsDataSize(J)J (0 bytes) @ 0x000001ccc451c499 [0x000001ccc451c440+0x0000000000000059]
J 23603 c1 ui.views.waveform.executive.a.mDy()Ljava/io/ByteArrayInputStream; (118 bytes) @ 0x000001ccbca7a7c4 [0x000001ccbca7a6c0+0x0000000000000104]
J 23602 c1 ui.views.waveform.c.a.mCQ()V (144 bytes) @ 0x000001ccbd99e0c4 [0x000001ccbd99e020+0x00000000000000a4]
J 23539 c1 ui.views.waveform.u.aT(ZZ)V (53 bytes) @ 0x000001ccbcb1c08c [0x000001ccbcb1bb60+0x000000000000052c]
J 20172 c1 ui.views.waveform.d.b.l(Lui/frmwork/a/v;)V (654 bytes) @ 0x000001ccbdb79e8c [0x000001ccbdb73500+0x000000000000698c]
J 94680 c2 ui.views.waveform.u.handleTclEvent(Lui/frmwork/a/v;)V (17 bytes) @ 0x000001ccc5d2db70 [0x000001ccc5d2db20+0x0000000000000050]
J 23707 c2 ui.frmwork.I.i(JZ)V (474 bytes) @ 0x000001ccc5565c5c [0x000001ccc5565760+0x00000000000004fc]
J 25884 c2 ui.frmwork.I.fireTclEvent(J)I (113 bytes) @ 0x000001ccc4d9424c [0x000001ccc4d93a40+0x000000000000080c]
v  ~StubRoutines::call_stub 0x000001ccc3f210e7
J 32809  ui.views.waveform.waveformi.WVExecutive_processModelEvent(JJ)V (0 bytes) @ 0x000001ccc4930b9c [0x000001ccc4930b40+0x000000000000005c]
j  ui.views.waveform.executive.a.gt(J)V+5
j  ui.views.waveform.d.b.gr(J)V+8
J 20172 c1 ui.views.waveform.d.b.l(Lui/frmwork/a/v;)V (654 bytes) @ 0x000001ccbdb7abcc [0x000001ccbdb73500+0x00000000000076cc]
J 94680 c2 ui.views.waveform.u.handleTclEvent(Lui/frmwork/a/v;)V (17 bytes) @ 0x000001ccc5d2db70 [0x000001ccc5d2db20+0x0000000000000050]
J 23707 c2 ui.frmwork.I.i(JZ)V (474 bytes) @ 0x000001ccc5565c5c [0x000001ccc5565760+0x00000000000004fc]
J 25884 c2 ui.frmwork.I.fireTclEvent(J)I (113 bytes) @ 0x000001ccc4d9424c [0x000001ccc4d93a40+0x000000000000080c]
v  ~StubRoutines::call_stub 0x000001ccc3f210e7
J 32809  ui.views.waveform.waveformi.WVExecutive_processModelEvent(JJ)V (0 bytes) @ 0x000001ccc4930b9c [0x000001ccc4930b40+0x000000000000005c]
j  ui.views.waveform.executive.a.gt(J)V+5
j  ui.views.waveform.d.b.gr(J)V+8
j  ui.views.waveform.d.f.actionPerformed(Ljava/awt/event/ActionEvent;)V+8
J 20851 c2 javax.swing.Timer.fireActionPerformed(Ljava/awt/event/ActionEvent;)V java.desktop@21.0.1 (46 bytes) @ 0x000001ccc4c7a758 [0x000001ccc4c7a640+0x0000000000000118]
J 20850 c2 javax.swing.Timer$DoPostEvent.run()V java.desktop@21.0.1 (85 bytes) @ 0x000001ccc4e97674 [0x000001ccc4e974e0+0x0000000000000194]
J 13082 c2 java.awt.EventQueue.dispatchEvent(Ljava/awt/AWTEvent;)V java.desktop@21.0.1 (80 bytes) @ 0x000001ccc4db0634 [0x000001ccc4daf640+0x0000000000000ff4]
J 72795 c2 java.awt.EventDispatchThread.pumpOneEventForFilters(I)V java.desktop@21.0.1 (106 bytes) @ 0x000001ccc4554a2c [0x000001ccc45545a0+0x000000000000048c]
J 95425 c2 java.awt.EventDispatchThread.pumpEventsForFilter(ILjava/awt/Conditional;Ljava/awt/EventFilter;)V java.desktop@21.0.1 (47 bytes) @ 0x000001ccc5f8727c [0x000001ccc5f87020+0x000000000000025c]
j  java.awt.EventDispatchThread.pumpEventsForFilter(Ljava/awt/Conditional;Ljava/awt/EventFilter;)V+4 java.desktop@21.0.1
j  java.awt.WaitDispatchSupport$2.run()V+59 java.desktop@21.0.1
j  java.awt.WaitDispatchSupport$4.run()Ljava/lang/Void;+4 java.desktop@21.0.1
j  java.awt.WaitDispatchSupport$4.run()Ljava/lang/Object;+1 java.desktop@21.0.1
J 83073 c2 java.security.AccessController.doPrivileged(Ljava/security/PrivilegedAction;)Ljava/lang/Object; java.base@21.0.1 (9 bytes) @ 0x000001ccc53e6fe4 [0x000001ccc53e6fa0+0x0000000000000044]
j  java.awt.WaitDispatchSupport.enter()Z+266 java.desktop@21.0.1
j  java.awt.Dialog.show()V+225 java.desktop@21.0.1
J 91334 c1 ui.dlg.c.e.setVisible(Z)V (15 bytes) @ 0x000001ccbd4bf1e4 [0x000001ccbd4bef20+0x00000000000002c4]
j  ui.dlg.c.bk.cho()V+65
j  ui.dlg.c.bk$c.actionPerformed(Ljava/awt/event/ActionEvent;)V+8
j  ui.dlg.c.bk.gtF()V+422
j  ui.views.c.w.b.a.run()V+60
j  ui.frmwork.cmd.a.iRs()Z+96
j  ui.frmwork.cmd.d.iRE()V+42
j  ui.i.A$b.actionPerformed(Ljava/awt/event/ActionEvent;)V+39
J 94687 c1 javax.swing.AbstractButton.fireActionPerformed(Ljava/awt/event/ActionEvent;)V java.desktop@21.0.1 (96 bytes) @ 0x000001ccbccd90bc [0x000001ccbccd8840+0x000000000000087c]
j  ui.utils.swing.b.C.fireActionPerformed(Ljava/awt/event/ActionEvent;)V+7
J 94686 c1 javax.swing.AbstractButton$Handler.actionPerformed(Ljava/awt/event/ActionEvent;)V java.desktop@21.0.1 (9 bytes) @ 0x000001ccbcb426d4 [0x000001ccbcb425c0+0x0000000000000114]
J 94108 c1 javax.swing.DefaultButtonModel.fireActionPerformed(Ljava/awt/event/ActionEvent;)V java.desktop@21.0.1 (46 bytes) @ 0x000001ccbca4f734 [0x000001ccbca4f460+0x00000000000002d4]
J 89955 c1 javax.swing.DefaultButtonModel.setPressed(Z)V java.desktop@21.0.1 (125 bytes) @ 0x000001ccbca6a8ec [0x000001ccbca695e0+0x000000000000130c]
J 92194 c1 javax.swing.plaf.basic.BasicButtonListener.mouseReleased(Ljava/awt/event/MouseEvent;)V java.desktop@21.0.1 (48 bytes) @ 0x000001ccbcdf5e5c [0x000001ccbcdf5a00+0x000000000000045c]
j  com.jidesoft.plaf.basic.BasicJideButtonListener.mouseReleased(Ljava/awt/event/MouseEvent;)V+61
J 89949 c1 java.awt.AWTEventMulticaster.mouseReleased(Ljava/awt/event/MouseEvent;)V java.desktop@21.0.1 (27 bytes) @ 0x000001ccbceb828c [0x000001ccbceb8060+0x000000000000022c]
J 89949 c1 java.awt.AWTEventMulticaster.mouseReleased(Ljava/awt/event/MouseEvent;)V java.desktop@21.0.1 (27 bytes) @ 0x000001ccbceb828c [0x000001ccbceb8060+0x000000000000022c]
J 89949 c1 java.awt.AWTEventMulticaster.mouseReleased(Ljava/awt/event/MouseEvent;)V java.desktop@21.0.1 (27 bytes) @ 0x000001ccbceb828c [0x000001ccbceb8060+0x000000000000022c]
J 92069 c2 javax.swing.JComponent.processMouseEvent(Ljava/awt/event/MouseEvent;)V java.desktop@21.0.1 (27 bytes) @ 0x000001ccc45daa38 [0x000001ccc45da6c0+0x0000000000000378]
J 46211 c2 java.awt.Container.processEvent(Ljava/awt/AWTEvent;)V java.desktop@21.0.1 (22 bytes) @ 0x000001ccc47cf560 [0x000001ccc47cf340+0x0000000000000220]
J 30457 c2 java.awt.Component.dispatchEventImpl(Ljava/awt/AWTEvent;)V java.desktop@21.0.1 (785 bytes) @ 0x000001ccc4b78d58 [0x000001ccc4b78180+0x0000000000000bd8]
J 30426 c2 java.awt.Container.dispatchEventImpl(Ljava/awt/AWTEvent;)V java.desktop@21.0.1 (129 bytes) @ 0x000001ccc5b33a4c [0x000001ccc5b33960+0x00000000000000ec]
J 97660 c2 java.awt.LightweightDispatcher.retargetMouseEvent(Ljava/awt/Component;ILjava/awt/event/MouseEvent;)V java.desktop@21.0.1 (372 bytes) @ 0x000001ccc61770fc [0x000001ccc6176a80+0x000000000000067c]
J 30335 c2 java.awt.LightweightDispatcher.processMouseEvent(Ljava/awt/event/MouseEvent;)Z java.desktop@21.0.1 (268 bytes) @ 0x000001ccc5b1dba8 [0x000001ccc5b1d520+0x0000000000000688]
J 30426 c2 java.awt.Container.dispatchEventImpl(Ljava/awt/AWTEvent;)V java.desktop@21.0.1 (129 bytes) @ 0x000001ccc5b33c58 [0x000001ccc5b33960+0x00000000000002f8]
J 30456 c2 java.awt.Window.dispatchEventImpl(Ljava/awt/AWTEvent;)V java.desktop@21.0.1 (23 bytes) @ 0x000001ccc4ee7998 [0x000001ccc4ee7940+0x0000000000000058]
J 30172 c2 java.awt.EventQueue.dispatchEventImpl(Ljava/awt/AWTEvent;Ljava/lang/Object;)V java.desktop@21.0.1 (139 bytes) @ 0x000001ccc5ac7a7c [0x000001ccc5ac7640+0x000000000000043c]
J 30174 c2 java.awt.EventQueue$4.run()Ljava/lang/Object; java.desktop@21.0.1 (5 bytes) @ 0x000001ccc5ac9484 [0x000001ccc5ac9420+0x0000000000000064]
J 13082 c2 java.awt.EventQueue.dispatchEvent(Ljava/awt/AWTEvent;)V java.desktop@21.0.1 (80 bytes) @ 0x000001ccc4db0a9c [0x000001ccc4daf640+0x000000000000145c]
J 72795 c2 java.awt.EventDispatchThread.pumpOneEventForFilters(I)V java.desktop@21.0.1 (106 bytes) @ 0x000001ccc4554a2c [0x000001ccc45545a0+0x000000000000048c]
J 21171% c2 java.awt.EventDispatchThread.pumpEventsForFilter(ILjava/awt/Conditional;Ljava/awt/EventFilter;)V java.desktop@21.0.1 (47 bytes) @ 0x000001ccc4c10a5c [0x000001ccc4c109c0+0x000000000000009c]
j  java.awt.EventDispatchThread.pumpEventsForHierarchy(ILjava/awt/Conditional;Ljava/awt/Component;)V+11 java.desktop@21.0.1
j  java.awt.EventDispatchThread.pumpEvents(ILjava/awt/Conditional;)V+4 java.desktop@21.0.1
j  java.awt.EventDispatchThread.pumpEvents(Ljava/awt/Conditional;)V+3 java.desktop@21.0.1
j  java.awt.EventDispatchThread.run()V+9 java.desktop@21.0.1
v  ~StubRoutines::call_stub 0x000001ccc3f210e7

siginfo: EXCEPTION_ACCESS_VIOLATION (0xc0000005), data execution prevention violation at address 0x00007ff9be2deed8


Registers:
RAX=0x00007ff9be2483f8, RBX=0x0000000000000001, RCX=0x000001cd43630640, RDX=0x000001cd2810db60
RSP=0x00000029a9bfa718, RBP=0x00000029a9bfa900, RSI=0x000001cd3893ab90, RDI=0x000001cd43630640
R8 =0x00000029a9bfa8e0, R9 =0x00000029a9bfa920, R10=0x00007ffad2e50000, R11=0x00000029a9bfa8c0
R12=0x00000029a9bfa8e0, R13=0x00000029a9bfa920, R14=0x00000029a9bfa9f0, R15=0x000001cd2810db60
RIP=0x00007ff9be2deed8, EFLAGS=0x0000000000010202


Register to memory mapping:

RAX=0x00007ff9be2483f8 points into unknown readable memory: 0x00007ff9bd8bcca0 | a0 cc 8b bd f9 7f 00 00
RBX=0x0000000000000001 is an unknown value
RCX=0x000001cd43630640 points into unknown readable memory: 0x00007ff9be2483f8 | f8 83 24 be f9 7f 00 00
RDX=0x000001cd2810db60 points into unknown readable memory: 0x00007ffa88be1dc0 | c0 1d be 88 fa 7f 00 00
RSP=0x00000029a9bfa718 is pointing into the stack for thread: 0x000001cd1b94b0a0
RBP=0x00000029a9bfa900 is pointing into the stack for thread: 0x000001cd1b94b0a0
RSI=0x000001cd3893ab90 points into unknown readable memory: 0x00007ff9be248408 | 08 84 24 be f9 7f 00 00
RDI=0x000001cd43630640 points into unknown readable memory: 0x00007ff9be2483f8 | f8 83 24 be f9 7f 00 00
R8 =0x00000029a9bfa8e0 is pointing into the stack for thread: 0x000001cd1b94b0a0
R9 =0x00000029a9bfa920 is pointing into the stack for thread: 0x000001cd1b94b0a0
R10=0x00007ffad2e50000 VCRUNTIME140.dll
R11=0x00000029a9bfa8c0 is pointing into the stack for thread: 0x000001cd1b94b0a0
R12=0x00000029a9bfa8e0 is pointing into the stack for thread: 0x000001cd1b94b0a0
R13=0x00000029a9bfa920 is pointing into the stack for thread: 0x000001cd1b94b0a0
R14=0x00000029a9bfa9f0 is pointing into the stack for thread: 0x000001cd1b94b0a0
R15=0x000001cd2810db60 points into unknown readable memory: 0x00007ffa88be1dc0 | c0 1d be 88 fa 7f 00 00

Top of Stack: (sp=0x00000029a9bfa718)
0x00000029a9bfa718:   00007ff9bda7505c 000001cca9070000
0x00000029a9bfa728:   ffededed00000001 0000000000000008
0x00000029a9bfa738:   ffededed00000000 00000029a9bfcb60
0x00000029a9bfa748:   00000029a9bfcb64 ffedededffededed
0x00000029a9bfa758:   ffedededffededed ffedededffededed
0x00000029a9bfa768:   0000000000000000 0000000000000000
0x00000029a9bfa778:   0000000000000008 0000000000000000
0x00000029a9bfa788:   0000000000000008 0000000000000001
0x00000029a9bfa798:   000001cca9130000 000013dd2f1fb549
0x00000029a9bfa7a8:   00007ffade17cd24 ffededed00000002
0x00000029a9bfa7b8:   0000000000000000 00000029a9bfa9f0
0x00000029a9bfa7c8:   000001cd41c5dd78 000001cd43630640
0x00000029a9bfa7d8:   000001cd2810db60 000001cd3893ab90
0x00000029a9bfa7e8:   00000029a9bfa900 0000000000000001
0x00000029a9bfa7f8:   00007ff9bda6bd22 0000000000000005
0x00000029a9bfa808:   0000000000000052 000001cd38df344f
0x00000029a9bfa818:   00007ffa22061319 000000000000004f
0x00000029a9bfa828:   000001cc00000001 0000000000000001
0x00000029a9bfa838:   0000000000000000 0000000000000000
0x00000029a9bfa848:   0000000000000000 0000000000000000
0x00000029a9bfa858:   0000000000000000 0000000000000000
0x00000029a9bfa868:   0000000000000000 0000000000000000
0x00000029a9bfa878:   0000000000000000 0000000000000000
0x00000029a9bfa888:   000001cd38df3440 0000000000000004
0x00000029a9bfa898:   000001cca9130000 0000000000000000
0x00000029a9bfa8a8:   00007ffade17cd24 0000000000000000
0x00000029a9bfa8b8:   000000000000000f 0000000000000000
0x00000029a9bfa8c8:   0000000000000008 0000000000000001
0x00000029a9bfa8d8:   0000000000000000 00007ff9be2618f8
0x00000029a9bfa8e8:   00007ffa88ba61e0 00000029a9bfa838
0x00000029a9bfa8f8:   00000029a9bfa870 0000000000000001
0x00000029a9bfa908:   000001cd2810db78 00000029a9bfa9f0 

Instructions: (pc=0x00007ff9be2deed8)
0x00007ff9be2dedd8:   98 ed a7 00 00 00 00 00 00 00 00 00 00 00 00 00
0x00007ff9be2dede8:   01 00 00 00 00 00 00 00 00 00 00 00 b8 98 c9 00
0x00007ff9be2dedf8:   10 ee a7 00 e8 ed a7 00 00 00 00 00 00 00 00 00
0x00007ff9be2dee08:   00 00 00 00 00 00 00 00 00 00 00 00 00 00 00 00
0x00007ff9be2dee18:   01 00 00 00 28 ee a7 00 00 00 00 00 00 00 00 00
0x00007ff9be2dee28:   38 ee a7 00 00 00 00 00 00 00 00 00 00 00 00 00
0x00007ff9be2dee38:   b8 98 c9 00 00 00 00 00 00 00 00 00 ff ff ff ff
0x00007ff9be2dee48:   00 00 00 00 40 00 00 00 10 ee a7 00 00 00 00 00
0x00007ff9be2dee58:   00 00 00 00 00 00 00 00 01 00 00 00 00 00 00 00
0x00007ff9be2dee68:   00 00 00 00 40 a8 c8 00 88 ee a7 00 60 ee a7 00
0x00007ff9be2dee78:   00 00 00 00 00 00 00 00 00 00 00 00 00 00 00 00
0x00007ff9be2dee88:   00 00 00 00 00 00 00 00 01 00 00 00 a0 ee a7 00
0x00007ff9be2dee98:   00 00 00 00 00 00 00 00 b0 ee a7 00 00 00 00 00
0x00007ff9be2deea8:   00 00 00 00 00 00 00 00 40 a8 c8 00 00 00 00 00
0x00007ff9be2deeb8:   00 00 00 00 ff ff ff ff 00 00 00 00 40 00 00 00
0x00007ff9be2deec8:   88 ee a7 00 00 00 00 00 00 00 00 00 00 00 00 00
0x00007ff9be2deed8:   01 00 00 00 00 00 00 00 00 00 00 00 68 a8 c8 00
0x00007ff9be2deee8:   00 ef a7 00 d8 ee a7 00 00 00 00 00 00 00 00 00
0x00007ff9be2deef8:   00 00 00 00 00 00 00 00 00 00 00 00 00 00 00 00
0x00007ff9be2def08:   01 00 00 00 18 ef a7 00 00 00 00 00 00 00 00 00
0x00007ff9be2def18:   28 ef a7 00 00 00 00 00 00 00 00 00 00 00 00 00
0x00007ff9be2def28:   68 a8 c8 00 00 00 00 00 00 00 00 00 ff ff ff ff
0x00007ff9be2def38:   00 00 00 00 40 00 00 00 00 ef a7 00 00 00 00 00
0x00007ff9be2def48:   00 00 00 00 00 00 00 00 01 00 00 00 00 00 00 00
0x00007ff9be2def58:   00 00 00 00 e8 98 c9 00 78 ef a7 00 50 ef a7 00
0x00007ff9be2def68:   00 00 00 00 00 00 00 00 00 00 00 00 00 00 00 00
0x00007ff9be2def78:   00 00 00 00 00 00 00 00 01 00 00 00 90 ef a7 00
0x00007ff9be2def88:   00 00 00 00 00 00 00 00 a0 ef a7 00 00 00 00 00
0x00007ff9be2def98:   00 00 00 00 00 00 00 00 e8 98 c9 00 00 00 00 00
0x00007ff9be2defa8:   00 00 00 00 ff ff ff ff 00 00 00 00 40 00 00 00
0x00007ff9be2defb8:   78 ef a7 00 00 00 00 00 00 00 00 00 00 00 00 00
0x00007ff9be2defc8:   01 00 00 00 00 00 00 00 00 00 00 00 30 ab c8 00 


Stack slot to memory mapping:

stack at sp + 0 slots: 0x00007ff9bda7505c points into unknown readable memory: 8b f0 83 f8
stack at sp + 1 slots: 0x000001cca9070000 points into unknown readable memory: 0x0000000000000000 | 00 00 00 00 00 00 00 00
stack at sp + 2 slots: 0xffededed00000001 is an unknown value
stack at sp + 3 slots: 0x0000000000000008 is an unknown value
stack at sp + 4 slots: 0xffededed00000000 is an unknown value
stack at sp + 5 slots: 0x00000029a9bfcb60 is pointing into the stack for thread: 0x000001cd1b94b0a0
stack at sp + 6 slots: 0x00000029a9bfcb64 is pointing into the stack for thread: 0x000001cd1b94b0a0
stack at sp + 7 slots: 0xffedededffededed is an unknown value


Compiled method (n/a) 12229883 23604     n 0       ui.views.waveform.waveformi::WVExecutive_getGraphicsDataSize (native)
 total in heap  [0x000001ccc451c290,0x000001ccc451c678] = 1000
 relocation     [0x000001ccc451c3f0,0x000001ccc451c428] = 56
 main code      [0x000001ccc451c440,0x000001ccc451c66c] = 556
 stub code      [0x000001ccc451c66c,0x000001ccc451c670] = 4
 oops           [0x000001ccc451c670,0x000001ccc451c678] = 8

[Constant Pool (empty)]

[MachCode]
[Entry Point]
  # {method} {0x000001cd1908df20} 'WVExecutive_getGraphicsDataSize' '(J)J' in 'ui/views/waveform/waveformi'
  # parm0:    rdx:rdx   = long
  #           [sp+0x70]  (sp of caller)
  0x000001ccc451c440: 448b 5208 | 49bb 0000 | 00d6 cc01 | 0000 4d03 | d349 3bc2 | 0f84 0600 

  0x000001ccc451c458: ;   {runtime_call ic_miss_stub}
  0x000001ccc451c458: 0000 e921 | 25a5 ff90 
[Verified Entry Point]
  0x000001ccc451c460: 8984 2400 | 80ff ff55 | 488b ec48 | 83ec 6090 | 4181 7f20 | 8604 0000 

  0x000001ccc451c478: ;   {runtime_call StubRoutines (final stubs)}
  0x000001ccc451c478: 7405 e881 | 9da3 ff4c 

  0x000001ccc451c480: ;   {oop(a 'java/lang/Class'{0x000000068228d4d8} = 'ui/views/waveform/waveformi')}
  0x000001ccc451c480: 8bc2 49be | d8d4 2882 | 0600 0000 | 4c89 7424 | 504c 8d74 | 2450 498b | d6c5 f877 

  0x000001ccc451c49c: ;   {internal_word}
  0x000001ccc451c49c: 49ba 99c4 | 51c4 cc01 | 0000 4d89 | 97a0 0300 | 0049 89a7 | 9803 0000 

  0x000001ccc451c4b4: ;   {external_word}
  0x000001ccc451c4b4: 49ba ae9a | 7b21 fa7f | 0000 4180 | 3a00 0f84 | 4a00 0000 

  0x000001ccc451c4c8: ;   {metadata({method} {0x000001cd1908df20} 'WVExecutive_getGraphicsDataSize' '(J)J' in 'ui/views/waveform/waveformi')}
  0x000001ccc451c4c8: 5241 5048 | ba18 df08 | 19cd 0100 | 0049 8bcf | 4883 ec20 | 40f6 c40f | 0f84 1900 | 0000 4883 
  0x000001ccc451c4e8: ;   {runtime_call}
  0x000001ccc451c4e8: ec08 48b8 | a0d6 2521 | fa7f 0000 | ffd0 4883 | c408 e90c 

  0x000001ccc451c4fc: ;   {runtime_call}
  0x000001ccc451c4fc: 0000 0048 | b8a0 d625 | 21fa 7f00 | 00ff d048 | 83c4 2041 | 585a 498d | 8fb8 0300 | 0041 c787 
  0x000001ccc451c51c: 4c04 0000 | 0400 0000 

  0x000001ccc451c524: ;   {runtime_call}
  0x000001ccc451c524: 48b8 10e2 | a4bd f97f | 0000 ffd0 | c5f8 7741 | c787 4c04 | 0000 0500 | 0000 f083 | 4424 c000 
  0x000001ccc451c544: 493b af50 | 0400 000f | 870e 0000 | 0041 83bf | 4804 0000 | 000f 842b | 0000 00c5 | f877 4889 
  0x000001ccc451c564: 45f8 498b | cf4c 8be4 | 4883 ec20 | 4883 e4f0 

  0x000001ccc451c574: ;   {runtime_call}
  0x000001ccc451c574: 48b8 2099 | f120 fa7f | 0000 ffd0 | 498b e44d | 33e4 488b | 45f8 41c7 | 874c 0400 | 0008 0000 
  0x000001ccc451c594: 0041 83bf | c804 0000 | 020f 849c 

  0x000001ccc451c5a0: ;   {external_word}
  0x000001ccc451c5a0: 0000 0049 | baae 9a7b | 21fa 7f00 | 0041 803a | 000f 844c | 0000 0048 

  0x000001ccc451c5b8: ;   {metadata({method} {0x000001cd1908df20} 'WVExecutive_getGraphicsDataSize' '(J)J' in 'ui/views/waveform/waveformi')}
  0x000001ccc451c5b8: 8945 f848 | ba18 df08 | 19cd 0100 | 0049 8bcf | 4883 ec20 | 40f6 c40f | 0f84 1900 | 0000 4883 
  0x000001ccc451c5d8: ;   {runtime_call}
  0x000001ccc451c5d8: ec08 48b8 | a0d6 2521 | fa7f 0000 | ffd0 4883 | c408 e90c 

  0x000001ccc451c5ec: ;   {runtime_call}
  0x000001ccc451c5ec: 0000 0048 | b8a0 d625 | 21fa 7f00 | 00ff d048 | 83c4 2048 | 8b45 f849 | c787 9803 | 0000 0000 
  0x000001ccc451c60c: 0000 49c7 | 87a0 0300 | 0000 0000 | 00c5 f877 | 498b 8f28 | 0400 00c7 | 8100 0100 | 0000 0000 
  0x000001ccc451c62c: 00c9 4983 | 7f08 000f | 8501 0000 

  0x000001ccc451c638: ;   {runtime_call StubRoutines (initial stubs)}
  0x000001ccc451c638: 00c3 e9c1 | 48a0 ffc5 | f877 4889 | 45f8 4c8b | e448 83ec | 2048 83e4 

  0x000001ccc451c650: ;   {runtime_call}
  0x000001ccc451c650: f048 b880 | 0e26 21fa | 7f00 00ff | d049 8be4 | 4d33 e448 | 8b45 f8e9 | 37ff ffff 
[Stub Code]
  0x000001ccc451c66c: f4f4 f4f4 
[/MachCode]


Compiled method (c1) 12229889 23603   !   3       ui.views.waveform.executive.a::mDy (118 bytes)
 total in heap  [0x000001ccbca7a290,0x000001ccbca7ca28] = 10136
 relocation     [0x000001ccbca7a3f0,0x000001ccbca7a6a8] = 696
 main code      [0x000001ccbca7a6c0,0x000001ccbca7bfe8] = 6440
 stub code      [0x000001ccbca7bfe8,0x000001ccbca7c0f8] = 272
 oops           [0x000001ccbca7c0f8,0x000001ccbca7c178] = 128
 metadata       [0x000001ccbca7c178,0x000001ccbca7c218] = 160
 scopes data    [0x000001ccbca7c218,0x000001ccbca7c6f0] = 1240
 scopes pcs     [0x000001ccbca7c6f0,0x000001ccbca7c9f0] = 768
 dependencies   [0x000001ccbca7c9f0,0x000001ccbca7c9f8] = 8
 handler table  [0x000001ccbca7c9f8,0x000001ccbca7ca10] = 24
 nul chk table  [0x000001ccbca7ca10,0x000001ccbca7ca28] = 24

[Constant Pool (empty)]

[MachCode]
[Entry Point]
  # {method} {0x000001cd1905e190} 'mDy' '()Ljava/io/ByteArrayInputStream;' in 'ui/views/waveform/executive/a'
  #           [sp+0x190]  (sp of caller)
  0x000001ccbca7a6c0: 448b 5208 | 49bb 0000 | 00d6 cc01 | 0000 4d03 | d34c 3bd0 

  0x000001ccbca7a6d4: ;   {runtime_call ic_miss_stub}
  0x000001ccbca7a6d4: 0f85 a642 | 4f07 660f | 1f44 0000 
[Verified Entry Point]
  0x000001ccbca7a6e0: 8984 2400 | 80ff ff55 | 4881 ec80 | 0100 0090 | 4181 7f20 | 8604 0000 

  0x000001ccbca7a6f8: ;   {runtime_call StubRoutines (final stubs)}
  0x000001ccbca7a6f8: 7405 e801 | bb4d 0748 | 8994 2428 

  0x000001ccbca7a704: ;   {metadata(method data for {method} {0x000001cd1905e190} 'mDy' '()Ljava/io/ByteArrayInputStream;' in 'ui/views/waveform/executive/a')}
  0x000001ccbca7a704: 0100 0048 | be80 70d8 | 3ccd 0100 | 008b becc | 0000 0083 | c702 89be | cc00 0000 | 81e7 fe07 
  0x000001ccbca7a724: 0000 83ff | 000f 848a 

  0x000001ccbca7a72c: ;   {metadata(method data for {method} {0x000001cd1905e190} 'mDy' '()Ljava/io/ByteArrayInputStream;' in 'ui/views/waveform/executive/a')}
  0x000001ccbca7a72c: 1400 0048 | be80 70d8 | 3ccd 0100 | 0048 8386 | 1001 0000 

  0x000001ccbca7a740: ;   {metadata(method data for {method} {0x000001cd176931b8} 'gnK' '()J' in 'ui/utils/s/d')}
  0x000001ccbca7a740: 0148 beb0 | 1f07 19cd | 0100 008b | becc 0000 | 0083 c702 | 89be cc00 | 0000 81e7 | feff 1f00 
  0x000001ccbca7a760: 83ff 000f | 8471 1400 

  0x000001ccbca7a768: ;   {metadata(method data for {method} {0x000001cd176931b8} 'gnK' '()J' in 'ui/utils/s/d')}
  0x000001ccbca7a768: 0048 beb0 | 1f07 19cd | 0100 0048 | 8386 1001 

  0x000001ccbca7a778: ;   {runtime_call}
  0x000001ccbca7a778: 0000 0148 | b840 231f | 21fa 7f00 

  0x000001ccbca7a784: ;   {other}
  0x000001ccbca7a784: 00ff d00f | 1f84 0000 | 0000 0048 | 8984 2430 | 0100 0048 | 8b94 2428 | 0100 0048 

  0x000001ccbca7a7a0: ;   {metadata(method data for {method} {0x000001cd1905e190} 'mDy' '()Ljava/io/ByteArrayInputStream;' in 'ui/views/waveform/executive/a')}
  0x000001ccbca7a7a0: 8b72 1048 | bf80 70d8 | 3ccd 0100 | 0048 8387 | 2001 0000 | 0148 8bd6 | 0f1f 8000 

  0x000001ccbca7a7bc: ;   {static_call}
  0x000001ccbca7a7bc: 0000 00e8 

  0x000001ccbca7a7c0: ; ImmutableOopMap {[296]=Oop }
                      ;*invokestatic WVExecutive_getGraphicsDataSize {reexecute=0 rethrow=0 return_oop=0}
                      ; - ui.views.waveform.executive.a::mDy@10 (line 493)
  0x000001ccbca7a7c0: 9c1c aa07 

  0x000001ccbca7a7c4: ;   {other}
  0x000001ccbca7a7c4: 0f1f 8400 | 3405 0000 | 448b c841 

  0x000001ccbca7a7d0: ;   {metadata(method data for {method} {0x000001cd1905e190} 'mDy' '()Ljava/io/ByteArrayInputStream;' in 'ui/views/waveform/executive/a')}
  0x000001ccbca7a7d0: 83f9 0048 | bb80 70d8 | 3ccd 0100 | 0048 ba40 | 0100 0000 | 0000 000f | 840a 0000 | 0048 ba30 
  0x000001ccbca7a7f0: 0100 0000 | 0000 0048 | 8b34 1348 | 8d76 0148 | 8934 130f | 8441 1200 

  0x000001ccbca7a808: ;   {metadata(method data for {method} {0x000001cd1905e190} 'mDy' '()Ljava/io/ByteArrayInputStream;' in 'ui/views/waveform/executive/a')}
  0x000001ccbca7a808: 0048 bb80 | 70d8 3ccd | 0100 00ff | 8350 0100 | 0048 8b94 | 2428 0100 | 0049 8bd9 | ffc3 4c8b 
  0x000001ccbca7a828: ;   {metadata({type array byte})}
  0x000001ccbca7a828: da48 bac0 | 2200 d6cc | 0100 0048 | 63db 488b | fb48 81fb | ffff ff00 | 0f87 b513 | 0000 48be 
  0x000001ccbca7a848: 1700 0000 | 0000 0000 | 488d 341e | 4883 e6f8 | 498b 87b8 | 0100 0048 | 8d34 3049 | 3bb7 c801 
  0x000001ccbca7a868: 0000 0f87 | 8b13 0000 | 4989 b7b8 | 0100 0048 | 2bf0 48c7 | 0001 0000 | 0048 8bca | 49ba 0000 
  0x000001ccbca7a888: 00d6 cc01 | 0000 492b | ca89 4808 | 8958 0c48 | 83ee 1048 | 85f6 0f84 | 1100 0000 | 4833 db48 
  0x000001ccbca7a8a8: c1ee 0348 | 895c f008 | 48ff ce75 | f648 8984 | 2438 0100 | 0049 8b53 

  0x000001ccbca7a8c0: ;   {metadata(method data for {method} {0x000001cd1905e190} 'mDy' '()Ljava/io/ByteArrayInputStream;' in 'ui/views/waveform/executive/a')}
  0x000001ccbca7a8c0: 1049 b880 | 70d8 3ccd | 0100 0049 | 8380 f801 | 0000 014c 

  0x000001ccbca7a8d4: ;   {static_call}
  0x000001ccbca7a8d4: 8bc0 90e8 

  0x000001ccbca7a8d8: ; ImmutableOopMap {[296]=Oop [312]=Oop }
                      ;*invokestatic WVExecutive_getGraphicsDataByteArray {reexecute=0 rethrow=0 return_oop=0}
                      ; - ui.views.waveform.executive.a::mDy@58 (line 505)
  0x000001ccbca7a8d8: 0439 ad08 

  0x000001ccbca7a8dc: ;   {other}
  0x000001ccbca7a8dc: 0f1f 8400 | 4c06 0001 | 488b 9424 | 2801 0000 | 448b 4220 | 49c1 e003 | 4983 f800 

  0x000001ccbca7a8f8: ;   {metadata(method data for {method} {0x000001cd1905e190} 'mDy' '()Ljava/io/ByteArrayInputStream;' in 'ui/views/waveform/executive/a')}
  0x000001ccbca7a8f8: 48be 8070 | d83c cd01 | 0000 48bf | 0802 0000 | 0000 0000 | 0f84 0a00 | 0000 48bf | 1802 0000 
  0x000001ccbca7a918: 0000 0000 | 488b 1c3e | 488d 5b01 | 4889 1c3e | 488b 8424 | 3801 0000 | 0f84 af00 | 0000 8b70 
  0x000001ccbca7a938: 0c41 8b78 

  0x000001ccbca7a93c: ;   {metadata(method data for {method} {0x000001cd1905e190} 'mDy' '()Ljava/io/ByteArrayInputStream;' in 'ui/views/waveform/executive/a')}
  0x000001ccbca7a93c: 0c3b f748 | be80 70d8 | 3ccd 0100 | 0048 bf28 | 0200 0000 | 0000 000f | 850a 0000 | 0048 bf38 
  0x000001ccbca7a95c: 0200 0000 | 0000 0048 | 8b1c 3e48 | 8d5b 0148 | 891c 3e0f | 8570 0000 

  0x000001ccbca7a974: ;   {metadata(method data for {method} {0x000001cd1905e190} 'mDy' '()Ljava/io/ByteArrayInputStream;' in 'ui/views/waveform/executive/a')}
  0x000001ccbca7a974: 0048 be80 | 70d8 3ccd | 0100 0048 | 8386 4802 | 0000 0148 | 8bd0 0f1f 

  0x000001ccbca7a98c: ;   {static_call}
  0x000001ccbca7a98c: 4400 00e8 

  0x000001ccbca7a990: ; ImmutableOopMap {[296]=Oop [312]=Oop }
                      ;*invokestatic equals {reexecute=0 rethrow=0 return_oop=0}
                      ; - ui.views.waveform.executive.a::mDy@85 (line 508)
  0x000001ccbca7a990: 0cb1 e707 

  0x000001ccbca7a994: ;   {other}
  0x000001ccbca7a994: 0f1f 8400 | 0407 0002 

  0x000001ccbca7a99c: ;   {metadata(method data for {method} {0x000001cd1905e190} 'mDy' '()Ljava/io/ByteArrayInputStream;' in 'ui/views/waveform/executive/a')}
  0x000001ccbca7a99c: 83f8 0048 | be80 70d8 | 3ccd 0100 | 0048 bf68 | 0200 0000 | 0000 000f | 850a 0000 | 0048 bf58 
  0x000001ccbca7a9bc: 0200 0000 | 0000 0048 | 8b1c 3e48 | 8d5b 0148 | 891c 3e0f | 8555 1000 | 0048 8b84 | 2438 0100 
  0x000001ccbca7a9dc: 0048 8b94 | 2428 0100 | 0041 0fbe | 7f40 83ff | 000f 8517 | 1200 004c | 8bd0 49c1 | ea03 4489 
  0x000001ccbca7a9fc: 5220 488b | fa48 33f8 | 48c1 ef16 | 4883 ff00 | 0f85 1712 

  0x000001ccbca7aa10: ;   {metadata(method data for {method} {0x000001cd1905e190} 'mDy' '()Ljava/io/ByteArrayInputStream;' in 'ui/views/waveform/executive/a')}
  0x000001ccbca7aa10: 0000 48bf | 8070 d83c | cd01 0000 | 4883 8778 | 0200 0001 

  0x000001ccbca7aa24: ;   {metadata(method data for {method} {0x000001cd176931b8} 'gnK' '()J' in 'ui/utils/s/d')}
  0x000001ccbca7aa24: 48bf b01f | 0719 cd01 | 0000 8b9f | cc00 0000 | 83c3 0289 | 9fcc 0000 | 0081 e3fe | ff1f 0083 
  0x000001ccbca7aa44: fb00 0f84 | f511 0000 

  0x000001ccbca7aa4c: ;   {metadata(method data for {method} {0x000001cd176931b8} 'gnK' '()J' in 'ui/utils/s/d')}
  0x000001ccbca7aa4c: 48bf b01f | 0719 cd01 | 0000 4883 | 8710 0100 

  0x000001ccbca7aa5c: ;   {runtime_call}
  0x000001ccbca7aa5c: 0001 48b8 | 4023 1f21 | fa7f 0000 

  0x000001ccbca7aa68: ;   {other}
  0x000001ccbca7aa68: ffd0 0f1f | 8400 0000 | 0000 488b | 9424 3001 | 0000 482b | c248 8984 | 2440 0100 

  0x000001ccbca7aa84: ;   {metadata(method data for {method} {0x000001ccd60aff60} 'linkToTargetMethod' '(JLjava/lang/Object;)Ljava/lang/Object;' in 'java/lang/invoke/Invokers$Holder')}
  0x000001ccbca7aa84: 0048 ba68 | beb3 3ccd | 0100 0048 | 8d92 f801 

  0x000001ccbca7aa94: ;   {oop(a 'java/lang/invoke/BoundMethodHandle$Species_LLLL'{0x0000000682a12cc8})}
  0x000001ccbca7aa94: 0000 48be | c82c a182 | 0600 0000 | 488b fe48 | 85ff 7504 | 4883 0a01 

  0x000001ccbca7aaac: ;   {metadata(method data for {method} {0x000001cd1905e190} 'mDy' '()Ljava/io/ByteArrayInputStream;' in 'ui/views/waveform/executive/a')}
  0x000001ccbca7aaac: 48ba 8070 | d83c cd01 | 0000 4883 | 8288 0200 

  0x000001ccbca7aabc: ;   {metadata(method data for {method} {0x000001ccd60aff60} 'linkToTargetMethod' '(JLjava/lang/Object;)Ljava/lang/Object;' in 'java/lang/invoke/Invokers$Holder')}
  0x000001ccbca7aabc: 0001 48ba | 68be b33c | cd01 0000 | 8bba cc00 | 0000 83c7 | 0289 bacc | 0000 0081 | e7fe ff1f 
  0x000001ccbca7aadc: 0083 ff00 | 0f84 7c11 

  0x000001ccbca7aae4: ;   {metadata(method data for {method} {0x000001cd3c042348} 'invoke' '(Ljava/lang/Object;J)Ljava/lang/Object;' in 'java/lang/invoke/LambdaForm$MH+0x000001ccd7ae0400')}
  0x000001ccbca7aae4: 0000 48ba | 0020 ad3c | cd01 0000 | 488d 92b8 | 0300 0048 | 85f6 7504 | 4883 0a01 

  0x000001ccbca7ab00: ;   {metadata(method data for {method} {0x000001ccd60aff60} 'linkToTargetMethod' '(JLjava/lang/Object;)Ljava/lang/Object;' in 'java/lang/invoke/Invokers$Holder')}
  0x000001ccbca7ab00: 48ba 68be | b33c cd01 | 0000 4883 | 8248 0100 

  0x000001ccbca7ab10: ;   {metadata(method data for {method} {0x000001cd3c042348} 'invoke' '(Ljava/lang/Object;J)Ljava/lang/Object;' in 'java/lang/invoke/LambdaForm$MH+0x000001ccd7ae0400')}
  0x000001ccbca7ab10: 0001 48ba | 0020 ad3c | cd01 0000 | 8bb2 cc00 | 0000 83c6 | 0289 b2cc | 0000 0081 | e6fe ff1f 
  0x000001ccbca7ab30: 0083 fe00 | 0f84 4911 

  0x000001ccbca7ab38: ;   {metadata(method data for {method} {0x000001cd3c041aa0} 'invoke' '(Ljava/lang/Object;J)J' in 'java/lang/invoke/LambdaForm$MH+0x000001ccd7ae0000')}
  0x000001ccbca7ab38: 0000 48ba | 001d 043c | cd01 0000 | 488d 9220 

  0x000001ccbca7ab48: ;   {oop(a 'java/lang/invoke/BoundMethodHandle$Species_LJ'{0x0000000682a12db0})}
  0x000001ccbca7ab48: 0200 0048 | beb0 2da1 | 8206 0000 | 0048 85f6 | 7504 4883 

  0x000001ccbca7ab5c: ;   {metadata(method data for {method} {0x000001cd3c042348} 'invoke' '(Ljava/lang/Object;J)Ljava/lang/Object;' in 'java/lang/invoke/LambdaForm$MH+0x000001ccd7ae0400')}
  0x000001ccbca7ab5c: 0a01 48ba | 0020 ad3c | cd01 0000 | 4883 8280 | 0100 0001 

  0x000001ccbca7ab70: ;   {metadata(method data for {method} {0x000001cd3c041aa0} 'invoke' '(Ljava/lang/Object;J)J' in 'java/lang/invoke/LambdaForm$MH+0x000001ccd7ae0000')}
  0x000001ccbca7ab70: 48ba 001d | 043c cd01 | 0000 8bb2 | cc00 0000 | 83c6 0289 | b2cc 0000 | 0081 e6fe | ff1f 0083 
  0x000001ccbca7ab90: fe00 0f84 | 0c11 0000 

  0x000001ccbca7ab98: ;   {metadata(method data for {method} {0x000001ccd60b4ff0} 'invokeStatic' '(Ljava/lang/Object;JJ)J' in 'java/lang/invoke/DirectMethodHandle$Holder')}
  0x000001ccbca7ab98: 48ba 68c0 | b33c cd01 | 0000 488d | 9218 0200 

  0x000001ccbca7aba8: ;   {oop(a 'java/lang/invoke/DirectMethodHandle'{0x000000068368a988})}
  0x000001ccbca7aba8: 0048 be88 | a968 8306 | 0000 0048 | 8bfe 4885 | ff75 0448 

  0x000001ccbca7abbc: ;   {metadata(method data for {method} {0x000001cd3c041aa0} 'invoke' '(Ljava/lang/Object;J)J' in 'java/lang/invoke/LambdaForm$MH+0x000001ccd7ae0000')}
  0x000001ccbca7abbc: 830a 0148 | ba00 1d04 | 3ccd 0100 | 0048 8382 | 8001 0000 

  0x000001ccbca7abd0: ;   {metadata(method data for {method} {0x000001ccd60b4ff0} 'invokeStatic' '(Ljava/lang/Object;JJ)J' in 'java/lang/invoke/DirectMethodHandle$Holder')}
  0x000001ccbca7abd0: 0148 ba68 | c0b3 3ccd | 0100 008b | bacc 0000 | 0083 c702 | 89ba cc00 | 0000 81e7 | feff 1f00 
  0x000001ccbca7abf0: 83ff 000f | 84cc 1000 

  0x000001ccbca7abf8: ;   {metadata(method data for {method} {0x000001ccd60b4ff0} 'invokeStatic' '(Ljava/lang/Object;JJ)J' in 'java/lang/invoke/DirectMethodHandle$Holder')}
  0x000001ccbca7abf8: 0048 ba68 | c0b3 3ccd | 0100 0048 | 8d92 2001 | 0000 4885 | f675 0548 | 834a 0801 

  0x000001ccbca7ac14: ;   {metadata(method data for {method} {0x000001ccd60b4ff0} 'invokeStatic' '(Ljava/lang/Object;JJ)J' in 'java/lang/invoke/DirectMethodHandle$Holder')}
  0x000001ccbca7ac14: 48ba 68c0 | b33c cd01 | 0000 4883 | 8210 0100 

  0x000001ccbca7ac24: ;   {metadata(method data for {method} {0x000001ccd60a3038} 'internalMemberName' '(Ljava/lang/Object;)Ljava/lang/Object;' in 'java/lang/invoke/DirectMethodHandle')}
  0x000001ccbca7ac24: 0001 48ba | 58ce 2317 | cd01 0000 | 8bb2 cc00 | 0000 83c6 | 0289 b2cc | 0000 0081 | e6fe ff1f 
  0x000001ccbca7ac44: 0083 fe00 | 0f84 9810 

  0x000001ccbca7ac4c: ;   {metadata(method data for {method} {0x000001ccd60b4ff0} 'invokeStatic' '(Ljava/lang/Object;JJ)J' in 'java/lang/invoke/DirectMethodHandle$Holder')}
  0x000001ccbca7ac4c: 0000 48ba | 68c0 b33c | cd01 0000 | 488d 9230 

  0x000001ccbca7ac5c: ;   {oop(a 'java/lang/invoke/MemberName'{0x000000068368a9b0} = {method} {0x000001ccd6424ef8} 'mix' '(JJ)J' in 'java/lang/StringConcatHelper')}
  0x000001ccbca7ac5c: 0100 0048 | beb0 a968 | 8306 0000 | 0048 85f6 | 7504 4883 

  0x000001ccbca7ac70: ;   {metadata(method data for {method} {0x000001ccd60b4ff0} 'invokeStatic' '(Ljava/lang/Object;JJ)J' in 'java/lang/invoke/DirectMethodHandle$Holder')}
  0x000001ccbca7ac70: 0a01 48ba | 68c0 b33c | cd01 0000 | 4883 8278 | 0100 0001 

  0x000001ccbca7ac84: ;   {metadata(method data for {method} {0x000001ccd6424ef8} 'mix' '(JJ)J' in 'java/lang/StringConcatHelper')}
  0x000001ccbca7ac84: 48ba 88c2 | b33c cd01 | 0000 8bb2 | cc00 0000 | 83c6 0289 | b2cc 0000 | 0081 e6fe | ff1f 0083 
  0x000001ccbca7aca4: fe00 0f84 | 5b10 0000 

  0x000001ccbca7acac: ;   {metadata(method data for {method} {0x000001ccd6424ef8} 'mix' '(JJ)J' in 'java/lang/StringConcatHelper')}
  0x000001ccbca7acac: 48ba 88c2 | b33c cd01 | 0000 4883 | 8210 0100 | 0001 488b | d066 0f1f 

  0x000001ccbca7acc4: ;   {static_call}
  0x000001ccbca7acc4: 4400 00e8 

  0x000001ccbca7acc8: ; ImmutableOopMap {[312]=Oop }
                      ;*invokestatic stringSize {reexecute=0 rethrow=0 return_oop=0}
                      ; - java.lang.StringConcatHelper::mix@2 (line 112)
                      ; - java.lang.invoke.DirectMethodHandle$Holder::invokeStatic@13
                      ; - java.lang.invoke.LambdaForm$MH/0x000001ccd7ae0000::invoke@23
                      ; - java.lang.invoke.LambdaForm$MH/0x000001ccd7ae0400::invoke@15
                      ; - java.lang.invoke.Invokers$Holder::linkToTargetMethod@5
                      ; - ui.views.waveform.executive.a::mDy@104 (line 513)
  0x000001ccbca7acc8: d434 bf08 

  0x000001ccbca7accc: ;   {other}
  0x000001ccbca7accc: 0f1f 8400 | 3c0a 0003 | 4863 c048 | b923 0000 | 0000 0000 | 0048 03c1 | 4889 8424 | 4801 0000 
  0x000001ccbca7acec: ;   {metadata(method data for {method} {0x000001ccd6424ef8} 'mix' '(JJ)J' in 'java/lang/StringConcatHelper')}
  0x000001ccbca7acec: 48b9 88c2 | b33c cd01 | 0000 4883 | 8120 0100 

  0x000001ccbca7acfc: ;   {metadata(method data for {method} {0x000001ccd6424920} 'checkOverflow' '(J)J' in 'java/lang/StringConcatHelper')}
  0x000001ccbca7acfc: 0001 48b9 | 181e 2317 | cd01 0000 | 448b 81cc | 0000 0041 | 83c0 0244 | 8981 cc00 | 0000 4181 
  0x000001ccbca7ad1c: e0fe ff1f | 0041 83f8 | 000f 84fd | 0f00 008b | f083 fe00 

  0x000001ccbca7ad30: ;   {metadata(method data for {method} {0x000001ccd6424920} 'checkOverflow' '(J)J' in 'java/lang/StringConcatHelper')}
  0x000001ccbca7ad30: 48b9 181e | 2317 cd01 | 0000 49b8 | 1001 0000 | 0000 0000 | 0f8c 0a00 | 0000 49b8 | 2001 0000 
  0x000001ccbca7ad50: 0000 0000 | 4e8b 0c01 | 4d8d 4901 | 4e89 0c01 | 0f8c b30d 

  0x000001ccbca7ad64: ;   {metadata(method data for {method} {0x000001cd17470e90} 'invoke' '(Ljava/lang/Object;J)Ljava/lang/Object;' in 'java/lang/invoke/LambdaForm$MH+0x000001ccd7010c00')}
  0x000001ccbca7ad64: 0000 48b9 | 0811 4717 | cd01 0000 | 488d 8940 

  0x000001ccbca7ad74: ;   {oop(a 'java/lang/invoke/BoundMethodHandle$Species_LL'{0x0000000682a12d70})}
  0x000001ccbca7ad74: 0200 0049 | b870 2da1 | 8206 0000 | 004d 85c0 | 7504 4883 

  0x000001ccbca7ad88: ;   {metadata(method data for {method} {0x000001cd3c042348} 'invoke' '(Ljava/lang/Object;J)Ljava/lang/Object;' in 'java/lang/invoke/LambdaForm$MH+0x000001ccd7ae0400')}
  0x000001ccbca7ad88: 0901 48b9 | 0020 ad3c | cd01 0000 | 4883 81f0 | 0100 0001 

  0x000001ccbca7ad9c: ;   {metadata(method data for {method} {0x000001cd17470e90} 'invoke' '(Ljava/lang/Object;J)Ljava/lang/Object;' in 'java/lang/invoke/LambdaForm$MH+0x000001ccd7010c00')}
  0x000001ccbca7ad9c: 48b9 0811 | 4717 cd01 | 0000 448b | 81cc 0000 | 0041 83c0 | 0244 8981 | cc00 0000 | 4181 e0fe 
  0x000001ccbca7adbc: ff1f 0041 | 83f8 000f | 8480 0f00 

  0x000001ccbca7adc8: ;   {metadata(method data for {method} {0x000001cd17470e90} 'invoke' '(Ljava/lang/Object;J)Ljava/lang/Object;' in 'java/lang/invoke/LambdaForm$MH+0x000001ccd7010c00')}
  0x000001ccbca7adc8: 0048 b908 | 1147 17cd | 0100 0048 | 8d89 b801 

  0x000001ccbca7add8: ;   {oop(" ms"{0x0000000682a12d98})}
  0x000001ccbca7add8: 0000 49b8 | 982d a182 | 0600 0000 | 4d8b c84d | 85c9 7505 | 4883 4908 

  0x000001ccbca7adf0: ;   {metadata(method data for {method} {0x000001ccd60b4390} 'invokeStatic' '(Ljava/lang/Object;Ljava/lang/Object;J)Ljava/lang/Object;' in 'java/lang/invoke/DirectMethodHandle$Holder')}
  0x000001ccbca7adf0: 0148 b918 | 1ba1 17cd | 0100 0048 | 8d89 2802 

  0x000001ccbca7ae00: ;   {oop(a 'java/lang/invoke/DirectMethodHandle'{0x0000000682162ff0})}
  0x000001ccbca7ae00: 0000 49b9 | f02f 1682 | 0600 0000 | 498b d148 | 85d2 7504 | 4883 0901 | 498b d048 | 85d2 7505 
  0x000001ccbca7ae20: 4883 4910 

  0x000001ccbca7ae24: ;   {metadata(method data for {method} {0x000001cd17470e90} 'invoke' '(Ljava/lang/Object;J)Ljava/lang/Object;' in 'java/lang/invoke/LambdaForm$MH+0x000001ccd7010c00')}
  0x000001ccbca7ae24: 0148 b908 | 1147 17cd | 0100 0048 | 8381 8001 

  0x000001ccbca7ae34: ;   {metadata(method data for {method} {0x000001ccd60b4390} 'invokeStatic' '(Ljava/lang/Object;Ljava/lang/Object;J)Ljava/lang/Object;' in 'java/lang/invoke/DirectMethodHandle$Holder')}
  0x000001ccbca7ae34: 0000 0148 | b918 1ba1 | 17cd 0100 | 008b 91cc | 0000 0083 | c202 8991 | cc00 0000 | 81e2 feff 
  0x000001ccbca7ae54: 1f00 83fa | 000f 840b 

  0x000001ccbca7ae5c: ;   {metadata(method data for {method} {0x000001ccd60b4390} 'invokeStatic' '(Ljava/lang/Object;Ljava/lang/Object;J)Ljava/lang/Object;' in 'java/lang/invoke/DirectMethodHandle$Holder')}
  0x000001ccbca7ae5c: 0f00 0048 | b918 1ba1 | 17cd 0100 | 0048 8d89 | 2001 0000 | 4d85 c975 | 0548 8349 

  0x000001ccbca7ae78: ;   {metadata(method data for {method} {0x000001ccd60b4390} 'invokeStatic' '(Ljava/lang/Object;Ljava/lang/Object;J)Ljava/lang/Object;' in 'java/lang/invoke/DirectMethodHandle$Holder')}
  0x000001ccbca7ae78: 0801 48b9 | 181b a117 | cd01 0000 | 4883 8110 | 0100 0001 

  0x000001ccbca7ae8c: ;   {metadata(method data for {method} {0x000001ccd60a3038} 'internalMemberName' '(Ljava/lang/Object;)Ljava/lang/Object;' in 'java/lang/invoke/DirectMethodHandle')}
  0x000001ccbca7ae8c: 48b9 58ce | 2317 cd01 | 0000 448b | 89cc 0000 | 0041 83c1 | 0244 8989 | cc00 0000 | 4181 e1fe 
  0x000001ccbca7aeac: ff1f 0041 | 83f9 000f | 84d2 0e00 

  0x000001ccbca7aeb8: ;   {metadata(method data for {method} {0x000001ccd60b4390} 'invokeStatic' '(Ljava/lang/Object;Ljava/lang/Object;J)Ljava/lang/Object;' in 'java/lang/invoke/DirectMethodHandle$Holder')}
  0x000001ccbca7aeb8: 0048 b918 | 1ba1 17cd | 0100 0048 | 8d89 3001 

  0x000001ccbca7aec8: ;   {oop(a 'java/lang/invoke/MemberName'{0x0000000682163058} = {method} {0x000001ccd6424818} 'newArrayWithSuffix' '(Ljava/lang/String;J)[B' in 'java/lang/StringConcatHelper')}
  0x000001ccbca7aec8: 0000 49b9 | 5830 1682 | 0600 0000 | 4d85 c975 | 0448 8309 

  0x000001ccbca7aedc: ;   {metadata(method data for {method} {0x000001ccd60b4390} 'invokeStatic' '(Ljava/lang/Object;Ljava/lang/Object;J)Ljava/lang/Object;' in 'java/lang/invoke/DirectMethodHandle$Holder')}
  0x000001ccbca7aedc: 0148 b918 | 1ba1 17cd | 0100 0048 | 8d89 8801 | 0000 4d8b | c84d 85c9 | 7505 4883 

  0x000001ccbca7aef8: ;   {metadata(method data for {method} {0x000001ccd60b4390} 'invokeStatic' '(Ljava/lang/Object;Ljava/lang/Object;J)Ljava/lang/Object;' in 'java/lang/invoke/DirectMethodHandle$Holder')}
  0x000001ccbca7aef8: 4908 0148 | b918 1ba1 | 17cd 0100 | 0048 8381 | 7801 0000 

  0x000001ccbca7af0c: ;   {metadata(method data for {method} {0x000001ccd6424818} 'newArrayWithSuffix' '(Ljava/lang/String;J)[B' in 'java/lang/StringConcatHelper')}
  0x000001ccbca7af0c: 0148 b9b8 | 9e2b 19cd | 0100 0044 | 8b89 cc00 | 0000 4183 | c102 4489 | 89cc 0000 | 0041 81e1 
  0x000001ccbca7af2c: feff 1f00 | 4183 f900 | 0f84 720e | 0000 498b 

  0x000001ccbca7af3c: ;   {metadata(method data for {method} {0x000001ccd6424818} 'newArrayWithSuffix' '(Ljava/lang/String;J)[B' in 'java/lang/StringConcatHelper')}
  0x000001ccbca7af3c: c849 b9b8 | 9e2b 19cd | 0100 0049 | 8381 1001 

  0x000001ccbca7af4c: ;   {metadata(method data for {method} {0x000001ccd600eee0} 'length' '()I' in 'java/lang/String')}
  0x000001ccbca7af4c: 0000 0148 | b9b0 1f01 | 17cd 0100 | 0044 8b89 | cc00 0000 | 4183 c102 | 4489 89cc | 0000 0041 
  0x000001ccbca7af6c: 81e1 feff | 1f00 4183 | f900 0f84 | 510e 0000 

  0x000001ccbca7af7c: ;   {metadata(method data for {method} {0x000001ccd600eee0} 'length' '()I' in 'java/lang/String')}
  0x000001ccbca7af7c: 48b9 b01f | 0117 cd01 | 0000 4883 | 8110 0100 

  0x000001ccbca7af8c: ;   {metadata(method data for {method} {0x000001ccd645a188} 'coder' '()B' in 'java/lang/String')}
  0x000001ccbca7af8c: 0001 48b9 | 18ec 0017 | cd01 0000 | 448b 81cc | 0000 0041 | 83c0 0244 | 8981 cc00 | 0000 4181 
  0x000001ccbca7afac: e0fe ff1f | 0041 83f8 | 000f 8433 

  0x000001ccbca7afb8: ;   {metadata(method data for {method} {0x000001ccd645a188} 'coder' '()B' in 'java/lang/String')}
  0x000001ccbca7afb8: 0e00 0048 | b918 ec00 | 17cd 0100 | 00ff 8120 

  0x000001ccbca7afc8: ;   {metadata(method data for {method} {0x000001ccd645a188} 'coder' '()B' in 'java/lang/String')}
  0x000001ccbca7afc8: 0100 0048 | b918 ec00 | 17cd 0100 | 00ff 8130 | 0100 004c | 8bc0 49ba | 0300 0000 | 0000 0000 
  0x000001ccbca7afe8: ;   {metadata(method data for {method} {0x000001ccd6424818} 'newArrayWithSuffix' '(Ljava/lang/String;J)[B' in 'java/lang/StringConcatHelper')}
  0x000001ccbca7afe8: 4d03 c248 | b9b8 9e2b | 19cd 0100 | 0048 8381 | 4801 0000 

  0x000001ccbca7affc: ;   {metadata(method data for {method} {0x000001ccd6425160} 'newArray' '(J)[B' in 'java/lang/StringConcatHelper')}
  0x000001ccbca7affc: 0148 b948 | b404 17cd | 0100 0044 | 8b89 cc00 | 0000 4183 | c102 4489 | 89cc 0000 | 0041 81e1 
  0x000001ccbca7b01c: feff 1f00 | 4183 f900 | 0f84 e50d | 0000 b920 | 0000 004d | 8bc8 49d3 | f945 8bc9 | 450f bec9 
  0x000001ccbca7b03c: 458b c049 | 8bc9 4d8b | c841 d3e1 | 4183 f900 

  0x000001ccbca7b04c: ;   {metadata(method data for {method} {0x000001ccd6425160} 'newArray' '(J)[B' in 'java/lang/StringConcatHelper')}
  0x000001ccbca7b04c: 49b8 48b4 | 0417 cd01 | 0000 48ba | 2001 0000 | 0000 0000 | 0f8c 0a00 | 0000 48ba | 1001 0000 
  0x000001ccbca7b06c: 0000 0000 | 498b 3c10 | 488d 7f01 | 4989 3c10 | 0f8c f509 | 0000 89b4 | 2450 0100 

  0x000001ccbca7b088: ;   {oop(a 'jdk/internal/misc/Unsafe'{0x000000068202f7d8})}
  0x000001ccbca7b088: 0048 bad8 | f702 8206 | 0000 004c 

  0x000001ccbca7b094: ;   {metadata(method data for {method} {0x000001ccd6425160} 'newArray' '(J)[B' in 'java/lang/StringConcatHelper')}
  0x000001ccbca7b094: 8bc2 48bf | 48b4 0417 | cd01 0000 | 4883 8740 | 0100 0001 

  0x000001ccbca7b0a8: ;   {oop(a 'java/lang/Class'{0x000000068206cd08} = byte)}
  0x000001ccbca7b0a8: 49b8 08cd | 0682 0600 | 0000 0f1f 

  0x000001ccbca7b0b4: ;   {optimized virtual_call}
  0x000001ccbca7b0b4: 4400 00e8 

  0x000001ccbca7b0b8: ; ImmutableOopMap {[312]=Oop }
                      ;*invokevirtual allocateUninitializedArray {reexecute=0 rethrow=0 return_oop=0}
                      ; - java.lang.StringConcatHelper::newArray@33 (line 511)
                      ; - java.lang.StringConcatHelper::newArrayWithSuffix@7 (line 489)
                      ; - java.lang.invoke.DirectMethodHandle$Holder::invokeStatic@13
                      ; - java.lang.invoke.LambdaForm$MH/0x000001ccd7010c00::invoke@23
                      ; - java.lang.invoke.LambdaForm$MH/0x000001ccd7ae0400::invoke@33
                      ; - java.lang.invoke.Invokers$Holder::linkToTargetMethod@5
                      ; - ui.views.waveform.executive.a::mDy@104 (line 513)
  0x000001ccbca7b0b8: 8417 b407 

  0x000001ccbca7b0bc: ;   {other}
  0x000001ccbca7b0bc: 0f1f 8400 | 2c0e 0004 | 4883 f800 

  0x000001ccbca7b0c8: ;   {metadata(method data for {method} {0x000001ccd6425160} 'newArray' '(J)[B' in 'java/lang/StringConcatHelper')}
  0x000001ccbca7b0c8: 7517 49b9 | 48b4 0417 | cd01 0000 | 4180 8971 | 0100 0001 | e9ce 0000 

  0x000001ccbca7b0e0: ;   {metadata({type array byte})}
  0x000001ccbca7b0e0: 0048 bfc0 | 2200 d6cc | 0100 0044 | 8b48 0849 | ba00 0000 | d6cc 0100 | 004d 03ca | 493b 7938 
  0x000001ccbca7b100: 0f85 8d00 

  0x000001ccbca7b104: ;   {metadata(method data for {method} {0x000001ccd6425160} 'newArray' '(J)[B' in 'java/lang/StringConcatHelper')}
  0x000001ccbca7b104: 0000 49b9 | 48b4 0417 | cd01 0000 | 8b78 0849 | ba00 0000 | d6cc 0100 | 0049 03fa | 493b b988 
  0x000001ccbca7b124: 0100 0075 | 0d49 8381 | 9001 0000 | 01e9 7900 | 0000 493b | b998 0100 | 0075 0d49 | 8381 a001 
  0x000001ccbca7b144: 0000 01e9 | 6300 0000 | 4983 b988 | 0100 0000 | 7517 4989 | b988 0100 | 0049 c781 | 9001 0000 
  0x000001ccbca7b164: 0100 0000 | e942 0000 | 0049 83b9 | 9801 0000 | 0075 1749 | 89b9 9801 | 0000 49c7 | 81a0 0100 
  0x000001ccbca7b184: 0001 0000 | 00e9 2100 | 0000 e91c 

  0x000001ccbca7b190: ;   {metadata(method data for {method} {0x000001ccd6425160} 'newArray' '(J)[B' in 'java/lang/StringConcatHelper')}
  0x000001ccbca7b190: 0000 0049 | b948 b404 | 17cd 0100 | 0049 83a9 | 7801 0000 | 01e9 860c | 0000 e900 | 0000 0048 
  0x000001ccbca7b1b0: 8bf0 4889 | b424 5801 | 0000 488b | 8424 4801 | 0000 49b8 | 0000 0000 | 0100 0000 

  0x000001ccbca7b1cc: ;   {metadata(method data for {method} {0x000001ccd6424818} 'newArrayWithSuffix' '(Ljava/lang/String;J)[B' in 'java/lang/StringConcatHelper')}
  0x000001ccbca7b1cc: 493b c049 | b8b8 9e2b | 19cd 0100 | 0049 b958 | 0100 0000 | 0000 000f | 8d0a 0000 | 0049 b968 
  0x000001ccbca7b1ec: 0100 0000 | 0000 004b | 8b3c 0848 | 8d7f 014b | 893c 080f | 8d55 0000 

  0x000001ccbca7b204: ;   {oop(" ms"{0x0000000682a12d98})}
  0x000001ccbca7b204: 0048 ba98 | 2da1 8206 | 0000 004c 

  0x000001ccbca7b210: ;   {metadata(method data for {method} {0x000001ccd6424818} 'newArrayWithSuffix' '(Ljava/lang/String;J)[B' in 'java/lang/StringConcatHelper')}
  0x000001ccbca7b210: 8bc2 49b9 | b89e 2b19 | cd01 0000 | 4983 8178 | 0100 0001 | 4c8b c644 | 8b8c 2450 | 0100 00bf 
  0x000001ccbca7b230: 0000 0000 

  0x000001ccbca7b234: ;   {optimized virtual_call}
  0x000001ccbca7b234: 6666 90e8 

  0x000001ccbca7b238: ; ImmutableOopMap {[312]=Oop [344]=Oop }
                      ;*invokevirtual getBytes {reexecute=0 rethrow=0 return_oop=0}
                      ; - java.lang.StringConcatHelper::newArrayWithSuffix@24 (line 491)
                      ; - java.lang.invoke.DirectMethodHandle$Holder::invokeStatic@13
                      ; - java.lang.invoke.LambdaForm$MH/0x000001ccd7010c00::invoke@23
                      ; - java.lang.invoke.LambdaForm$MH/0x000001ccd7ae0400::invoke@33
                      ; - java.lang.invoke.Invokers$Holder::linkToTargetMethod@5
                      ; - ui.views.waveform.executive.a::mDy@104 (line 513)
  0x000001ccbca7b238: 8464 c407 

  0x000001ccbca7b23c: ;   {other}
  0x000001ccbca7b23c: 0f1f 8400 | ac0f 0005 

  0x000001ccbca7b244: ;   {metadata(method data for {method} {0x000001ccd6424818} 'newArrayWithSuffix' '(Ljava/lang/String;J)[B' in 'java/lang/StringConcatHelper')}
  0x000001ccbca7b244: 49b8 b89e | 2b19 cd01 | 0000 41ff | 80b0 0100 | 00e9 4a00 | 0000 8bb4 | 2450 0100 

  0x000001ccbca7b260: ;   {oop(" ms"{0x0000000682a12d98})}
  0x000001ccbca7b260: 0048 ba98 | 2da1 8206 | 0000 004c 

  0x000001ccbca7b26c: ;   {metadata(method data for {method} {0x000001ccd6424818} 'newArrayWithSuffix' '(Ljava/lang/String;J)[B' in 'java/lang/StringConcatHelper')}
  0x000001ccbca7b26c: 8bc2 49b9 | b89e 2b19 | cd01 0000 | 4983 81c8 | 0100 0001 | 4c8b 8424 | 5801 0000 | 4c8b cebf 
  0x000001ccbca7b28c: 0100 0000 | 0f1f 8000 

  0x000001ccbca7b294: ;   {optimized virtual_call}
  0x000001ccbca7b294: 0000 00e8 

  0x000001ccbca7b298: ; ImmutableOopMap {[312]=Oop [344]=Oop }
                      ;*invokevirtual getBytes {reexecute=0 rethrow=0 return_oop=0}
                      ; - java.lang.StringConcatHelper::newArrayWithSuffix@35 (line 493)
                      ; - java.lang.invoke.DirectMethodHandle$Holder::invokeStatic@13
                      ; - java.lang.invoke.LambdaForm$MH/0x000001ccd7010c00::invoke@23
                      ; - java.lang.invoke.LambdaForm$MH/0x000001ccd7ae0400::invoke@33
                      ; - java.lang.invoke.Invokers$Holder::linkToTargetMethod@5
                      ; - ui.views.waveform.executive.a::mDy@104 (line 513)
  0x000001ccbca7b298: e43b 4f07 

  0x000001ccbca7b29c: ;   {other}
  0x000001ccbca7b29c: 0f1f 8400 | 0c10 0006 | 488b b424 | 5801 0000 

  0x000001ccbca7b2ac: ;   {metadata(method data for {method} {0x000001ccd60b4390} 'invokeStatic' '(Ljava/lang/Object;Ljava/lang/Object;J)Ljava/lang/Object;' in 'java/lang/invoke/DirectMethodHandle$Holder')}
  0x000001ccbca7b2ac: 48ba 181b | a117 cd01 | 0000 488d | 92a8 0100 | 004c 8bc6 | 4d85 c075 | 0448 830a 

  0x000001ccbca7b2c8: ;   {metadata(method data for {method} {0x000001cd17470e90} 'invoke' '(Ljava/lang/Object;J)Ljava/lang/Object;' in 'java/lang/invoke/LambdaForm$MH+0x000001ccd7010c00')}
  0x000001ccbca7b2c8: 0148 ba08 | 1147 17cd | 0100 0048 | 8d92 c801 | 0000 4c8b | c64d 85c0 | 7504 4883 

  0x000001ccbca7b2e4: ;   {metadata(method data for {method} {0x000001cd3c042348} 'invoke' '(Ljava/lang/Object;J)Ljava/lang/Object;' in 'java/lang/invoke/LambdaForm$MH+0x000001ccd7ae0400')}
  0x000001ccbca7b2e4: 0a01 48ba | 0020 ad3c | cd01 0000 | 488d 9228 | 0200 004c | 8bc6 4d85 | c075 0448 

  0x000001ccbca7b300: ;   {metadata(method data for {method} {0x000001cd3c042348} 'invoke' '(Ljava/lang/Object;J)Ljava/lang/Object;' in 'java/lang/invoke/LambdaForm$MH+0x000001ccd7ae0400')}
  0x000001ccbca7b300: 830a 0148 | ba00 20ad | 3ccd 0100 | 0048 8d92 | a802 0000 | 4c8b c64d | 85c0 7505 | 4883 4a08 
  0x000001ccbca7b320: ;   {metadata(method data for {method} {0x000001cd1a265a98} 'invoke' '(Ljava/lang/Object;JLjava/lang/Object;J)J' in 'java/lang/invoke/LambdaForm$MH+0x000001ccd77bd800')}
  0x000001ccbca7b320: 0148 baf8 | 5c26 1acd | 0100 0048 | 8d92 6002 

  0x000001ccbca7b330: ;   {oop(a 'java/lang/invoke/BoundMethodHandle$Species_LL'{0x0000000682a12cf8})}
  0x000001ccbca7b330: 0000 49b8 | f82c a182 | 0600 0000 | 4d85 c075 | 0448 830a | 014c 8bc6 | 4d85 c075 | 0548 834a 
  0x000001ccbca7b350: ;   {metadata(method data for {method} {0x000001cd3c042348} 'invoke' '(Ljava/lang/Object;J)Ljava/lang/Object;' in 'java/lang/invoke/LambdaForm$MH+0x000001ccd7ae0400')}
  0x000001ccbca7b350: 1001 48ba | 0020 ad3c | cd01 0000 | 4883 8270 | 0200 0001 

  0x000001ccbca7b364: ;   {metadata(method data for {method} {0x000001cd1a265a98} 'invoke' '(Ljava/lang/Object;JLjava/lang/Object;J)J' in 'java/lang/invoke/LambdaForm$MH+0x000001ccd77bd800')}
  0x000001ccbca7b364: 48ba f85c | 261a cd01 | 0000 448b | 82cc 0000 | 0041 83c0 | 0244 8982 | cc00 0000 | 4181 e0fe 
  0x000001ccbca7b384: ff1f 0041 | 83f8 000f | 84a8 0a00 

  0x000001ccbca7b390: ;   {metadata(method data for {method} {0x000001cd1a265a98} 'invoke' '(Ljava/lang/Object;JLjava/lang/Object;J)J' in 'java/lang/invoke/LambdaForm$MH+0x000001ccd77bd800')}
  0x000001ccbca7b390: 0048 baf8 | 5c26 1acd | 0100 0048 | 8d92 b801 | 0000 4c8b | c64d 85c0 | 7505 4883 

  0x000001ccbca7b3ac: ;   {metadata(method data for {method} {0x000001ccd60b4ee8} 'invokeStatic' '(Ljava/lang/Object;JLjava/lang/Object;JLjava/lang/Object;)J' in 'java/lang/invoke/DirectMethodHandle$Holder')}
  0x000001ccbca7b3ac: 4a08 0148 | ba10 c4b3 | 3ccd 0100 | 0048 8d92 | 3802 0000 

  0x000001ccbca7b3c0: ;   {oop(a 'java/lang/invoke/DirectMethodHandle'{0x000000068368a790})}
  0x000001ccbca7b3c0: 49b8 90a7 | 6883 0600 | 0000 4d8b | c84d 85c9 | 7504 4883 | 0a01 4c8b | ce4d 85c9 | 7505 4883 
  0x000001ccbca7b3e0: ;   {metadata(method data for {method} {0x000001cd1a265a98} 'invoke' '(Ljava/lang/Object;JLjava/lang/Object;J)J' in 'java/lang/invoke/LambdaForm$MH+0x000001ccd77bd800')}
  0x000001ccbca7b3e0: 4a10 0148 | baf8 5c26 | 1acd 0100 | 0048 8382 | 8001 0000 

  0x000001ccbca7b3f4: ;   {metadata(method data for {method} {0x000001ccd60b4ee8} 'invokeStatic' '(Ljava/lang/Object;JLjava/lang/Object;JLjava/lang/Object;)J' in 'java/lang/invoke/DirectMethodHandle$Holder')}
  0x000001ccbca7b3f4: 0148 ba10 | c4b3 3ccd | 0100 0044 | 8b8a cc00 | 0000 4183 | c102 4489 | 8acc 0000 | 0041 81e1 
  0x000001ccbca7b414: feff 1f00 | 4183 f900 | 0f84 380a 

  0x000001ccbca7b420: ;   {metadata(method data for {method} {0x000001ccd60b4ee8} 'invokeStatic' '(Ljava/lang/Object;JLjava/lang/Object;JLjava/lang/Object;)J' in 'java/lang/invoke/DirectMethodHandle$Holder')}
  0x000001ccbca7b420: 0000 48ba | 10c4 b33c | cd01 0000 | 488d 9220 | 0100 004d | 85c0 7505 | 4883 4a08 

  0x000001ccbca7b43c: ;   {metadata(method data for {method} {0x000001ccd60b4ee8} 'invokeStatic' '(Ljava/lang/Object;JLjava/lang/Object;JLjava/lang/Object;)J' in 'java/lang/invoke/DirectMethodHandle$Holder')}
  0x000001ccbca7b43c: 0148 ba10 | c4b3 3ccd | 0100 0048 | 8382 1001 

  0x000001ccbca7b44c: ;   {metadata(method data for {method} {0x000001ccd60a3038} 'internalMemberName' '(Ljava/lang/Object;)Ljava/lang/Object;' in 'java/lang/invoke/DirectMethodHandle')}
  0x000001ccbca7b44c: 0000 0148 | ba58 ce23 | 17cd 0100 | 0044 8b82 | cc00 0000 | 4183 c002 | 4489 82cc | 0000 0041 
  0x000001ccbca7b46c: 81e0 feff | 1f00 4183 | f800 0f84 | ff09 0000 

  0x000001ccbca7b47c: ;   {metadata(method data for {method} {0x000001ccd60b4ee8} 'invokeStatic' '(Ljava/lang/Object;JLjava/lang/Object;JLjava/lang/Object;)J' in 'java/lang/invoke/DirectMethodHandle$Holder')}
  0x000001ccbca7b47c: 48ba 10c4 | b33c cd01 | 0000 488d | 9230 0100 

  0x000001ccbca7b48c: ;   {oop(a 'java/lang/invoke/MemberName'{0x000000068368a800} = {method} {0x000001ccd6424d98} 'prepend' '(J[BJLjava/lang/String;)J' in 'java/lang/StringConcatHelper')}
  0x000001ccbca7b48c: 0048 bb00 | a868 8306 | 0000 004c | 8bc3 4d85 | c075 0448 

  0x000001ccbca7b4a0: ;   {metadata(method data for {method} {0x000001ccd60b4ee8} 'invokeStatic' '(Ljava/lang/Object;JLjava/lang/Object;JLjava/lang/Object;)J' in 'java/lang/invoke/DirectMethodHandle$Holder')}
  0x000001ccbca7b4a0: 830a 0148 | ba10 c4b3 | 3ccd 0100 | 0048 8d92 | 8801 0000 | 4c8b c64d | 85c0 7505 | 4883 4a08 
  0x000001ccbca7b4c0: ;   {oop("WaveformExecutive.getGraphicsData: "{0x0000000682a12d20})}
  0x000001ccbca7b4c0: 0148 bf20 | 2da1 8206 | 0000 004c | 8bc7 4d85 | c075 0548 | 834a 1801 

  0x000001ccbca7b4d8: ;   {metadata(method data for {method} {0x000001ccd60b4ee8} 'invokeStatic' '(Ljava/lang/Object;JLjava/lang/Object;JLjava/lang/Object;)J' in 'java/lang/invoke/DirectMethodHandle$Holder')}
  0x000001ccbca7b4d8: 48ba 10c4 | b33c cd01 | 0000 4883 | 8278 0100 | 0001 488b | 9424 4801 | 0000 4c8b | c64c 8b8c 
  0x000001ccbca7b4f8: 2440 0100 | 0048 8bf3 | 0f1f 8000 

  0x000001ccbca7b504: ;   {static_call}
  0x000001ccbca7b504: 0000 00e8 

  0x000001ccbca7b508: ; ImmutableOopMap {[312]=Oop [344]=Oop }
                      ;*invokestatic linkToStatic {reexecute=0 rethrow=0 return_oop=0}
                      ; - java.lang.invoke.DirectMethodHandle$Holder::invokeStatic@17
                      ; - java.lang.invoke.LambdaForm$MH/0x000001ccd77bd800::invoke@28
                      ; - java.lang.invoke.LambdaForm$MH/0x000001ccd7ae0400::invoke@54
                      ; - java.lang.invoke.Invokers$Holder::linkToTargetMethod@5
                      ; - ui.views.waveform.executive.a::mDy@104 (line 513)
  0x000001ccbca7b508: 7410 0208 

  0x000001ccbca7b50c: ;   {other}
  0x000001ccbca7b50c: 0f1f 8400 | 7c12 0007 

  0x000001ccbca7b514: ;   {metadata(method data for {method} {0x000001cd3c042348} 'invoke' '(Ljava/lang/Object;J)Ljava/lang/Object;' in 'java/lang/invoke/LambdaForm$MH+0x000001ccd7ae0400')}
  0x000001ccbca7b514: 48ba 0020 | ad3c cd01 | 0000 488d | 9230 0300 | 0048 8bb4 | 2458 0100 | 004c 8bc6 | 4d85 c075 
  0x000001ccbca7b534: 0548 834a 

  0x000001ccbca7b538: ;   {metadata(method data for {method} {0x000001ccd60b4390} 'invokeStatic' '(Ljava/lang/Object;Ljava/lang/Object;J)Ljava/lang/Object;' in 'java/lang/invoke/DirectMethodHandle$Holder')}
  0x000001ccbca7b538: 0801 48ba | 181b a117 | cd01 0000 | 488d 9228 

  0x000001ccbca7b548: ;   {oop(a 'java/lang/invoke/DirectMethodHandle'{0x0000000682162f08})}
  0x000001ccbca7b548: 0200 0049 | b808 2f16 | 8206 0000 | 004d 8bc8 | 4d85 c975 | 0448 830a | 014c 8bce | 4d85 c975 
  0x000001ccbca7b568: 0548 834a 

  0x000001ccbca7b56c: ;   {metadata(method data for {method} {0x000001cd3c042348} 'invoke' '(Ljava/lang/Object;J)Ljava/lang/Object;' in 'java/lang/invoke/LambdaForm$MH+0x000001ccd7ae0400')}
  0x000001ccbca7b56c: 1001 48ba | 0020 ad3c | cd01 0000 | 4883 82f8 | 0200 0001 

  0x000001ccbca7b580: ;   {metadata(method data for {method} {0x000001ccd60b4390} 'invokeStatic' '(Ljava/lang/Object;Ljava/lang/Object;J)Ljava/lang/Object;' in 'java/lang/invoke/DirectMethodHandle$Holder')}
  0x000001ccbca7b580: 48ba 181b | a117 cd01 | 0000 448b | 8acc 0000 | 0041 83c1 | 0244 898a | cc00 0000 | 4181 e1fe 
  0x000001ccbca7b5a0: ff1f 0041 | 83f9 000f | 84ef 0800 

  0x000001ccbca7b5ac: ;   {metadata(method data for {method} {0x000001ccd60b4390} 'invokeStatic' '(Ljava/lang/Object;Ljava/lang/Object;J)Ljava/lang/Object;' in 'java/lang/invoke/DirectMethodHandle$Holder')}
  0x000001ccbca7b5ac: 0048 ba18 | 1ba1 17cd | 0100 0048 | 8d92 2001 | 0000 4d85 | c075 0548 | 834a 0801 

  0x000001ccbca7b5c8: ;   {metadata(method data for {method} {0x000001ccd60b4390} 'invokeStatic' '(Ljava/lang/Object;Ljava/lang/Object;J)Ljava/lang/Object;' in 'java/lang/invoke/DirectMethodHandle$Holder')}
  0x000001ccbca7b5c8: 48ba 181b | a117 cd01 | 0000 4883 | 8210 0100 

  0x000001ccbca7b5d8: ;   {metadata(method data for {method} {0x000001ccd60a3038} 'internalMemberName' '(Ljava/lang/Object;)Ljava/lang/Object;' in 'java/lang/invoke/DirectMethodHandle')}
  0x000001ccbca7b5d8: 0001 48ba | 58ce 2317 | cd01 0000 | 448b 82cc | 0000 0041 | 83c0 0244 | 8982 cc00 | 0000 4181 
  0x000001ccbca7b5f8: e0fe ff1f | 0041 83f8 | 000f 84b6 

  0x000001ccbca7b604: ;   {metadata(method data for {method} {0x000001ccd60b4390} 'invokeStatic' '(Ljava/lang/Object;Ljava/lang/Object;J)Ljava/lang/Object;' in 'java/lang/invoke/DirectMethodHandle$Holder')}
  0x000001ccbca7b604: 0800 0048 | ba18 1ba1 | 17cd 0100 | 0048 8d92 | 3001 0000 

  0x000001ccbca7b618: ;   {oop(a 'java/lang/invoke/MemberName'{0x0000000682162f70} = {method} {0x000001ccd64250b0} 'newString' '([BJ)Ljava/lang/String;' in 'java/lang/StringConcatHelper')}
  0x000001ccbca7b618: 49b9 702f | 1682 0600 | 0000 4d8b | c14d 85c0 | 7504 4883 

  0x000001ccbca7b62c: ;   {metadata(method data for {method} {0x000001ccd60b4390} 'invokeStatic' '(Ljava/lang/Object;Ljava/lang/Object;J)Ljava/lang/Object;' in 'java/lang/invoke/DirectMethodHandle$Holder')}
  0x000001ccbca7b62c: 0a01 48ba | 181b a117 | cd01 0000 | 488d 9288 | 0100 004c | 8bc6 4d85 | c075 0548 | 834a 0801 
  0x000001ccbca7b64c: 4d8b c14d | 85c0 7505 | 4883 4a18 

  0x000001ccbca7b658: ;   {metadata(method data for {method} {0x000001ccd60b4390} 'invokeStatic' '(Ljava/lang/Object;Ljava/lang/Object;J)Ljava/lang/Object;' in 'java/lang/invoke/DirectMethodHandle$Holder')}
  0x000001ccbca7b658: 0148 ba18 | 1ba1 17cd | 0100 0048 | 8382 7801 | 0000 0148 | 8bd6 4c8b | c066 0f1f 

  0x000001ccbca7b674: ;   {static_call}
  0x000001ccbca7b674: 4400 00e8 

  0x000001ccbca7b678: ; ImmutableOopMap {[312]=Oop }
                      ;*invokestatic linkToStatic {reexecute=0 rethrow=0 return_oop=0}
                      ; - java.lang.invoke.DirectMethodHandle$Holder::invokeStatic@13
                      ; - java.lang.invoke.LambdaForm$MH/0x000001ccd7ae0400::invoke@74
                      ; - java.lang.invoke.Invokers$Holder::linkToTargetMethod@5
                      ; - ui.views.waveform.executive.a::mDy@104 (line 513)
  0x000001ccbca7b678: 0439 a607 

  0x000001ccbca7b67c: ;   {other}
  0x000001ccbca7b67c: 0f1f 8400 | ec13 0008 

  0x000001ccbca7b684: ;   {metadata(method data for {method} {0x000001ccd60b4390} 'invokeStatic' '(Ljava/lang/Object;Ljava/lang/Object;J)Ljava/lang/Object;' in 'java/lang/invoke/DirectMethodHandle$Holder')}
  0x000001ccbca7b684: 48ba 181b | a117 cd01 | 0000 488d | 92a8 0100 | 0048 8bf0 | 4885 f675 | 0448 830a 

  0x000001ccbca7b6a0: ;   {metadata(method data for {method} {0x000001cd3c042348} 'invoke' '(Ljava/lang/Object;J)Ljava/lang/Object;' in 'java/lang/invoke/LambdaForm$MH+0x000001ccd7ae0400')}
  0x000001ccbca7b6a0: 0148 ba00 | 20ad 3ccd | 0100 0048 | 8d92 4003 | 0000 488b | f048 85f6 | 7506 4883 | 0a01 eb26 
  0x000001ccbca7b6c0: 8b76 0849 | ba00 0000 | d6cc 0100 | 0049 03f2 | 4833 3248 | f7c6 fcff | ffff 740a | 40f6 c602 
  0x000001ccbca7b6e0: 7504 4883 

  0x000001ccbca7b6e4: ;   {metadata(method data for {method} {0x000001ccd60aff60} 'linkToTargetMethod' '(JLjava/lang/Object;)Ljava/lang/Object;' in 'java/lang/invoke/Invokers$Holder')}
  0x000001ccbca7b6e4: 0a02 48ba | 68be b33c | cd01 0000 | 488d 9280 | 0100 0048 | 8bf0 4885 | f675 0648 | 830a 01eb 
  0x000001ccbca7b704: 268b 7608 | 49ba 0000 | 00d6 cc01 | 0000 4903 | f248 3332 | 48f7 c6fc | ffff ff74 | 0a40 f6c6 
  0x000001ccbca7b724: 0275 0448 | 830a 02e9 | 3802 0000 | 498b 8700 | 0500 004d | 33d2 4d89 | 9700 0500 | 004d 33d2 
  0x000001ccbca7b744: 4d89 9708 | 0500 0048 

  0x000001ccbca7b74c: ;   {metadata(method data for {method} {0x000001cd1905e190} 'mDy' '()Ljava/io/ByteArrayInputStream;' in 'ui/views/waveform/executive/a')}
  0x000001ccbca7b74c: 8bd0 48be | 8070 d83c | cd01 0000 | 8b52 0849 | ba00 0000 | d6cc 0100 | 0049 03d2 | 483b 9678 
  0x000001ccbca7b76c: 0100 0075 | 0d48 8386 | 8001 0000 | 01e9 6000 | 0000 483b | 9688 0100 | 0075 0d48 | 8386 9001 
  0x000001ccbca7b78c: 0000 01e9 | 4a00 0000 | 4883 be78 | 0100 0000 | 7517 4889 | 9678 0100 | 0048 c786 | 8001 0000 
  0x000001ccbca7b7ac: 0100 0000 | e929 0000 | 0048 83be | 8801 0000 | 0075 1748 | 8996 8801 | 0000 48c7 | 8690 0100 
  0x000001ccbca7b7cc: 0001 0000 | 00e9 0800 | 0000 4883 | 8668 0100 | 0001 488b | d048 8984 | 2460 0100 | 000f 1f40 
  0x000001ccbca7b7ec: 0048 b8ff | ffff ffff 

  0x000001ccbca7b7f4: ;   {virtual_call}
  0x000001ccbca7b7f4: ffff ffe8 

  0x000001ccbca7b7f8: ; ImmutableOopMap {[352]=Oop }
                      ;*invokevirtual toString {reexecute=0 rethrow=0 return_oop=0}
                      ; - ui.views.waveform.executive.a::mDy@28 (line 498)
  0x000001ccbca7b7f8: 843b 4f07 

  0x000001ccbca7b7fc: ;   {other}
  0x000001ccbca7b7fc: 0f1f 8400 | 6c15 0009 

  0x000001ccbca7b804: ; implicit exception: dispatches to 0x000001ccbca7bede
  0x000001ccbca7b804: 483b 004c 

  0x000001ccbca7b808: ;   {metadata(method data for {method} {0x000001cd1905e190} 'mDy' '()Ljava/io/ByteArrayInputStream;' in 'ui/views/waveform/executive/a')}
  0x000001ccbca7b808: 8bc0 48ba | 8070 d83c | cd01 0000 | 4883 82a0 | 0100 0001 

  0x000001ccbca7b81c: ;   {metadata(method data for {method} {0x000001ccd6457ed0} 'contains' '(Ljava/lang/CharSequence;)Z' in 'java/lang/String')}
  0x000001ccbca7b81c: 49b8 18fc | 5f17 cd01 | 0000 418b | 90cc 0000 | 0083 c202 | 4189 90cc | 0000 0081 | e2fe ff1f 
  0x000001ccbca7b83c: 0083 fa00 | 0f84 9d06 

  0x000001ccbca7b844: ;   {oop("Unknown exception occurred"{0x00000006831f8298})}
  0x000001ccbca7b844: 0000 49b8 | 9882 1f83 | 0600 0000 

  0x000001ccbca7b850: ;   {metadata(method data for {method} {0x000001ccd6457ed0} 'contains' '(Ljava/lang/CharSequence;)Z' in 'java/lang/String')}
  0x000001ccbca7b850: 498b d048 | be18 fc5f | 17cd 0100 | 0048 8386 | 2801 0000 

  0x000001ccbca7b864: ;   {metadata(method data for {method} {0x000001ccd600ebd0} 'toString' '()Ljava/lang/String;' in 'java/lang/String')}
  0x000001ccbca7b864: 0148 bae8 | 1c23 17cd | 0100 008b | b2cc 0000 | 0083 c602 | 89b2 cc00 | 0000 81e6 | feff 1f00 
  0x000001ccbca7b884: 83fe 000f | 8477 0600 | 0048 8bd0 

  0x000001ccbca7b890: ;   {metadata(method data for {method} {0x000001ccd6457ed0} 'contains' '(Ljava/lang/CharSequence;)Z' in 'java/lang/String')}
  0x000001ccbca7b890: 48be 18fc | 5f17 cd01 | 0000 4883 | 8648 0100 | 0001 488b 

  0x000001ccbca7b8a4: ;   {optimized virtual_call}
  0x000001ccbca7b8a4: d066 90e8 

  0x000001ccbca7b8a8: ; ImmutableOopMap {[352]=Oop }
                      ;*invokevirtual indexOf {reexecute=0 rethrow=0 return_oop=0}
                      ; - java.lang.String::contains@7 (line 2977)
                      ; - ui.views.waveform.executive.a::mDy@33 (line 498)
  0x000001ccbca7b8a8: d435 4f07 

  0x000001ccbca7b8ac: ;   {other}
  0x000001ccbca7b8ac: 0f1f 8400 | 1c16 000a 

  0x000001ccbca7b8b4: ;   {metadata(method data for {method} {0x000001ccd6457ed0} 'contains' '(Ljava/lang/CharSequence;)Z' in 'java/lang/String')}
  0x000001ccbca7b8b4: 83f8 0048 | b818 fc5f | 17cd 0100 | 0048 ba80 | 0100 0000 | 0000 000f | 8c0a 0000 | 0048 ba90 
  0x000001ccbca7b8d4: 0100 0000 | 0000 0048 | 8b34 1048 | 8d76 0148 | 8934 100f | 8c1a 0000 

  0x000001ccbca7b8ec: ;   {metadata(method data for {method} {0x000001ccd6457ed0} 'contains' '(Ljava/lang/CharSequence;)Z' in 'java/lang/String')}
  0x000001ccbca7b8ec: 0048 b818 | fc5f 17cd | 0100 00ff | 80a0 0100 | 00b8 0100 | 0000 e905 | 0000 00b8 | 0000 0000 
  0x000001ccbca7b90c: 83e0 0183 

  0x000001ccbca7b910: ;   {metadata(method data for {method} {0x000001cd1905e190} 'mDy' '()Ljava/io/ByteArrayInputStream;' in 'ui/views/waveform/executive/a')}
  0x000001ccbca7b910: f800 48b8 | 8070 d83c | cd01 0000 | 48ba d801 | 0000 0000 | 0000 0f84 | 0a00 0000 | 48ba e801 
  0x000001ccbca7b930: 0000 0000 | 0000 488b | 3410 488d | 7601 4889 | 3410 0f84 | 2201 0000 

  0x000001ccbca7b948: ;   {oop(nullptr)}
  0x000001ccbca7b948: 48b8 0000 | 0000 0000 | 0000 4881 | c480 0100 

  0x000001ccbca7b958: ;   {poll_return}
  0x000001ccbca7b958: 005d 493b | a750 0400 | 000f 87be | 0500 00c3 

  0x000001ccbca7b968: ;   {metadata(method data for {method} {0x000001cd1905e190} 'mDy' '()Ljava/io/ByteArrayInputStream;' in 'ui/views/waveform/executive/a')}
  0x000001ccbca7b968: 48ba 8070 | d83c cd01 | 0000 488d | 9298 0200 | 0048 8bf0 | 4885 f675 | 0448 830a 

  0x000001ccbca7b984: ;   {metadata(method data for {method} {0x000001cd1905e190} 'mDy' '()Ljava/io/ByteArrayInputStream;' in 'ui/views/waveform/executive/a')}
  0x000001ccbca7b984: 0148 ba80 | 70d8 3ccd | 0100 0048 | 8382 a802 | 0000 0148 | 8bd0 0f1f 

  0x000001ccbca7b99c: ;   {static_call}
  0x000001ccbca7b99c: 4400 00e8 

  0x000001ccbca7b9a0: ; ImmutableOopMap {[312]=Oop }
                      ;*invokestatic debug {reexecute=0 rethrow=0 return_oop=0}
                      ; - ui.views.waveform.executive.a::mDy@109 (line 513)
  0x000001ccbca7b9a0: fcce 5e08 

  0x000001ccbca7b9a4: ;   {other}
  0x000001ccbca7b9a4: 0f1f 8400 | 1417 000b 

  0x000001ccbca7b9ac: ;   {metadata(method data for {method} {0x000001cd1905e190} 'mDy' '()Ljava/io/ByteArrayInputStream;' in 'ui/views/waveform/executive/a')}
  0x000001ccbca7b9ac: 48ba 8070 | d83c cd01 | 0000 4883 | 82b8 0200 

  0x000001ccbca7b9bc: ;   {metadata(method data for {method} {0x000001cd3c23ca28} 'cM' '([B)Ljava/io/ByteArrayInputStream;' in 'ui/views/waveform/h/c')}
  0x000001ccbca7b9bc: 0001 48ba | 78b2 d73c | cd01 0000 | 8bb2 cc00 | 0000 83c6 | 0289 b2cc | 0000 0081 | e6fe ff1f 
  0x000001ccbca7b9dc: 0083 fe00 | 0f84 5505 

  0x000001ccbca7b9e4: ;   {metadata(method data for {method} {0x000001cd3c23ca28} 'cM' '([B)Ljava/io/ByteArrayInputStream;' in 'ui/views/waveform/h/c')}
  0x000001ccbca7b9e4: 0000 48ba | 78b2 d73c | cd01 0000 | 4883 8210 | 0100 0001 | 488b 9424 | 3801 0000 | 0f1f 8000 
  0x000001ccbca7ba04: ;   {static_call}
  0x000001ccbca7ba04: 0000 00e8 

  0x000001ccbca7ba08: ; ImmutableOopMap {}
                      ;*invokestatic e {reexecute=0 rethrow=0 return_oop=0}
                      ; - ui.views.waveform.h.c::cM@1 (line 261)
                      ; - ui.views.waveform.executive.a::mDy@114 (line 515)
  0x000001ccbca7ba08: 342b 2c00 

  0x000001ccbca7ba0c: ;   {other}
  0x000001ccbca7ba0c: 0f1f 8400 | 7c17 000c | 4881 c480 | 0100 005d 

  0x000001ccbca7ba1c: ;   {poll_return}
  0x000001ccbca7ba1c: 493b a750 | 0400 000f | 8733 0500 

  0x000001ccbca7ba28: ;   {oop(nullptr)}
  0x000001ccbca7ba28: 00c3 48b8 | 0000 0000 | 0000 0000 | 4881 c480 | 0100 005d 

  0x000001ccbca7ba3c: ;   {poll_return}
  0x000001ccbca7ba3c: 493b a750 | 0400 000f | 8729 0500 

  0x000001ccbca7ba48: ;   {oop(nullptr)}
  0x000001ccbca7ba48: 00c3 48b8 | 0000 0000 | 0000 0000 | 4881 c480 | 0100 005d 

  0x000001ccbca7ba5c: ;   {poll_return}
  0x000001ccbca7ba5c: 493b a750 | 0400 000f | 871f 0500 | 00c3 488b | 8424 6001 | 0000 e95e 

  0x000001ccbca7ba74: ;   {metadata('java/lang/OutOfMemoryError')}
  0x000001ccbca7ba74: 0500 0048 | ba48 3402 | d6cc 0100 | 0049 8b87 | b801 0000 | 488d 7828 | 493b bfc8 | 0100 000f 
  0x000001ccbca7ba94: 8705 0500 | 0049 89bf | b801 0000 | 48c7 0001 | 0000 0048 | 8bca 49ba | 0000 00d6 | cc01 0000 
  0x000001ccbca7bab4: 492b ca89 | 4808 4833 | c989 480c | 4833 c948 | 8948 1048 | 8948 1848 | 8948 204c 

  0x000001ccbca7bad0: ;   {metadata(method data for {method} {0x000001ccd6425160} 'newArray' '(J)[B' in 'java/lang/StringConcatHelper')}
  0x000001ccbca7bad0: 8bc0 48ba | 48b4 0417 | cd01 0000 | 4883 8230 | 0100 0001 

  0x000001ccbca7bae4: ;   {oop("Overflow: String length out of range"{0x00000006816ef4e0})}
  0x000001ccbca7bae4: 49b8 e0f4 | 6e81 0600 | 0000 488b | d048 8984 | 2468 0100 | 0066 0f1f 

  0x000001ccbca7bafc: ;   {optimized virtual_call}
  0x000001ccbca7bafc: 4400 00e8 

  0x000001ccbca7bb00: ; ImmutableOopMap {[312]=Oop [360]=Oop }
                      ;*invokespecial <init> {reexecute=0 rethrow=0 return_oop=0}
                      ; - java.lang.StringConcatHelper::newArray@22 (line 509)
                      ; - java.lang.StringConcatHelper::newArrayWithSuffix@7 (line 489)
                      ; - java.lang.invoke.DirectMethodHandle$Holder::invokeStatic@13
                      ; - java.lang.invoke.LambdaForm$MH/0x000001ccd7010c00::invoke@23
                      ; - java.lang.invoke.LambdaForm$MH/0x000001ccd7ae0400::invoke@33
                      ; - java.lang.invoke.Invokers$Holder::linkToTargetMethod@5
                      ; - ui.views.waveform.executive.a::mDy@104 (line 513)
  0x000001ccbca7bb00: 7c33 4f07 

  0x000001ccbca7bb04: ;   {other}
  0x000001ccbca7bb04: 0f1f 8400 | 7418 000d | 488b 8424 | 6801 0000 | e9bc 0400 

  0x000001ccbca7bb18: ;   {metadata('java/lang/OutOfMemoryError')}
  0x000001ccbca7bb18: 0048 ba48 | 3402 d6cc | 0100 0049 | 8b87 b801 | 0000 488d | 7828 493b | bfc8 0100 | 000f 8770 
  0x000001ccbca7bb38: 0400 0049 | 89bf b801 | 0000 48c7 | 0001 0000 | 0048 8bca | 49ba 0000 | 00d6 cc01 | 0000 492b 
  0x000001ccbca7bb58: ca89 4808 | 4833 c989 | 480c 4833 | c948 8948 | 1048 8948 | 1848 8948 | 204c 8bc0 

  0x000001ccbca7bb74: ;   {metadata(method data for {method} {0x000001ccd6424920} 'checkOverflow' '(J)J' in 'java/lang/StringConcatHelper')}
  0x000001ccbca7bb74: 48ba 181e | 2317 cd01 | 0000 4883 | 8230 0100 

  0x000001ccbca7bb84: ;   {oop("Overflow: String length out of range"{0x00000006816ef4e0})}
  0x000001ccbca7bb84: 0001 49b8 | e0f4 6e81 | 0600 0000 | 488b d048 | 8984 2470 | 0100 000f 

  0x000001ccbca7bb9c: ;   {optimized virtual_call}
  0x000001ccbca7bb9c: 1f40 00e8 

  0x000001ccbca7bba0: ; ImmutableOopMap {[312]=Oop [368]=Oop }
                      ;*invokespecial <init> {reexecute=0 rethrow=0 return_oop=0}
                      ; - java.lang.StringConcatHelper::checkOverflow@13 (line 68)
                      ; - java.lang.StringConcatHelper::mix@7 (line 112)
                      ; - java.lang.invoke.DirectMethodHandle$Holder::invokeStatic@13
                      ; - java.lang.invoke.LambdaForm$MH/0x000001ccd7ae0000::invoke@23
                      ; - java.lang.invoke.LambdaForm$MH/0x000001ccd7ae0400::invoke@15
                      ; - java.lang.invoke.Invokers$Holder::linkToTargetMethod@5
                      ; - ui.views.waveform.executive.a::mDy@104 (line 513)
  0x000001ccbca7bba0: dc32 4f07 

  0x000001ccbca7bba4: ;   {other}
  0x000001ccbca7bba4: 0f1f 8400 | 1419 000e | 488b 8424 | 7001 0000 | e91c 0400 

  0x000001ccbca7bbb8: ;   {metadata({method} {0x000001cd1905e190} 'mDy' '()Ljava/io/ByteArrayInputStream;' in 'ui/views/waveform/executive/a')}
  0x000001ccbca7bbb8: 0049 ba88 | e105 19cd | 0100 004c | 8954 2408 | 48c7 0424 | ffff ffff 

  0x000001ccbca7bbd0: ;   {runtime_call counter_overflow Runtime1 stub}
  0x000001ccbca7bbd0: e82b 2b5d 

  0x000001ccbca7bbd4: ; ImmutableOopMap {rdx=Oop [296]=Oop }
                      ;*synchronization entry
                      ; - ui.views.waveform.executive.a::mDy@-1 (line 489)
  0x000001ccbca7bbd4: 07e9 55eb 

  0x000001ccbca7bbd8: ;   {metadata({method} {0x000001cd176931b8} 'gnK' '()J' in 'ui/utils/s/d')}
  0x000001ccbca7bbd8: ffff 49ba | b031 6917 | cd01 0000 | 4c89 5424 | 0848 c704 | 24ff ffff 

  0x000001ccbca7bbf0: ;   {runtime_call counter_overflow Runtime1 stub}
  0x000001ccbca7bbf0: ffe8 0a2b 

  0x000001ccbca7bbf4: ; ImmutableOopMap {[296]=Oop }
                      ;*synchronization entry
                      ; - ui.utils.s.d::gnK@-1 (line 380)
                      ; - ui.views.waveform.executive.a::mDy@0 (line 489)
  0x000001ccbca7bbf4: 5d07 e96e 

  0x000001ccbca7bbf8: ;   {runtime_call new_type_array Runtime1 stub}
  0x000001ccbca7bbf8: ebff ffe8 

  0x000001ccbca7bbfc: ; ImmutableOopMap {r11=Oop [296]=Oop }
                      ;*newarray {reexecute=0 rethrow=0 return_oop=0}
                      ; - ui.views.waveform.executive.a::mDy@47 (line 504)
  0x000001ccbca7bbfc: 80db 5c07 | e9b0 ecff 

  0x000001ccbca7bc04: ;   {runtime_call throw_null_pointer_exception Runtime1 stub}
  0x000001ccbca7bc04: ffe8 96c8 

  0x000001ccbca7bc08: ; ImmutableOopMap {rdx=Oop rax=Oop r8=Oop [296]=Oop [312]=Oop }
                      ;*arraylength {reexecute=0 rethrow=0 return_oop=0}
                      ; - ui.views.waveform.executive.a::mDy@75 (line 507)
  0x000001ccbca7bc08: 5c07 8b7a | 2048 c1e7 | 0348 83ff | 000f 84d8 | edff ff48 

  0x000001ccbca7bc1c: ;   {runtime_call g1_pre_barrier_slow}
  0x000001ccbca7bc1c: 893c 24e8 | dc31 5d07 | e9ca edff | ff48 83f8 | 000f 84df | edff ff48 

  0x000001ccbca7bc34: ;   {runtime_call g1_post_barrier_slow}
  0x000001ccbca7bc34: 8914 24e8 | 4435 5d07 | e9d1 edff 

  0x000001ccbca7bc40: ;   {metadata({method} {0x000001cd176931b8} 'gnK' '()J' in 'ui/utils/s/d')}
  0x000001ccbca7bc40: ff49 bab0 | 3169 17cd | 0100 004c | 8954 2408 | 48c7 0424 | ffff ffff 

  0x000001ccbca7bc58: ;   {runtime_call counter_overflow Runtime1 stub}
  0x000001ccbca7bc58: e8a3 2a5d 

  0x000001ccbca7bc5c: ; ImmutableOopMap {rax=Oop [312]=Oop }
                      ;*synchronization entry
                      ; - ui.utils.s.d::gnK@-1 (line 380)
                      ; - ui.views.waveform.executive.a::mDy@99 (line 513)
  0x000001ccbca7bc5c: 07e9 eaed 

  0x000001ccbca7bc60: ;   {metadata({method} {0x000001ccd60aff60} 'linkToTargetMethod' '(JLjava/lang/Object;)Ljava/lang/Object;' in 'java/lang/invoke/Invokers$Holder')}
  0x000001ccbca7bc60: ffff 49ba | 58ff 0ad6 | cc01 0000 | 4c89 5424 | 0848 c704 | 24ff ffff 

  0x000001ccbca7bc78: ;   {runtime_call counter_overflow Runtime1 stub}
  0x000001ccbca7bc78: ffe8 822a 

  0x000001ccbca7bc7c: ; ImmutableOopMap {rsi=Oop [312]=Oop }
                      ;*synchronization entry
                      ; - java.lang.invoke.Invokers$Holder::linkToTargetMethod@-1
                      ; - ui.views.waveform.executive.a::mDy@104 (line 513)
  0x000001ccbca7bc7c: 5d07 e963 

  0x000001ccbca7bc80: ;   {metadata({method} {0x000001cd3c042348} 'invoke' '(Ljava/lang/Object;J)Ljava/lang/Object;' in 'java/lang/invoke/LambdaForm$MH+0x000001ccd7ae0400')}
  0x000001ccbca7bc80: eeff ff49 | ba40 2304 | 3ccd 0100 | 004c 8954 | 2408 48c7 | 0424 ffff 

  0x000001ccbca7bc98: ;   {runtime_call counter_overflow Runtime1 stub}
  0x000001ccbca7bc98: ffff e861 

  0x000001ccbca7bc9c: ; ImmutableOopMap {[312]=Oop }
                      ;*synchronization entry
                      ; - java.lang.invoke.LambdaForm$MH/0x000001ccd7ae0400::invoke@-1
                      ; - java.lang.invoke.Invokers$Holder::linkToTargetMethod@5
                      ; - ui.views.waveform.executive.a::mDy@104 (line 513)
  0x000001ccbca7bc9c: 2a5d 07e9 | 96ee ffff 

  0x000001ccbca7bca4: ;   {metadata({method} {0x000001cd3c041aa0} 'invoke' '(Ljava/lang/Object;J)J' in 'java/lang/invoke/LambdaForm$MH+0x000001ccd7ae0000')}
  0x000001ccbca7bca4: 49ba 981a | 043c cd01 | 0000 4c89 | 5424 0848 | c704 24ff 

  0x000001ccbca7bcb8: ;   {runtime_call counter_overflow Runtime1 stub}
  0x000001ccbca7bcb8: ffff ffe8 

  0x000001ccbca7bcbc: ; ImmutableOopMap {[312]=Oop }
                      ;*synchronization entry
                      ; - java.lang.invoke.LambdaForm$MH/0x000001ccd7ae0000::invoke@-1
                      ; - java.lang.invoke.LambdaForm$MH/0x000001ccd7ae0400::invoke@15
                      ; - java.lang.invoke.Invokers$Holder::linkToTargetMethod@5
                      ; - ui.views.waveform.executive.a::mDy@104 (line 513)
  0x000001ccbca7bcbc: 402a 5d07 | e9d3 eeff 

  0x000001ccbca7bcc4: ;   {metadata({method} {0x000001ccd60b4ff0} 'invokeStatic' '(Ljava/lang/Object;JJ)J' in 'java/lang/invoke/DirectMethodHandle$Holder')}
  0x000001ccbca7bcc4: ff49 bae8 | 4f0b d6cc | 0100 004c | 8954 2408 | 48c7 0424 | ffff ffff 

  0x000001ccbca7bcdc: ;   {runtime_call counter_overflow Runtime1 stub}
  0x000001ccbca7bcdc: e81f 2a5d 

  0x000001ccbca7bce0: ; ImmutableOopMap {rsi=Oop [312]=Oop }
                      ;*synchronization entry
                      ; - java.lang.invoke.DirectMethodHandle$Holder::invokeStatic@-1
                      ; - java.lang.invoke.LambdaForm$MH/0x000001ccd7ae0000::invoke@23
                      ; - java.lang.invoke.LambdaForm$MH/0x000001ccd7ae0400::invoke@15
                      ; - java.lang.invoke.Invokers$Holder::linkToTargetMethod@5
                      ; - ui.views.waveform.executive.a::mDy@104 (line 513)
  0x000001ccbca7bce0: 07e9 13ef 

  0x000001ccbca7bce4: ;   {metadata({method} {0x000001ccd60a3038} 'internalMemberName' '(Ljava/lang/Object;)Ljava/lang/Object;' in 'java/lang/invoke/DirectMethodHandle')}
  0x000001ccbca7bce4: ffff 49ba | 3030 0ad6 | cc01 0000 | 4c89 5424 | 0848 c704 | 24ff ffff 

  0x000001ccbca7bcfc: ;   {runtime_call counter_overflow Runtime1 stub}
  0x000001ccbca7bcfc: ffe8 fe29 

  0x000001ccbca7bd00: ; ImmutableOopMap {[312]=Oop }
                      ;*synchronization entry
                      ; - java.lang.invoke.DirectMethodHandle::internalMemberName@-1 (line 327)
                      ; - java.lang.invoke.DirectMethodHandle$Holder::invokeStatic@1
                      ; - java.lang.invoke.LambdaForm$MH/0x000001ccd7ae0000::invoke@23
                      ; - java.lang.invoke.LambdaForm$MH/0x000001ccd7ae0400::invoke@15
                      ; - java.lang.invoke.Invokers$Holder::linkToTargetMethod@5
                      ; - ui.views.waveform.executive.a::mDy@104 (line 513)
  0x000001ccbca7bd00: 5d07 e947 

  0x000001ccbca7bd04: ;   {metadata({method} {0x000001ccd6424ef8} 'mix' '(JJ)J' in 'java/lang/StringConcatHelper')}
  0x000001ccbca7bd04: efff ff49 | baf0 4e42 | d6cc 0100 | 004c 8954 | 2408 48c7 | 0424 ffff 

  0x000001ccbca7bd1c: ;   {runtime_call counter_overflow Runtime1 stub}
  0x000001ccbca7bd1c: ffff e8dd 

  0x000001ccbca7bd20: ; ImmutableOopMap {[312]=Oop }
                      ;*synchronization entry
                      ; - java.lang.StringConcatHelper::mix@-1 (line 112)
                      ; - java.lang.invoke.DirectMethodHandle$Holder::invokeStatic@13
                      ; - java.lang.invoke.LambdaForm$MH/0x000001ccd7ae0000::invoke@23
                      ; - java.lang.invoke.LambdaForm$MH/0x000001ccd7ae0400::invoke@15
                      ; - java.lang.invoke.Invokers$Holder::linkToTargetMethod@5
                      ; - ui.views.waveform.executive.a::mDy@104 (line 513)
  0x000001ccbca7bd20: 295d 07e9 | 84ef ffff 

  0x000001ccbca7bd28: ;   {metadata({method} {0x000001ccd6424920} 'checkOverflow' '(J)J' in 'java/lang/StringConcatHelper')}
  0x000001ccbca7bd28: 49ba 1849 | 42d6 cc01 | 0000 4c89 | 5424 0848 | c704 24ff 

  0x000001ccbca7bd3c: ;   {runtime_call counter_overflow Runtime1 stub}
  0x000001ccbca7bd3c: ffff ffe8 

  0x000001ccbca7bd40: ; ImmutableOopMap {[312]=Oop }
                      ;*synchronization entry
                      ; - java.lang.StringConcatHelper::checkOverflow@-1 (line 65)
                      ; - java.lang.StringConcatHelper::mix@7 (line 112)
                      ; - java.lang.invoke.DirectMethodHandle$Holder::invokeStatic@13
                      ; - java.lang.invoke.LambdaForm$MH/0x000001ccd7ae0000::invoke@23
                      ; - java.lang.invoke.LambdaForm$MH/0x000001ccd7ae0400::invoke@15
                      ; - java.lang.invoke.Invokers$Holder::linkToTargetMethod@5
                      ; - ui.views.waveform.executive.a::mDy@104 (line 513)
  0x000001ccbca7bd40: bc29 5d07 | e9e2 efff 

  0x000001ccbca7bd48: ;   {metadata({method} {0x000001cd17470e90} 'invoke' '(Ljava/lang/Object;J)Ljava/lang/Object;' in 'java/lang/invoke/LambdaForm$MH+0x000001ccd7010c00')}
  0x000001ccbca7bd48: ff49 ba88 | 0e47 17cd | 0100 004c | 8954 2408 | 48c7 0424 | ffff ffff 

  0x000001ccbca7bd60: ;   {runtime_call counter_overflow Runtime1 stub}
  0x000001ccbca7bd60: e89b 295d 

  0x000001ccbca7bd64: ; ImmutableOopMap {[312]=Oop }
                      ;*synchronization entry
                      ; - java.lang.invoke.LambdaForm$MH/0x000001ccd7010c00::invoke@-1
                      ; - java.lang.invoke.LambdaForm$MH/0x000001ccd7ae0400::invoke@33
                      ; - java.lang.invoke.Invokers$Holder::linkToTargetMethod@5
                      ; - ui.views.waveform.executive.a::mDy@104 (line 513)
  0x000001ccbca7bd64: 07e9 5ff0 

  0x000001ccbca7bd68: ;   {metadata({method} {0x000001ccd60b4390} 'invokeStatic' '(Ljava/lang/Object;Ljava/lang/Object;J)Ljava/lang/Object;' in 'java/lang/invoke/DirectMethodHandle$Holder')}
  0x000001ccbca7bd68: ffff 49ba | 8843 0bd6 | cc01 0000 | 4c89 5424 | 0848 c704 | 24ff ffff 

  0x000001ccbca7bd80: ;   {runtime_call counter_overflow Runtime1 stub}
  0x000001ccbca7bd80: ffe8 7a29 

  0x000001ccbca7bd84: ; ImmutableOopMap {r8=Oop r9=Oop [312]=Oop }
                      ;*synchronization entry
                      ; - java.lang.invoke.DirectMethodHandle$Holder::invokeStatic@-1
                      ; - java.lang.invoke.LambdaForm$MH/0x000001ccd7010c00::invoke@23
                      ; - java.lang.invoke.LambdaForm$MH/0x000001ccd7ae0400::invoke@33
                      ; - java.lang.invoke.Invokers$Holder::linkToTargetMethod@5
                      ; - ui.views.waveform.executive.a::mDy@104 (line 513)
  0x000001ccbca7bd84: 5d07 e9d4 

  0x000001ccbca7bd88: ;   {metadata({method} {0x000001ccd60a3038} 'internalMemberName' '(Ljava/lang/Object;)Ljava/lang/Object;' in 'java/lang/invoke/DirectMethodHandle')}
  0x000001ccbca7bd88: f0ff ff49 | ba30 300a | d6cc 0100 | 004c 8954 | 2408 48c7 | 0424 ffff 

  0x000001ccbca7bda0: ;   {runtime_call counter_overflow Runtime1 stub}
  0x000001ccbca7bda0: ffff e859 

  0x000001ccbca7bda4: ; ImmutableOopMap {r8=Oop [312]=Oop }
                      ;*synchronization entry
                      ; - java.lang.invoke.DirectMethodHandle::internalMemberName@-1 (line 327)
                      ; - java.lang.invoke.DirectMethodHandle$Holder::invokeStatic@1
                      ; - java.lang.invoke.LambdaForm$MH/0x000001ccd7010c00::invoke@23
                      ; - java.lang.invoke.LambdaForm$MH/0x000001ccd7ae0400::invoke@33
                      ; - java.lang.invoke.Invokers$Holder::linkToTargetMethod@5
                      ; - ui.views.waveform.executive.a::mDy@104 (line 513)
  0x000001ccbca7bda4: 295d 07e9 | 0df1 ffff 

  0x000001ccbca7bdac: ;   {metadata({method} {0x000001ccd6424818} 'newArrayWithSuffix' '(Ljava/lang/String;J)[B' in 'java/lang/StringConcatHelper')}
  0x000001ccbca7bdac: 49ba 1048 | 42d6 cc01 | 0000 4c89 | 5424 0848 | c704 24ff 

  0x000001ccbca7bdc0: ;   {runtime_call counter_overflow Runtime1 stub}
  0x000001ccbca7bdc0: ffff ffe8 

  0x000001ccbca7bdc4: ; ImmutableOopMap {r8=Oop [312]=Oop }
                      ;*synchronization entry
                      ; - java.lang.StringConcatHelper::newArrayWithSuffix@-1 (line 489)
                      ; - java.lang.invoke.DirectMethodHandle$Holder::invokeStatic@13
                      ; - java.lang.invoke.LambdaForm$MH/0x000001ccd7010c00::invoke@23
                      ; - java.lang.invoke.LambdaForm$MH/0x000001ccd7ae0400::invoke@33
                      ; - java.lang.invoke.Invokers$Holder::linkToTargetMethod@5
                      ; - ui.views.waveform.executive.a::mDy@104 (line 513)
  0x000001ccbca7bdc4: 3829 5d07 | e96d f1ff 

  0x000001ccbca7bdcc: ;   {metadata({method} {0x000001ccd600eee0} 'length' '()I' in 'java/lang/String')}
  0x000001ccbca7bdcc: ff49 bad8 | ee00 d6cc | 0100 004c | 8954 2408 | 48c7 0424 | ffff ffff 

  0x000001ccbca7bde4: ;   {runtime_call counter_overflow Runtime1 stub}
  0x000001ccbca7bde4: e817 295d 

  0x000001ccbca7bde8: ; ImmutableOopMap {r8=Oop [312]=Oop }
                      ;*synchronization entry
                      ; - java.lang.String::length@-1 (line 1519)
                      ; - java.lang.StringConcatHelper::newArrayWithSuffix@2 (line 489)
                      ; - java.lang.invoke.DirectMethodHandle$Holder::invokeStatic@13
                      ; - java.lang.invoke.LambdaForm$MH/0x000001ccd7010c00::invoke@23
                      ; - java.lang.invoke.LambdaForm$MH/0x000001ccd7ae0400::invoke@33
                      ; - java.lang.invoke.Invokers$Holder::linkToTargetMethod@5
                      ; - ui.views.waveform.executive.a::mDy@104 (line 513)
  0x000001ccbca7bde8: 07e9 8ef1 

  0x000001ccbca7bdec: ;   {metadata({method} {0x000001ccd645a188} 'coder' '()B' in 'java/lang/String')}
  0x000001ccbca7bdec: ffff 49ba | 80a1 45d6 | cc01 0000 | 4c89 5424 | 0848 c704 | 24ff ffff 

  0x000001ccbca7be04: ;   {runtime_call counter_overflow Runtime1 stub}
  0x000001ccbca7be04: ffe8 f628 

  0x000001ccbca7be08: ; ImmutableOopMap {[312]=Oop }
                      ;*synchronization entry
                      ; - java.lang.String::coder@-1 (line 4809)
                      ; - java.lang.String::length@6 (line 1519)
                      ; - java.lang.StringConcatHelper::newArrayWithSuffix@2 (line 489)
                      ; - java.lang.invoke.DirectMethodHandle$Holder::invokeStatic@13
                      ; - java.lang.invoke.LambdaForm$MH/0x000001ccd7010c00::invoke@23
                      ; - java.lang.invoke.LambdaForm$MH/0x000001ccd7ae0400::invoke@33
                      ; - java.lang.invoke.Invokers$Holder::linkToTargetMethod@5
                      ; - ui.views.waveform.executive.a::mDy@104 (line 513)
  0x000001ccbca7be08: 5d07 e9ac 

  0x000001ccbca7be0c: ;   {metadata({method} {0x000001ccd6425160} 'newArray' '(J)[B' in 'java/lang/StringConcatHelper')}
  0x000001ccbca7be0c: f1ff ff49 | ba58 5142 | d6cc 0100 | 004c 8954 | 2408 48c7 | 0424 ffff 

  0x000001ccbca7be24: ;   {runtime_call counter_overflow Runtime1 stub}
  0x000001ccbca7be24: ffff e8d5 

  0x000001ccbca7be28: ; ImmutableOopMap {[312]=Oop }
                      ;*synchronization entry
                      ; - java.lang.StringConcatHelper::newArray@-1 (line 506)
                      ; - java.lang.StringConcatHelper::newArrayWithSuffix@7 (line 489)
                      ; - java.lang.invoke.DirectMethodHandle$Holder::invokeStatic@13
                      ; - java.lang.invoke.LambdaForm$MH/0x000001ccd7010c00::invoke@23
                      ; - java.lang.invoke.LambdaForm$MH/0x000001ccd7ae0400::invoke@33
                      ; - java.lang.invoke.Invokers$Holder::linkToTargetMethod@5
                      ; - ui.views.waveform.executive.a::mDy@104 (line 513)
  0x000001ccbca7be28: 285d 07e9 | faf1 ffff | 4889 0424 

  0x000001ccbca7be34: ;   {runtime_call throw_class_cast_exception Runtime1 stub}
  0x000001ccbca7be34: e867 f25c 

  0x000001ccbca7be38: ; ImmutableOopMap {[312]=Oop }
                      ;*checkcast {reexecute=0 rethrow=0 return_oop=0}
                      ; - java.lang.StringConcatHelper::newArray@36 (line 511)
                      ; - java.lang.StringConcatHelper::newArrayWithSuffix@7 (line 489)
                      ; - java.lang.invoke.DirectMethodHandle$Holder::invokeStatic@13
                      ; - java.lang.invoke.LambdaForm$MH/0x000001ccd7010c00::invoke@23
                      ; - java.lang.invoke.LambdaForm$MH/0x000001ccd7ae0400::invoke@33
                      ; - java.lang.invoke.Invokers$Holder::linkToTargetMethod@5
                      ; - ui.views.waveform.executive.a::mDy@104 (line 513)
                      ;   {metadata({method} {0x000001cd1a265a98} 'invoke' '(Ljava/lang/Object;JLjava/lang/Object;J)J' in 'java/lang/invoke/LambdaForm$MH+0x000001ccd77bd800')}
  0x000001ccbca7be38: 0749 ba90 | 5a26 1acd | 0100 004c | 8954 2408 | 48c7 0424 | ffff ffff 

  0x000001ccbca7be50: ;   {runtime_call counter_overflow Runtime1 stub}
  0x000001ccbca7be50: e8ab 285d 

  0x000001ccbca7be54: ; ImmutableOopMap {rsi=Oop [312]=Oop [344]=Oop }
                      ;*synchronization entry
                      ; - java.lang.invoke.LambdaForm$MH/0x000001ccd77bd800::invoke@-1
                      ; - java.lang.invoke.LambdaForm$MH/0x000001ccd7ae0400::invoke@54
                      ; - java.lang.invoke.Invokers$Holder::linkToTargetMethod@5
                      ; - ui.views.waveform.executive.a::mDy@104 (line 513)
  0x000001ccbca7be54: 07e9 37f5 

  0x000001ccbca7be58: ;   {metadata({method} {0x000001ccd60b4ee8} 'invokeStatic' '(Ljava/lang/Object;JLjava/lang/Object;JLjava/lang/Object;)J' in 'java/lang/invoke/DirectMethodHandle$Holder')}
  0x000001ccbca7be58: ffff 49ba | e04e 0bd6 | cc01 0000 | 4c89 5424 | 0848 c704 | 24ff ffff 

  0x000001ccbca7be70: ;   {runtime_call counter_overflow Runtime1 stub}
  0x000001ccbca7be70: ffe8 8a28 

  0x000001ccbca7be74: ; ImmutableOopMap {rsi=Oop r8=Oop [312]=Oop [344]=Oop }
                      ;*synchronization entry
                      ; - java.lang.invoke.DirectMethodHandle$Holder::invokeStatic@-1
                      ; - java.lang.invoke.LambdaForm$MH/0x000001ccd77bd800::invoke@28
                      ; - java.lang.invoke.LambdaForm$MH/0x000001ccd7ae0400::invoke@54
                      ; - java.lang.invoke.Invokers$Holder::linkToTargetMethod@5
                      ; - ui.views.waveform.executive.a::mDy@104 (line 513)
  0x000001ccbca7be74: 5d07 e9a7 

  0x000001ccbca7be78: ;   {metadata({method} {0x000001ccd60a3038} 'internalMemberName' '(Ljava/lang/Object;)Ljava/lang/Object;' in 'java/lang/invoke/DirectMethodHandle')}
  0x000001ccbca7be78: f5ff ff49 | ba30 300a | d6cc 0100 | 004c 8954 | 2408 48c7 | 0424 ffff 

  0x000001ccbca7be90: ;   {runtime_call counter_overflow Runtime1 stub}
  0x000001ccbca7be90: ffff e869 

  0x000001ccbca7be94: ; ImmutableOopMap {rsi=Oop [312]=Oop [344]=Oop }
                      ;*synchronization entry
                      ; - java.lang.invoke.DirectMethodHandle::internalMemberName@-1 (line 327)
                      ; - java.lang.invoke.DirectMethodHandle$Holder::invokeStatic@1
                      ; - java.lang.invoke.LambdaForm$MH/0x000001ccd77bd800::invoke@28
                      ; - java.lang.invoke.LambdaForm$MH/0x000001ccd7ae0400::invoke@54
                      ; - java.lang.invoke.Invokers$Holder::linkToTargetMethod@5
                      ; - ui.views.waveform.executive.a::mDy@104 (line 513)
  0x000001ccbca7be94: 285d 07e9 | e0f5 ffff 

  0x000001ccbca7be9c: ;   {metadata({method} {0x000001ccd60b4390} 'invokeStatic' '(Ljava/lang/Object;Ljava/lang/Object;J)Ljava/lang/Object;' in 'java/lang/invoke/DirectMethodHandle$Holder')}
  0x000001ccbca7be9c: 49ba 8843 | 0bd6 cc01 | 0000 4c89 | 5424 0848 | c704 24ff 

  0x000001ccbca7beb0: ;   {runtime_call counter_overflow Runtime1 stub}
  0x000001ccbca7beb0: ffff ffe8 

  0x000001ccbca7beb4: ; ImmutableOopMap {rsi=Oop r8=Oop [312]=Oop [344]=Oop }
                      ;*synchronization entry
                      ; - java.lang.invoke.DirectMethodHandle$Holder::invokeStatic@-1
                      ; - java.lang.invoke.LambdaForm$MH/0x000001ccd7ae0400::invoke@74
                      ; - java.lang.invoke.Invokers$Holder::linkToTargetMethod@5
                      ; - ui.views.waveform.executive.a::mDy@104 (line 513)
  0x000001ccbca7beb4: 4828 5d07 | e9f0 f6ff 

  0x000001ccbca7bebc: ;   {metadata({method} {0x000001ccd60a3038} 'internalMemberName' '(Ljava/lang/Object;)Ljava/lang/Object;' in 'java/lang/invoke/DirectMethodHandle')}
  0x000001ccbca7bebc: ff49 ba30 | 300a d6cc | 0100 004c | 8954 2408 | 48c7 0424 | ffff ffff 

  0x000001ccbca7bed4: ;   {runtime_call counter_overflow Runtime1 stub}
  0x000001ccbca7bed4: e827 285d 

  0x000001ccbca7bed8: ; ImmutableOopMap {rsi=Oop [312]=Oop [344]=Oop }
                      ;*synchronization entry
                      ; - java.lang.invoke.DirectMethodHandle::internalMemberName@-1 (line 327)
                      ; - java.lang.invoke.DirectMethodHandle$Holder::invokeStatic@1
                      ; - java.lang.invoke.LambdaForm$MH/0x000001ccd7ae0400::invoke@74
                      ; - java.lang.invoke.Invokers$Holder::linkToTargetMethod@5
                      ; - ui.views.waveform.executive.a::mDy@104 (line 513)
  0x000001ccbca7bed8: 07e9 29f7 

  0x000001ccbca7bedc: ;   {runtime_call throw_null_pointer_exception Runtime1 stub}
  0x000001ccbca7bedc: ffff e8bd 

  0x000001ccbca7bee0: ; ImmutableOopMap {rax=Oop [352]=Oop }
                      ;*invokevirtual contains {reexecute=0 rethrow=0 return_oop=0}
                      ; - ui.views.waveform.executive.a::mDy@33 (line 498)
                      ;   {metadata({method} {0x000001ccd6457ed0} 'contains' '(Ljava/lang/CharSequence;)Z' in 'java/lang/String')}
  0x000001ccbca7bee0: c55c 0749 | bac8 7e45 | d6cc 0100 | 004c 8954 | 2408 48c7 | 0424 ffff 

  0x000001ccbca7bef8: ;   {runtime_call counter_overflow Runtime1 stub}
  0x000001ccbca7bef8: ffff e801 

  0x000001ccbca7befc: ; ImmutableOopMap {rax=Oop [352]=Oop }
                      ;*synchronization entry
                      ; - java.lang.String::contains@-1 (line 2977)
                      ; - ui.views.waveform.executive.a::mDy@33 (line 498)
  0x000001ccbca7befc: 285d 07e9 | 42f9 ffff 

  0x000001ccbca7bf04: ;   {metadata({method} {0x000001ccd600ebd0} 'toString' '()Ljava/lang/String;' in 'java/lang/String')}
  0x000001ccbca7bf04: 49ba c8eb | 00d6 cc01 | 0000 4c89 | 5424 0848 | c704 24ff 

  0x000001ccbca7bf18: ;   {runtime_call counter_overflow Runtime1 stub}
  0x000001ccbca7bf18: ffff ffe8 

  0x000001ccbca7bf1c: ; ImmutableOopMap {rax=Oop r8=Oop [352]=Oop }
                      ;*synchronization entry
                      ; - java.lang.String::toString@-1 (line 4296)
                      ; - java.lang.String::contains@2 (line 2977)
                      ; - ui.views.waveform.executive.a::mDy@33 (line 498)
  0x000001ccbca7bf1c: e027 5d07 | e968 f9ff 

  0x000001ccbca7bf24: ;   {internal_word}
  0x000001ccbca7bf24: ff49 ba5a | b9a7 bccc | 0100 004d | 8997 6804 

  0x000001ccbca7bf34: ;   {runtime_call SafepointBlob}
  0x000001ccbca7bf34: 0000 e945 

  0x000001ccbca7bf38: ;   {metadata({method} {0x000001cd3c23ca28} 'cM' '([B)Ljava/io/ByteArrayInputStream;' in 'ui/views/waveform/h/c')}
  0x000001ccbca7bf38: ac4f 0749 | ba20 ca23 | 3ccd 0100 | 004c 8954 | 2408 48c7 | 0424 ffff 

  0x000001ccbca7bf50: ;   {runtime_call counter_overflow Runtime1 stub}
  0x000001ccbca7bf50: ffff e8a9 

  0x000001ccbca7bf54: ; ImmutableOopMap {[312]=Oop }
                      ;*synchronization entry
                      ; - ui.views.waveform.h.c::cM@-1 (line 261)
                      ; - ui.views.waveform.executive.a::mDy@114 (line 515)
  0x000001ccbca7bf54: 275d 07e9 | 8afa ffff 

  0x000001ccbca7bf5c: ;   {internal_word}
  0x000001ccbca7bf5c: 49ba 1cba | a7bc cc01 | 0000 4d89 | 9768 0400 

  0x000001ccbca7bf6c: ;   {runtime_call SafepointBlob}
  0x000001ccbca7bf6c: 00e9 0eac 

  0x000001ccbca7bf70: ;   {internal_word}
  0x000001ccbca7bf70: 4f07 49ba | 3cba a7bc | cc01 0000 | 4d89 9768 

  0x000001ccbca7bf80: ;   {runtime_call SafepointBlob}
  0x000001ccbca7bf80: 0400 00e9 | f8ab 4f07 

  0x000001ccbca7bf88: ;   {internal_word}
  0x000001ccbca7bf88: 49ba 5cba | a7bc cc01 | 0000 4d89 | 9768 0400 

  0x000001ccbca7bf98: ;   {runtime_call SafepointBlob}
  0x000001ccbca7bf98: 00e9 e2ab | 4f07 488b 

  0x000001ccbca7bfa0: ;   {runtime_call fast_new_instance Runtime1 stub}
  0x000001ccbca7bfa0: d2e8 dacf 

  0x000001ccbca7bfa4: ; ImmutableOopMap {[312]=Oop }
                      ;*new {reexecute=0 rethrow=0 return_oop=0}
                      ; - java.lang.StringConcatHelper::newArray@16 (line 509)
                      ; - java.lang.StringConcatHelper::newArrayWithSuffix@7 (line 489)
                      ; - java.lang.invoke.DirectMethodHandle$Holder::invokeStatic@13
                      ; - java.lang.invoke.LambdaForm$MH/0x000001ccd7010c00::invoke@23
                      ; - java.lang.invoke.LambdaForm$MH/0x000001ccd7ae0400::invoke@33
                      ; - java.lang.invoke.Invokers$Holder::linkToTargetMethod@5
                      ; - ui.views.waveform.executive.a::mDy@104 (line 513)
  0x000001ccbca7bfa4: 5c07 e924 | fbff ff48 

  0x000001ccbca7bfac: ;   {runtime_call fast_new_instance Runtime1 stub}
  0x000001ccbca7bfac: 8bd2 e8cd 

  0x000001ccbca7bfb0: ; ImmutableOopMap {[312]=Oop }
                      ;*new {reexecute=0 rethrow=0 return_oop=0}
                      ; - java.lang.StringConcatHelper::checkOverflow@7 (line 68)
                      ; - java.lang.StringConcatHelper::mix@7 (line 112)
                      ; - java.lang.invoke.DirectMethodHandle$Holder::invokeStatic@13
                      ; - java.lang.invoke.LambdaForm$MH/0x000001ccd7ae0000::invoke@23
                      ; - java.lang.invoke.LambdaForm$MH/0x000001ccd7ae0400::invoke@15
                      ; - java.lang.invoke.Invokers$Holder::linkToTargetMethod@5
                      ; - ui.views.waveform.executive.a::mDy@104 (line 513)
  0x000001ccbca7bfb0: cf5c 07e9 | b9fb ffff | 498b 8700 | 0500 0049 | c787 0005 | 0000 0000 | 0000 49c7 | 8708 0500 
  0x000001ccbca7bfd0: 0000 0000 | 0048 81c4 | 8001 0000 

  0x000001ccbca7bfdc: ;   {runtime_call unwind_exception Runtime1 stub}
  0x000001ccbca7bfdc: 5de9 9eaf | 5c07 f4f4 | f4f4 f4f4 
[Stub Code]
  0x000001ccbca7bfe8: ;   {no_reloc}
  0x000001ccbca7bfe8: 0f1f 4400 

  0x000001ccbca7bfec: ;   {static_stub}
  0x000001ccbca7bfec: 0048 bb00 | 0000 0000 

  0x000001ccbca7bff4: ;   {runtime_call}
  0x000001ccbca7bff4: 0000 00e9 | fbff ffff 

  0x000001ccbca7bffc: ;   {static_stub}
  0x000001ccbca7bffc: 48bb 0000 | 0000 0000 

  0x000001ccbca7c004: ;   {runtime_call}
  0x000001ccbca7c004: 0000 e9fb 

  0x000001ccbca7c008: ;   {static_stub}
  0x000001ccbca7c008: ffff ff48 | bb00 0000 | 0000 0000 

  0x000001ccbca7c014: ;   {runtime_call}
  0x000001ccbca7c014: 00e9 fbff 

  0x000001ccbca7c018: ;   {static_stub}
  0x000001ccbca7c018: ffff 48bb | 0000 0000 | 0000 0000 

  0x000001ccbca7c024: ;   {runtime_call}
  0x000001ccbca7c024: e9fb ffff 

  0x000001ccbca7c028: ;   {static_stub}
  0x000001ccbca7c028: ff48 bb78 | 2442 d6cc 

  0x000001ccbca7c030: ;   {runtime_call I2C/C2I adapters}
  0x000001ccbca7c030: 0100 00e9 | cf8e 4f07 

  0x000001ccbca7c038: ;   {static_stub}
  0x000001ccbca7c038: 48bb 0000 | 0000 0000 

  0x000001ccbca7c040: ;   {runtime_call}
  0x000001ccbca7c040: 0000 e9fb 

  0x000001ccbca7c044: ;   {static_stub}
  0x000001ccbca7c044: ffff ff48 | bb00 0000 | 0000 0000 

  0x000001ccbca7c050: ;   {runtime_call}
  0x000001ccbca7c050: 00e9 fbff 

  0x000001ccbca7c054: ;   {static_stub}
  0x000001ccbca7c054: ffff 48bb | 0000 0000 | 0000 0000 

  0x000001ccbca7c060: ;   {runtime_call}
  0x000001ccbca7c060: e9fb ffff 

  0x000001ccbca7c064: ;   {static_stub}
  0x000001ccbca7c064: ff48 bb00 | 0000 0000 

  0x000001ccbca7c06c: ;   {runtime_call}
  0x000001ccbca7c06c: 0000 00e9 | fbff ffff 

  0x000001ccbca7c074: ;   {static_stub}
  0x000001ccbca7c074: 48bb 0000 | 0000 0000 

  0x000001ccbca7c07c: ;   {runtime_call}
  0x000001ccbca7c07c: 0000 e9fb 

  0x000001ccbca7c080: ;   {static_stub}
  0x000001ccbca7c080: ffff ff48 | bb00 0000 | 0000 0000 

  0x000001ccbca7c08c: ;   {runtime_call}
  0x000001ccbca7c08c: 00e9 fbff 

  0x000001ccbca7c090: ;   {static_stub}
  0x000001ccbca7c090: ffff 48bb | 0000 0000 | 0000 0000 

  0x000001ccbca7c09c: ;   {runtime_call}
  0x000001ccbca7c09c: e9fb ffff 

  0x000001ccbca7c0a0: ;   {static_stub}
  0x000001ccbca7c0a0: ff48 bb00 | 0000 0000 

  0x000001ccbca7c0a8: ;   {runtime_call}
  0x000001ccbca7c0a8: 0000 00e9 | fbff ffff 
[Exception Handler]
  0x000001ccbca7c0b0: ;   {runtime_call handle_exception_from_callee Runtime1 stub}
  0x000001ccbca7c0b0: e8cb e95c 

  0x000001ccbca7c0b4: ;   {external_word}
  0x000001ccbca7c0b4: 0748 b950 | e051 21fa | 7f00 0048 

  0x000001ccbca7c0c0: ;   {runtime_call}
  0x000001ccbca7c0c0: 83e4 f048 | b850 ef14 | 21fa 7f00 | 00ff d0f4 
[Deopt Handler Code]
  0x000001ccbca7c0d0: ;   {section_word}
  0x000001ccbca7c0d0: 49ba d0c0 | a7bc cc01 | 0000 4152 

  0x000001ccbca7c0dc: ;   {runtime_call DeoptimizationBlob}
  0x000001ccbca7c0dc: e93f bf4f 

  0x000001ccbca7c0e0: ;   {section_word}
  0x000001ccbca7c0e0: 0749 bae1 | c0a7 bccc | 0100 0041 

  0x000001ccbca7c0ec: ;   {runtime_call DeoptimizationBlob}
  0x000001ccbca7c0ec: 52e9 2ebf | 4f07 f4f4 | f4f4 f4f4 
[/MachCode]


Compiled method (c1) 12229933 23602       3       ui.views.waveform.c.a::mCQ (144 bytes)
 total in heap  [0x000001ccbd99db90,0x000001ccbd9a0b10] = 12160
 relocation     [0x000001ccbd99dcf0,0x000001ccbd99e008] = 792
 main code      [0x000001ccbd99e020,0x000001ccbd99fe88] = 7784
 stub code      [0x000001ccbd99fe88,0x000001ccbd99ffc8] = 320
 oops           [0x000001ccbd99ffc8,0x000001ccbd9a0048] = 128
 metadata       [0x000001ccbd9a0048,0x000001ccbd9a0138] = 240
 scopes data    [0x000001ccbd9a0138,0x000001ccbd9a06a8] = 1392
 scopes pcs     [0x000001ccbd9a06a8,0x000001ccbd9a0aa8] = 1024
 dependencies   [0x000001ccbd9a0aa8,0x000001ccbd9a0ac0] = 24
 nul chk table  [0x000001ccbd9a0ac0,0x000001ccbd9a0b10] = 80

[Constant Pool (empty)]

[MachCode]
[Entry Point]
  # {method} {0x000001cd3c242338} 'mCQ' '()V' in 'ui/views/waveform/c/a'
  #           [sp+0x1a0]  (sp of caller)
  0x000001ccbd99e020: 448b 5208 | 49bb 0000 | 00d6 cc01 | 0000 4d03 | d34c 3bd0 

  0x000001ccbd99e034: ;   {runtime_call ic_miss_stub}
  0x000001ccbd99e034: 0f85 4609 | 5d06 660f | 1f44 0000 
[Verified Entry Point]
  0x000001ccbd99e040: 8984 2400 | 80ff ff55 | 4881 ec90 | 0100 0090 | 4181 7f20 | 8604 0000 

  0x000001ccbd99e058: ;   {runtime_call StubRoutines (final stubs)}
  0x000001ccbd99e058: 7405 e8a1 | 815b 0648 | 8994 2430 

  0x000001ccbd99e064: ;   {metadata(method data for {method} {0x000001cd3c242338} 'mCQ' '()V' in 'ui/views/waveform/c/a')}
  0x000001ccbd99e064: 0100 0048 | beb0 57ce | 3ccd 0100 | 008b becc | 0000 0083 | c702 89be | cc00 0000 | 81e7 fe07 
  0x000001ccbd99e084: 0000 83ff | 000f 8432 | 1800 008b | b200 0200 | 0048 c1e6 | 038b b600 | 0200 0048 | c1e6 0348 
  0x000001ccbd99e0a4: 3b06 488b 

  0x000001ccbd99e0a8: ;   {metadata(method data for {method} {0x000001cd3c242338} 'mCQ' '()V' in 'ui/views/waveform/c/a')}
  0x000001ccbd99e0a8: fe48 bbb0 | 57ce 3ccd | 0100 0048 | 8383 1001 | 0000 0148 

  0x000001ccbd99e0bc: ;   {optimized virtual_call}
  0x000001ccbd99e0bc: 8bd6 90e8 

  0x000001ccbd99e0c0: ; ImmutableOopMap {[304]=Oop }
                      ;*invokevirtual mDy {reexecute=0 rethrow=0 return_oop=0}
                      ; - ui.views.waveform.c.a::mCQ@7 (line 463)
  0x000001ccbd99e0c0: 1cc6 0dff 

  0x000001ccbd99e0c4: ;   {other}
  0x000001ccbd99e0c4: 0f1f 8400 | 3405 0000 | 4889 8424 | 3801 0000 | 4883 f800 

  0x000001ccbd99e0d8: ;   {metadata(method data for {method} {0x000001cd3c242338} 'mCQ' '()V' in 'ui/views/waveform/c/a')}
  0x000001ccbd99e0d8: 48be b057 | ce3c cd01 | 0000 48bf | 5801 0000 | 0000 0000 | 0f84 0a00 | 0000 48bf | 4801 0000 
  0x000001ccbd99e0f8: 0000 0000 | 488b 1c3e | 488d 5b01 | 4889 1c3e | 0f84 5c16 

  0x000001ccbd99e10c: ;   {metadata(method data for {method} {0x000001cd3c242338} 'mCQ' '()V' in 'ui/views/waveform/c/a')}
  0x000001ccbd99e10c: 0000 48be | b057 ce3c | cd01 0000 | 4883 8668 | 0100 0001 

  0x000001ccbd99e120: ;   {metadata(method data for {method} {0x000001cd176931b8} 'gnK' '()J' in 'ui/utils/s/d')}
  0x000001ccbd99e120: 48be b01f | 0719 cd01 | 0000 8bbe | cc00 0000 | 83c7 0289 | becc 0000 | 0081 e7fe | ff1f 0083 
  0x000001ccbd99e140: ff00 0f84 | a417 0000 

  0x000001ccbd99e148: ;   {metadata(method data for {method} {0x000001cd176931b8} 'gnK' '()J' in 'ui/utils/s/d')}
  0x000001ccbd99e148: 48be b01f | 0719 cd01 | 0000 4883 | 8610 0100 

  0x000001ccbd99e158: ;   {runtime_call}
  0x000001ccbd99e158: 0001 48b8 | 4023 1f21 | fa7f 0000 

  0x000001ccbd99e164: ;   {other}
  0x000001ccbd99e164: ffd0 0f1f | 8400 0000 | 0000 4889 | 8424 5001 

  0x000001ccbd99e174: ;   {metadata('java/util/ArrayList')}
  0x000001ccbd99e174: 0000 48ba | 48ad 0bd6 | cc01 0000 | 498b 87b8 | 0100 0048 | 8d78 1849 | 3bbf c801 | 0000 0f87 
  0x000001ccbd99e194: 7517 0000 | 4989 bfb8 | 0100 0048 | c700 0100 | 0000 488b | ca49 ba00 | 0000 d6cc | 0100 0049 
  0x000001ccbd99e1b4: 2bca 8948 | 0848 33c9 | 8948 0c48 | 33c9 4889 | 4810 488b 

  0x000001ccbd99e1c8: ;   {metadata(method data for {method} {0x000001cd3c242338} 'mCQ' '()V' in 'ui/views/waveform/c/a')}
  0x000001ccbd99e1c8: d048 beb0 | 57ce 3ccd | 0100 0048 | 8386 7801 

  0x000001ccbd99e1d8: ;   {metadata(method data for {method} {0x000001ccd60bd390} '<init>' '()V' in 'java/util/ArrayList')}
  0x000001ccbd99e1d8: 0000 0148 | ba40 5e35 | 17cd 0100 | 008b b2cc | 0000 0083 | c602 89b2 | cc00 0000 | 81e6 feff 
  0x000001ccbd99e1f8: 1f00 83fe | 000f 8417 | 1700 0048 

  0x000001ccbd99e204: ;   {metadata(method data for {method} {0x000001ccd60bd390} '<init>' '()V' in 'java/util/ArrayList')}
  0x000001ccbd99e204: 8bd0 48be | 405e 3517 | cd01 0000 | 4883 8610 | 0100 0001 

  0x000001ccbd99e218: ;   {metadata(method data for {method} {0x000001ccd605b948} '<init>' '()V' in 'java/util/AbstractList')}
  0x000001ccbd99e218: 48ba d0ac | 1217 cd01 | 0000 8bb2 | cc00 0000 | 83c6 0289 | b2cc 0000 | 0081 e6fe | ff1f 0083 
  0x000001ccbd99e238: fe00 0f84 | fb16 0000 

  0x000001ccbd99e240: ;   {metadata(method data for {method} {0x000001ccd605b948} '<init>' '()V' in 'java/util/AbstractList')}
  0x000001ccbd99e240: 488b d048 | bed0 ac12 | 17cd 0100 | 0048 8386 | 1001 0000 

  0x000001ccbd99e254: ;   {metadata(method data for {method} {0x000001ccd605acf8} '<init>' '()V' in 'java/util/AbstractCollection')}
  0x000001ccbd99e254: 0148 ba18 | e601 17cd | 0100 008b | b2cc 0000 | 0083 c602 | 89b2 cc00 | 0000 81e6 | feff 1f00 
  0x000001ccbd99e274: 83fe 000f | 84df 1600 | 0048 8bd0 

  0x000001ccbd99e280: ;   {metadata(method data for {method} {0x000001ccd605acf8} '<init>' '()V' in 'java/util/AbstractCollection')}
  0x000001ccbd99e280: 48be 18e6 | 0117 cd01 | 0000 4883 | 8610 0100 

  0x000001ccbd99e290: ;   {metadata(method data for {method} {0x000001ccd6479fd0} '<init>' '()V' in 'java/lang/Object')}
  0x000001ccbd99e290: 0001 48ba | 5075 0017 | cd01 0000 | 8bb2 cc00 | 0000 83c6 | 0289 b2cc | 0000 0081 | e6fe ff1f 
  0x000001ccbd99e2b0: 0083 fe00 | 0f84 c316 | 0000 410f | be57 4083 | fa00 0f85 | d616 0000 

  0x000001ccbd99e2c8: ;   {oop(a 'java/lang/Object'[0] {0x0000000680fb6498})}
  0x000001ccbd99e2c8: 49ba 9864 | fb80 0600 | 0000 49c1 | ea03 4489 

  0x000001ccbd99e2d8: ;   {oop(a 'java/lang/Object'[0] {0x0000000680fb6498})}
  0x000001ccbd99e2d8: 5014 48ba | 9864 fb80 | 0600 0000 | 488b f048 | 33f2 48c1 | ee16 4883 | fe00 0f85 | c516 0000 
  0x000001ccbd99e2f8: 488b 9424 | 3001 0000 | 8bb2 0402 | 0000 48c1 | e603 4883 

  0x000001ccbd99e30c: ;   {metadata(method data for {method} {0x000001cd3c242338} 'mCQ' '()V' in 'ui/views/waveform/c/a')}
  0x000001ccbd99e30c: fe00 48bf | b057 ce3c | cd01 0000 | 48b9 8801 | 0000 0000 | 0000 0f85 | 0a00 0000 | 48b9 9801 
  0x000001ccbd99e32c: 0000 0000 | 0000 4c8b | 040f 4d8d | 4001 4c89 | 040f 0f85 | 4604 0000 | 4889 8424 | 4801 0000 
  0x000001ccbd99e34c: ;   {metadata('ui/data/r/a')}
  0x000001ccbd99e34c: 4c8b da48 | ba38 21ba | d7cc 0100 | 0049 8b87 | b801 0000 | 488d b880 | 0000 0049 | 3bbf c801 
  0x000001ccbd99e36c: 0000 0f87 | 6116 0000 | 4989 bfb8 | 0100 0048 | c700 0100 | 0000 488b | ca49 ba00 | 0000 d6cc 
  0x000001ccbd99e38c: 0100 0049 | 2bca 8948 | 0848 33c9 | 8948 0c48 | 33c9 48bf | 0e00 0000 | 0000 0000 | 4889 4cf8 
  0x000001ccbd99e3ac: 0848 ffcf | 75f6 458b | 8300 0200 | 0049 c1e0 | 0349 3b00 

  0x000001ccbd99e3c0: ;   {metadata(method data for {method} {0x000001cd3c242338} 'mCQ' '()V' in 'ui/views/waveform/c/a')}
  0x000001ccbd99e3c0: 4d8b c848 | bab0 57ce | 3ccd 0100 | 0048 8382 | c001 0000 

  0x000001ccbd99e3d4: ;   {metadata(method data for {method} {0x000001cd19e15190} 'mBu' '()Lui/views/waveform/c/a;' in 'ui/views/waveform/u')}
  0x000001ccbd99e3d4: 0149 b988 | 73d8 3ccd | 0100 0041 | 8b91 cc00 | 0000 83c2 | 0241 8991 | cc00 0000 | 81e2 feff 
  0x000001ccbd99e3f4: 1f00 83fa | 000f 84e8 | 1500 0045 | 8b80 f801 | 0000 49c1 | e003 4983 

  0x000001ccbd99e40c: ;   {metadata(method data for {method} {0x000001cd19e15190} 'mBu' '()Lui/views/waveform/c/a;' in 'ui/views/waveform/u')}
  0x000001ccbd99e40c: f800 49b9 | 8873 d83c | cd01 0000 | 48ba 1001 | 0000 0000 | 0000 0f85 | 0a00 0000 | 48ba 2001 
  0x000001ccbd99e42c: 0000 0000 | 0000 498b | 3411 488d | 7601 4989 | 3411 0f85 | 2000 0000 

  0x000001ccbd99e444: ;   {metadata(method data for {method} {0x000001cd19e15190} 'mBu' '()Lui/views/waveform/c/a;' in 'ui/views/waveform/u')}
  0x000001ccbd99e444: 49b8 8873 | d83c cd01 | 0000 41ff | 8030 0100 

  0x000001ccbd99e454: ;   {oop(nullptr)}
  0x000001ccbd99e454: 0049 b900 | 0000 0000 | 0000 00e9 | 0e00 0000 

  0x000001ccbd99e464: ; implicit exception: dispatches to 0x000001ccbd99fa08
  0x000001ccbd99e464: 458b 807c | 0100 0049 | c1e0 034d | 8bc8 4c8b 

  0x000001ccbd99e474: ;   {metadata(method data for {method} {0x000001cd3c242338} 'mCQ' '()V' in 'ui/views/waveform/c/a')}
  0x000001ccbd99e474: c048 b9b0 | 57ce 3ccd | 0100 0048 | 8381 e001 

  0x000001ccbd99e484: ;   {oop(""{0x000000068206c7e0})}
  0x000001ccbd99e484: 0000 0149 | b8e0 c706 | 8206 0000 | 0048 8bd0 | 4889 8424 | 4001 0000 

  0x000001ccbd99e49c: ;   {optimized virtual_call}
  0x000001ccbd99e49c: 6666 90e8 

  0x000001ccbd99e4a0: ; ImmutableOopMap {[304]=Oop [312]=Oop [320]=Oop [328]=Oop }
                      ;*invokespecial <init> {reexecute=0 rethrow=0 return_oop=0}
                      ; - ui.views.waveform.c.a::mCQ@50 (line 472)
  0x000001ccbd99e4a0: a01a 0000 

  0x000001ccbd99e4a4: ;   {other}
  0x000001ccbd99e4a4: 0f1f 8400 | 1409 0001 | 450f be47 | 4041 83f8 | 0048 8b94 | 2430 0100 | 000f 854a | 1500 0048 
  0x000001ccbd99e4c4: 8b84 2440 | 0100 004c | 8bd0 49c1 | ea03 4489 | 9204 0200 | 004c 8bc2 | 4c33 c049 | c1e8 1649 
  0x000001ccbd99e4e4: 83f8 000f | 8543 1500 | 0045 0fbe | 4740 4183 | f800 0f85 | 4c15 0000 | 488b bc24 | 4801 0000 
  0x000001ccbd99e504: 4c8b d749 | c1ea 0344 | 8950 284c | 8bc0 4c33 | c749 c1e8 | 1649 83f8 | 000f 8545 | 1500 0045 
  0x000001ccbd99e524: 0fbe 4740 | 4183 f800 | 0f85 4e15 | 0000 c740 | 4400 0000 | 0045 0fbe | 4740 4183 | f800 0f85 
  0x000001ccbd99e544: 5815 0000 | c740 3000 | 0000 004c 

  0x000001ccbd99e550: ;   {metadata(method data for {method} {0x000001cd3c242338} 'mCQ' '()V' in 'ui/views/waveform/c/a')}
  0x000001ccbd99e550: 8bc0 48be | b057 ce3c | cd01 0000 | 4883 86f0 | 0100 0001 

  0x000001ccbd99e564: ;   {metadata(method data for {method} {0x000001cd3c65e338} 'ch' '(Ljava/io/InputStream;)Z' in 'ui/data/r/a')}
  0x000001ccbd99e564: 49b8 a076 | d83c cd01 | 0000 418b | b0cc 0000 | 0083 c602 | 4189 b0cc | 0000 0081 | e6fe ff1f 
  0x000001ccbd99e584: 0083 fe00 | 0f84 3215 | 0000 488b | 9c24 3801 | 0000 4883 

  0x000001ccbd99e598: ;   {metadata(method data for {method} {0x000001cd3c65e338} 'ch' '(Ljava/io/InputStream;)Z' in 'ui/data/r/a')}
  0x000001ccbd99e598: fb00 49b8 | a076 d83c | cd01 0000 | 48be 1001 | 0000 0000 | 0000 0f85 | 0a00 0000 | 48be 2001 
  0x000001ccbd99e5b8: 0000 0000 | 0000 498b | 3c30 488d | 7f01 4989 | 3c30 0f85 | 0a00 0000 | be00 0000 | 00e9 3700 
  0x000001ccbd99e5d8: 0000 4c8b 

  0x000001ccbd99e5dc: ;   {metadata(method data for {method} {0x000001cd3c65e338} 'ch' '(Ljava/io/InputStream;)Z' in 'ui/data/r/a')}
  0x000001ccbd99e5dc: c048 bea0 | 76d8 3ccd | 0100 0048 | 8386 3001 | 0000 014c | 8bc3 488b 

  0x000001ccbd99e5f4: ;   {optimized virtual_call}
  0x000001ccbd99e5f4: d066 90e8 

  0x000001ccbd99e5f8: ; ImmutableOopMap {[304]=Oop }
                      ;*invokevirtual cj {reexecute=0 rethrow=0 return_oop=0}
                      ; - ui.data.r.a::ch@8 (line 296)
                      ; - ui.views.waveform.c.a::mCQ@86 (line 479)
  0x000001ccbd99e5f8: 5719 0000 

  0x000001ccbd99e5fc: ;   {other}
  0x000001ccbd99e5fc: 0f1f 8400 | 6c0a 0002 | be01 0000 | 0048 8b94 | 2430 0100 | 008b b200 | 0200 0048 | c1e6 0348 
  0x000001ccbd99e61c: 3b06 488b 

  0x000001ccbd99e620: ;   {metadata(method data for {method} {0x000001cd3c242338} 'mCQ' '()V' in 'ui/views/waveform/c/a')}
  0x000001ccbd99e620: fe48 bbb0 | 57ce 3ccd | 0100 0048 | 8383 4002 

  0x000001ccbd99e630: ;   {metadata(method data for {method} {0x000001cd19e15190} 'mBu' '()Lui/views/waveform/c/a;' in 'ui/views/waveform/u')}
  0x000001ccbd99e630: 0000 0148 | bf88 73d8 | 3ccd 0100 | 008b 9fcc | 0000 0083 | c302 899f | cc00 0000 | 81e3 feff 
  0x000001ccbd99e650: 1f00 83fb | 000f 848b | 1400 008b | b6f8 0100 | 0048 c1e6 | 0348 83fe 

  0x000001ccbd99e668: ;   {metadata(method data for {method} {0x000001cd19e15190} 'mBu' '()Lui/views/waveform/c/a;' in 'ui/views/waveform/u')}
  0x000001ccbd99e668: 0048 bf88 | 73d8 3ccd | 0100 0048 | bb10 0100 | 0000 0000 | 000f 850a | 0000 0048 | bb20 0100 
  0x000001ccbd99e688: 0000 0000 | 0048 8b04 | 1f48 8d40 | 0148 8904 | 1f0f 851f 

  0x000001ccbd99e69c: ;   {metadata(method data for {method} {0x000001cd19e15190} 'mBu' '()Lui/views/waveform/c/a;' in 'ui/views/waveform/u')}
  0x000001ccbd99e69c: 0000 0048 | be88 73d8 | 3ccd 0100 | 00ff 8630 

  0x000001ccbd99e6ac: ;   {oop(nullptr)}
  0x000001ccbd99e6ac: 0100 0048 | be00 0000 | 0000 0000 | 00e9 0a00 | 0000 8bb6 | 7c01 0000 | 48c1 e603 

  0x000001ccbd99e6c8: ; implicit exception: dispatches to 0x000001ccbd99fb0c
  0x000001ccbd99e6c8: 483b 0648 

  0x000001ccbd99e6cc: ;   {metadata(method data for {method} {0x000001cd3c242338} 'mCQ' '()V' in 'ui/views/waveform/c/a')}
  0x000001ccbd99e6cc: 8bfe 48bb | b057 ce3c | cd01 0000 | 8b7f 0849 | ba00 0000 | d6cc 0100 | 0049 03fa | 483b bb70 
  0x000001ccbd99e6ec: 0200 0075 | 0d48 8383 | 7802 0000 | 01e9 6000 | 0000 483b | bb80 0200 | 0075 0d48 | 8383 8802 
  0x000001ccbd99e70c: 0000 01e9 | 4a00 0000 | 4883 bb70 | 0200 0000 | 7517 4889 | bb70 0200 | 0048 c783 | 7802 0000 
  0x000001ccbd99e72c: 0100 0000 | e929 0000 | 0048 83bb | 8002 0000 | 0075 1748 | 89bb 8002 | 0000 48c7 | 8388 0200 
  0x000001ccbd99e74c: 0001 0000 | 00e9 0800 | 0000 4883 | 8360 0200 | 0001 488b | d666 0f1f 

  0x000001ccbd99e764: ;   {optimized virtual_call}
  0x000001ccbd99e764: 4400 00e8 

  0x000001ccbd99e768: ; ImmutableOopMap {[304]=Oop }
                      ;*invokevirtual revalidate {reexecute=0 rethrow=0 return_oop=0}
                      ; - ui.views.waveform.c.a::mCQ@97 (line 480)
  0x000001ccbd99e768: 7411 4d07 

  0x000001ccbd99e76c: ;   {other}
  0x000001ccbd99e76c: 0f1f 8400 | dc0b 0003 

  0x000001ccbd99e774: ;   {metadata(method data for {method} {0x000001cd3c242338} 'mCQ' '()V' in 'ui/views/waveform/c/a')}
  0x000001ccbd99e774: 49b8 b057 | ce3c cd01 | 0000 41ff | 8098 0200 | 00e9 6200 | 0000 488b | f848 8b9c | 2438 0100 
  0x000001ccbd99e794: 0045 0fbe | 4740 4183 | f800 0f85 | 6d13 0000 | 4c8b d749 | c1ea 0344 | 8956 284c | 8bc6 4c33 
  0x000001ccbd99e7b4: c749 c1e8 | 1649 83f8 | 000f 8573 | 1300 004c 

  0x000001ccbd99e7c4: ;   {metadata(method data for {method} {0x000001cd3c242338} 'mCQ' '()V' in 'ui/views/waveform/c/a')}
  0x000001ccbd99e7c4: 8bc6 48ba | b057 ce3c | cd01 0000 | 4883 82b0 | 0200 0001 | 4c8b c348 

  0x000001ccbd99e7dc: ;   {optimized virtual_call}
  0x000001ccbd99e7dc: 8bd6 90e8 

  0x000001ccbd99e7e0: ; ImmutableOopMap {[304]=Oop }
                      ;*invokevirtual ci {reexecute=0 rethrow=0 return_oop=0}
                      ; - ui.views.waveform.c.a::mCQ@117 (line 484)
  0x000001ccbd99e7e0: 5c73 56ff 

  0x000001ccbd99e7e4: ;   {other}
  0x000001ccbd99e7e4: 0f1f 8400 | 540c 0004 | 488b 9424 | 3001 0000 

  0x000001ccbd99e7f4: ;   {metadata(method data for {method} {0x000001cd3c242338} 'mCQ' '()V' in 'ui/views/waveform/c/a')}
  0x000001ccbd99e7f4: 4c8b c248 | beb0 57ce | 3ccd 0100 | 0048 8386 | e802 0000 | 0141 b800 | 0000 0048 | 8bf2 488b 
  0x000001ccbd99e814: ;   {optimized virtual_call}
  0x000001ccbd99e814: d666 90e8 

  0x000001ccbd99e818: ; ImmutableOopMap {[304]=Oop }
                      ;*invokespecial Al {reexecute=0 rethrow=0 return_oop=0}
                      ; - ui.views.waveform.c.a::mCQ@123 (line 487)
  0x000001ccbd99e818: 449a 14ff 

  0x000001ccbd99e81c: ;   {other}
  0x000001ccbd99e81c: 0f1f 8400 | 8c0c 0005 | 488b 9424 | 3001 0000 

  0x000001ccbd99e82c: ;   {metadata(method data for {method} {0x000001cd3c242338} 'mCQ' '()V' in 'ui/views/waveform/c/a')}
  0x000001ccbd99e82c: 48be b057 | ce3c cd01 | 0000 8b52 | 0849 ba00 | 0000 d6cc | 0100 0049 | 03d2 483b | 9608 0300 
  0x000001ccbd99e84c: 0075 0d48 | 8386 1003 | 0000 01e9 | 6000 0000 | 483b 9618 | 0300 0075 | 0d48 8386 | 2003 0000 
  0x000001ccbd99e86c: 01e9 4a00 | 0000 4883 | be08 0300 | 0000 7517 | 4889 9608 | 0300 0048 | c786 1003 | 0000 0100 
  0x000001ccbd99e88c: 0000 e929 | 0000 0048 | 83be 1803 | 0000 0075 | 1748 8996 | 1803 0000 | 48c7 8620 | 0300 0001 
  0x000001ccbd99e8ac: 0000 00e9 | 0800 0000 | 4883 86f8 | 0200 0001 

  0x000001ccbd99e8bc: ;   {metadata(method data for {method} {0x000001cd17fe1c08} 'iTS' '()V' in 'ui/frmwork/b/b')}
  0x000001ccbd99e8bc: 48ba 98b6 | d73c cd01 | 0000 8bb2 | cc00 0000 | 83c6 0289 | b2cc 0000 | 0081 e6fe | ff1f 0083 
  0x000001ccbd99e8dc: fe00 0f84 | 6a12 0000 | 488b 9424 | 3001 0000 

  0x000001ccbd99e8ec: ;   {metadata(method data for {method} {0x000001cd17fe1c08} 'iTS' '()V' in 'ui/frmwork/b/b')}
  0x000001ccbd99e8ec: 48be 98b6 | d73c cd01 | 0000 8b52 | 0849 ba00 | 0000 d6cc | 0100 0049 | 03d2 483b | 9620 0100 
  0x000001ccbd99e90c: 0075 0d48 | 8386 2801 | 0000 01e9 | 6000 0000 | 483b 9630 | 0100 0075 | 0d48 8386 | 3801 0000 
  0x000001ccbd99e92c: 01e9 4a00 | 0000 4883 | be20 0100 | 0000 7517 | 4889 9620 | 0100 0048 | c786 2801 | 0000 0100 
  0x000001ccbd99e94c: 0000 e929 | 0000 0048 | 83be 3001 | 0000 0075 | 1748 8996 | 3001 0000 | 48c7 8638 | 0100 0001 
  0x000001ccbd99e96c: 0000 00e9 | 0800 0000 | 4883 8610 | 0100 0001 | 488b 9424 | 3001 0000 

  0x000001ccbd99e984: ;   {optimized virtual_call}
  0x000001ccbd99e984: 6666 90e8 

  0x000001ccbd99e988: ; ImmutableOopMap {[304]=Oop }
                      ;*invokevirtual ike {reexecute=0 rethrow=0 return_oop=0}
                      ; - ui.frmwork.b.b::iTS@2 (line 1202)
                      ; - ui.views.waveform.c.a::mCQ@127 (line 488)
  0x000001ccbd99e988: 34a4 7207 

  0x000001ccbd99e98c: ;   {other}
  0x000001ccbd99e98c: 0f1f 8400 | fc0d 0006 | 488b 9424 | 3001 0000 

  0x000001ccbd99e99c: ;   {metadata(method data for {method} {0x000001cd17fe1c08} 'iTS' '()V' in 'ui/frmwork/b/b')}
  0x000001ccbd99e99c: 49b8 98b6 | d73c cd01 | 0000 4983 | 8048 0100 | 0001 4c8b | c048 8b94 | 2430 0100 | 0066 0f1f 
  0x000001ccbd99e9bc: ;   {optimized virtual_call}
  0x000001ccbd99e9bc: 4400 00e8 

  0x000001ccbd99e9c0: ; ImmutableOopMap {[304]=Oop }
                      ;*invokevirtual K {reexecute=0 rethrow=0 return_oop=0}
                      ; - ui.frmwork.b.b::iTS@5 (line 1202)
                      ; - ui.views.waveform.c.a::mCQ@127 (line 488)
  0x000001ccbd99e9c0: dc87 34ff 

  0x000001ccbd99e9c4: ;   {other}
  0x000001ccbd99e9c4: 0f1f 8400 | 340e 0007 | 488b 9424 | 3001 0000 

  0x000001ccbd99e9d4: ;   {metadata(method data for {method} {0x000001cd17fe1c08} 'iTS' '()V' in 'ui/frmwork/b/b')}
  0x000001ccbd99e9d4: 48be 98b6 | d73c cd01 | 0000 4883 | 8680 0100 | 0001 488b | 9424 3001 

  0x000001ccbd99e9ec: ;   {optimized virtual_call}
  0x000001ccbd99e9ec: 0000 90e8 

  0x000001ccbd99e9f0: ; ImmutableOopMap {}
                      ;*invokespecial repaint {reexecute=0 rethrow=0 return_oop=0}
                      ; - ui.frmwork.b.b::iTS@10 (line 1203)
                      ; - ui.views.waveform.c.a::mCQ@127 (line 488)
  0x000001ccbd99e9f0: cca1 e006 

  0x000001ccbd99e9f4: ;   {other}
  0x000001ccbd99e9f4: 0f1f 8400 | 640e 0008 

  0x000001ccbd99e9fc: ;   {metadata(method data for {method} {0x000001cd3c242338} 'mCQ' '()V' in 'ui/views/waveform/c/a')}
  0x000001ccbd99e9fc: 48be b057 | ce3c cd01 | 0000 4883 | 8630 0300 

  0x000001ccbd99ea0c: ;   {metadata(method data for {method} {0x000001cd176931b8} 'gnK' '()J' in 'ui/utils/s/d')}
  0x000001ccbd99ea0c: 0001 48be | b01f 0719 | cd01 0000 | 8bbe cc00 | 0000 83c7 | 0289 becc | 0000 0081 | e7fe ff1f 
  0x000001ccbd99ea2c: 0083 ff00 | 0f84 3911 

  0x000001ccbd99ea34: ;   {metadata(method data for {method} {0x000001cd176931b8} 'gnK' '()J' in 'ui/utils/s/d')}
  0x000001ccbd99ea34: 0000 48be | b01f 0719 | cd01 0000 | 4883 8610 | 0100 0001 

  0x000001ccbd99ea48: ;   {runtime_call}
  0x000001ccbd99ea48: 48b8 4023 | 1f21 fa7f | 0000 ffd0 

  0x000001ccbd99ea54: ;   {other}
  0x000001ccbd99ea54: 0f1f 8400 | 0000 0000 | 488b 9424 | 5001 0000 | 482b c248 | 8984 2458 

  0x000001ccbd99ea6c: ;   {metadata(method data for {method} {0x000001ccd60aff60} 'linkToTargetMethod' '(JLjava/lang/Object;)Ljava/lang/Object;' in 'java/lang/invoke/Invokers$Holder')}
  0x000001ccbd99ea6c: 0100 0048 | ba68 beb3 | 3ccd 0100 | 0048 8d92 | f801 0000 

  0x000001ccbd99ea80: ;   {oop(a 'java/lang/invoke/BoundMethodHandle$Species_LLLL'{0x000000068319b078})}
  0x000001ccbd99ea80: 48be 78b0 | 1983 0600 | 0000 488b | fe48 85ff | 7504 4883 

  0x000001ccbd99ea94: ;   {metadata(method data for {method} {0x000001cd3c242338} 'mCQ' '()V' in 'ui/views/waveform/c/a')}
  0x000001ccbd99ea94: 0a01 48ba | b057 ce3c | cd01 0000 | 4883 8240 | 0300 0001 

  0x000001ccbd99eaa8: ;   {metadata(method data for {method} {0x000001ccd60aff60} 'linkToTargetMethod' '(JLjava/lang/Object;)Ljava/lang/Object;' in 'java/lang/invoke/Invokers$Holder')}
  0x000001ccbd99eaa8: 48ba 68be | b33c cd01 | 0000 8bba | cc00 0000 | 83c7 0289 | bacc 0000 | 0081 e7fe | ff1f 0083 
  0x000001ccbd99eac8: ff00 0f84 | c010 0000 

  0x000001ccbd99ead0: ;   {metadata(method data for {method} {0x000001cd3c042348} 'invoke' '(Ljava/lang/Object;J)Ljava/lang/Object;' in 'java/lang/invoke/LambdaForm$MH+0x000001ccd7ae0400')}
  0x000001ccbd99ead0: 48ba 0020 | ad3c cd01 | 0000 488d | 92b8 0300 | 0048 85f6 | 7504 4883 

  0x000001ccbd99eae8: ;   {metadata(method data for {method} {0x000001ccd60aff60} 'linkToTargetMethod' '(JLjava/lang/Object;)Ljava/lang/Object;' in 'java/lang/invoke/Invokers$Holder')}
  0x000001ccbd99eae8: 0a01 48ba | 68be b33c | cd01 0000 | 4883 8248 | 0100 0001 

  0x000001ccbd99eafc: ;   {metadata(method data for {method} {0x000001cd3c042348} 'invoke' '(Ljava/lang/Object;J)Ljava/lang/Object;' in 'java/lang/invoke/LambdaForm$MH+0x000001ccd7ae0400')}
  0x000001ccbd99eafc: 48ba 0020 | ad3c cd01 | 0000 8bb2 | cc00 0000 | 83c6 0289 | b2cc 0000 | 0081 e6fe | ff1f 0083 
  0x000001ccbd99eb1c: fe00 0f84 | 8d10 0000 

  0x000001ccbd99eb24: ;   {metadata(method data for {method} {0x000001cd3c041aa0} 'invoke' '(Ljava/lang/Object;J)J' in 'java/lang/invoke/LambdaForm$MH+0x000001ccd7ae0000')}
  0x000001ccbd99eb24: 48ba 001d | 043c cd01 | 0000 488d | 9220 0200 

  0x000001ccbd99eb34: ;   {oop(a 'java/lang/invoke/BoundMethodHandle$Species_LJ'{0x000000068319b168})}
  0x000001ccbd99eb34: 0048 be68 | b119 8306 | 0000 0048 | 85f6 7504 | 4883 0a01 

  0x000001ccbd99eb48: ;   {metadata(method data for {method} {0x000001cd3c042348} 'invoke' '(Ljava/lang/Object;J)Ljava/lang/Object;' in 'java/lang/invoke/LambdaForm$MH+0x000001ccd7ae0400')}
  0x000001ccbd99eb48: 48ba 0020 | ad3c cd01 | 0000 4883 | 8280 0100 

  0x000001ccbd99eb58: ;   {metadata(method data for {method} {0x000001cd3c041aa0} 'invoke' '(Ljava/lang/Object;J)J' in 'java/lang/invoke/LambdaForm$MH+0x000001ccd7ae0000')}
  0x000001ccbd99eb58: 0001 48ba | 001d 043c | cd01 0000 | 8bb2 cc00 | 0000 83c6 | 0289 b2cc | 0000 0081 | e6fe ff1f 
  0x000001ccbd99eb78: 0083 fe00 | 0f84 5010 

  0x000001ccbd99eb80: ;   {metadata(method data for {method} {0x000001ccd60b4ff0} 'invokeStatic' '(Ljava/lang/Object;JJ)J' in 'java/lang/invoke/DirectMethodHandle$Holder')}
  0x000001ccbd99eb80: 0000 48ba | 68c0 b33c | cd01 0000 | 488d 9218 

  0x000001ccbd99eb90: ;   {oop(a 'java/lang/invoke/DirectMethodHandle'{0x000000068368a988})}
  0x000001ccbd99eb90: 0200 0048 | be88 a968 | 8306 0000 | 0048 8bfe | 4885 ff75 | 0448 830a 

  0x000001ccbd99eba8: ;   {metadata(method data for {method} {0x000001cd3c041aa0} 'invoke' '(Ljava/lang/Object;J)J' in 'java/lang/invoke/LambdaForm$MH+0x000001ccd7ae0000')}
  0x000001ccbd99eba8: 0148 ba00 | 1d04 3ccd | 0100 0048 | 8382 8001 

  0x000001ccbd99ebb8: ;   {metadata(method data for {method} {0x000001ccd60b4ff0} 'invokeStatic' '(Ljava/lang/Object;JJ)J' in 'java/lang/invoke/DirectMethodHandle$Holder')}
  0x000001ccbd99ebb8: 0000 0148 | ba68 c0b3 | 3ccd 0100 | 008b bacc | 0000 0083 | c702 89ba | cc00 0000 | 81e7 feff 
  0x000001ccbd99ebd8: 1f00 83ff | 000f 8410 

  0x000001ccbd99ebe0: ;   {metadata(method data for {method} {0x000001ccd60b4ff0} 'invokeStatic' '(Ljava/lang/Object;JJ)J' in 'java/lang/invoke/DirectMethodHandle$Holder')}
  0x000001ccbd99ebe0: 1000 0048 | ba68 c0b3 | 3ccd 0100 | 0048 8d92 | 2001 0000 | 4885 f675 | 0548 834a 

  0x000001ccbd99ebfc: ;   {metadata(method data for {method} {0x000001ccd60b4ff0} 'invokeStatic' '(Ljava/lang/Object;JJ)J' in 'java/lang/invoke/DirectMethodHandle$Holder')}
  0x000001ccbd99ebfc: 0801 48ba | 68c0 b33c | cd01 0000 | 4883 8210 | 0100 0001 

  0x000001ccbd99ec10: ;   {metadata(method data for {method} {0x000001ccd60a3038} 'internalMemberName' '(Ljava/lang/Object;)Ljava/lang/Object;' in 'java/lang/invoke/DirectMethodHandle')}
  0x000001ccbd99ec10: 48ba 58ce | 2317 cd01 | 0000 8bb2 | cc00 0000 | 83c6 0289 | b2cc 0000 | 0081 e6fe | ff1f 0083 
  0x000001ccbd99ec30: fe00 0f84 | dc0f 0000 

  0x000001ccbd99ec38: ;   {metadata(method data for {method} {0x000001ccd60b4ff0} 'invokeStatic' '(Ljava/lang/Object;JJ)J' in 'java/lang/invoke/DirectMethodHandle$Holder')}
  0x000001ccbd99ec38: 48ba 68c0 | b33c cd01 | 0000 488d | 9230 0100 

  0x000001ccbd99ec48: ;   {oop(a 'java/lang/invoke/MemberName'{0x000000068368a9b0} = {method} {0x000001ccd6424ef8} 'mix' '(JJ)J' in 'java/lang/StringConcatHelper')}
  0x000001ccbd99ec48: 0048 beb0 | a968 8306 | 0000 0048 | 85f6 7504 | 4883 0a01 

  0x000001ccbd99ec5c: ;   {metadata(method data for {method} {0x000001ccd60b4ff0} 'invokeStatic' '(Ljava/lang/Object;JJ)J' in 'java/lang/invoke/DirectMethodHandle$Holder')}
  0x000001ccbd99ec5c: 48ba 68c0 | b33c cd01 | 0000 4883 | 8278 0100 

  0x000001ccbd99ec6c: ;   {metadata(method data for {method} {0x000001ccd6424ef8} 'mix' '(JJ)J' in 'java/lang/StringConcatHelper')}
  0x000001ccbd99ec6c: 0001 48ba | 88c2 b33c | cd01 0000 | 8bb2 cc00 | 0000 83c6 | 0289 b2cc | 0000 0081 | e6fe ff1f 
  0x000001ccbd99ec8c: 0083 fe00 | 0f84 9f0f 

  0x000001ccbd99ec94: ;   {metadata(method data for {method} {0x000001ccd6424ef8} 'mix' '(JJ)J' in 'java/lang/StringConcatHelper')}
  0x000001ccbd99ec94: 0000 48ba | 88c2 b33c | cd01 0000 | 4883 8210 | 0100 0001 | 488b d00f 

  0x000001ccbd99ecac: ;   {static_call}
  0x000001ccbd99ecac: 1f40 00e8 

  0x000001ccbd99ecb0: ; ImmutableOopMap {}
                      ;*invokestatic stringSize {reexecute=0 rethrow=0 return_oop=0}
                      ; - java.lang.StringConcatHelper::mix@2 (line 112)
                      ; - java.lang.invoke.DirectMethodHandle$Holder::invokeStatic@13
                      ; - java.lang.invoke.LambdaForm$MH/0x000001ccd7ae0000::invoke@23
                      ; - java.lang.invoke.LambdaForm$MH/0x000001ccd7ae0400::invoke@15
                      ; - java.lang.invoke.Invokers$Holder::linkToTargetMethod@5
                      ; - ui.views.waveform.c.a::mCQ@135 (line 490)
  0x000001ccbd99ecb0: ecf4 cc07 

  0x000001ccbd99ecb4: ;   {other}
  0x000001ccbd99ecb4: 0f1f 8400 | 2411 0009 | 4863 c048 | b916 0000 | 0000 0000 | 0048 03c1 | 4889 8424 | 6001 0000 
  0x000001ccbd99ecd4: ;   {metadata(method data for {method} {0x000001ccd6424ef8} 'mix' '(JJ)J' in 'java/lang/StringConcatHelper')}
  0x000001ccbd99ecd4: 48b9 88c2 | b33c cd01 | 0000 4883 | 8120 0100 

  0x000001ccbd99ece4: ;   {metadata(method data for {method} {0x000001ccd6424920} 'checkOverflow' '(J)J' in 'java/lang/StringConcatHelper')}
  0x000001ccbd99ece4: 0001 48b9 | 181e 2317 | cd01 0000 | 448b 81cc | 0000 0041 | 83c0 0244 | 8981 cc00 | 0000 4181 
  0x000001ccbd99ed04: e0fe ff1f | 0041 83f8 | 000f 8443 | 0f00 008b | f083 fe00 

  0x000001ccbd99ed18: ;   {metadata(method data for {method} {0x000001ccd6424920} 'checkOverflow' '(J)J' in 'java/lang/StringConcatHelper')}
  0x000001ccbd99ed18: 48b9 181e | 2317 cd01 | 0000 49b8 | 1001 0000 | 0000 0000 | 0f8c 0a00 | 0000 49b8 | 2001 0000 
  0x000001ccbd99ed38: 0000 0000 | 4e8b 0c01 | 4d8d 4901 | 4e89 0c01 | 0f8c d30a 

  0x000001ccbd99ed4c: ;   {metadata(method data for {method} {0x000001cd17470e90} 'invoke' '(Ljava/lang/Object;J)Ljava/lang/Object;' in 'java/lang/invoke/LambdaForm$MH+0x000001ccd7010c00')}
  0x000001ccbd99ed4c: 0000 48b9 | 0811 4717 | cd01 0000 | 488d 8940 

  0x000001ccbd99ed5c: ;   {oop(a 'java/lang/invoke/BoundMethodHandle$Species_LL'{0x000000068319b110})}
  0x000001ccbd99ed5c: 0200 0049 | b810 b119 | 8306 0000 | 004d 85c0 | 7504 4883 

  0x000001ccbd99ed70: ;   {metadata(method data for {method} {0x000001cd3c042348} 'invoke' '(Ljava/lang/Object;J)Ljava/lang/Object;' in 'java/lang/invoke/LambdaForm$MH+0x000001ccd7ae0400')}
  0x000001ccbd99ed70: 0901 48b9 | 0020 ad3c | cd01 0000 | 4883 81f0 | 0100 0001 

  0x000001ccbd99ed84: ;   {metadata(method data for {method} {0x000001cd17470e90} 'invoke' '(Ljava/lang/Object;J)Ljava/lang/Object;' in 'java/lang/invoke/LambdaForm$MH+0x000001ccd7010c00')}
  0x000001ccbd99ed84: 48b9 0811 | 4717 cd01 | 0000 448b | 81cc 0000 | 0041 83c0 | 0244 8981 | cc00 0000 | 4181 e0fe 
  0x000001ccbd99eda4: ff1f 0041 | 83f8 000f | 84c6 0e00 

  0x000001ccbd99edb0: ;   {metadata(method data for {method} {0x000001cd17470e90} 'invoke' '(Ljava/lang/Object;J)Ljava/lang/Object;' in 'java/lang/invoke/LambdaForm$MH+0x000001ccd7010c00')}
  0x000001ccbd99edb0: 0048 b908 | 1147 17cd | 0100 0048 | 8d89 b801 

  0x000001ccbd99edc0: ;   {oop(" ms"{0x000000068319b138})}
  0x000001ccbd99edc0: 0000 49b8 | 38b1 1983 | 0600 0000 | 4d8b c84d | 85c9 7505 | 4883 4908 

  0x000001ccbd99edd8: ;   {metadata(method data for {method} {0x000001ccd60b4390} 'invokeStatic' '(Ljava/lang/Object;Ljava/lang/Object;J)Ljava/lang/Object;' in 'java/lang/invoke/DirectMethodHandle$Holder')}
  0x000001ccbd99edd8: 0148 b918 | 1ba1 17cd | 0100 0048 | 8d89 2802 

  0x000001ccbd99ede8: ;   {oop(a 'java/lang/invoke/DirectMethodHandle'{0x0000000682162ff0})}
  0x000001ccbd99ede8: 0000 49b9 | f02f 1682 | 0600 0000 | 498b d148 | 85d2 7504 | 4883 0901 | 498b d048 | 85d2 7505 
  0x000001ccbd99ee08: 4883 4910 

  0x000001ccbd99ee0c: ;   {metadata(method data for {method} {0x000001cd17470e90} 'invoke' '(Ljava/lang/Object;J)Ljava/lang/Object;' in 'java/lang/invoke/LambdaForm$MH+0x000001ccd7010c00')}
  0x000001ccbd99ee0c: 0148 b908 | 1147 17cd | 0100 0048 | 8381 8001 

  0x000001ccbd99ee1c: ;   {metadata(method data for {method} {0x000001ccd60b4390} 'invokeStatic' '(Ljava/lang/Object;Ljava/lang/Object;J)Ljava/lang/Object;' in 'java/lang/invoke/DirectMethodHandle$Holder')}
  0x000001ccbd99ee1c: 0000 0148 | b918 1ba1 | 17cd 0100 | 008b 91cc | 0000 0083 | c202 8991 | cc00 0000 | 81e2 feff 
  0x000001ccbd99ee3c: 1f00 83fa | 000f 8451 

  0x000001ccbd99ee44: ;   {metadata(method data for {method} {0x000001ccd60b4390} 'invokeStatic' '(Ljava/lang/Object;Ljava/lang/Object;J)Ljava/lang/Object;' in 'java/lang/invoke/DirectMethodHandle$Holder')}
  0x000001ccbd99ee44: 0e00 0048 | b918 1ba1 | 17cd 0100 | 0048 8d89 | 2001 0000 | 4d85 c975 | 0548 8349 

  0x000001ccbd99ee60: ;   {metadata(method data for {method} {0x000001ccd60b4390} 'invokeStatic' '(Ljava/lang/Object;Ljava/lang/Object;J)Ljava/lang/Object;' in 'java/lang/invoke/DirectMethodHandle$Holder')}
  0x000001ccbd99ee60: 0801 48b9 | 181b a117 | cd01 0000 | 4883 8110 | 0100 0001 

  0x000001ccbd99ee74: ;   {metadata(method data for {method} {0x000001ccd60a3038} 'internalMemberName' '(Ljava/lang/Object;)Ljava/lang/Object;' in 'java/lang/invoke/DirectMethodHandle')}
  0x000001ccbd99ee74: 48b9 58ce | 2317 cd01 | 0000 448b | 89cc 0000 | 0041 83c1 | 0244 8989 | cc00 0000 | 4181 e1fe 
  0x000001ccbd99ee94: ff1f 0041 | 83f9 000f | 8418 0e00 

  0x000001ccbd99eea0: ;   {metadata(method data for {method} {0x000001ccd60b4390} 'invokeStatic' '(Ljava/lang/Object;Ljava/lang/Object;J)Ljava/lang/Object;' in 'java/lang/invoke/DirectMethodHandle$Holder')}
  0x000001ccbd99eea0: 0048 b918 | 1ba1 17cd | 0100 0048 | 8d89 3001 

  0x000001ccbd99eeb0: ;   {oop(a 'java/lang/invoke/MemberName'{0x0000000682163058} = {method} {0x000001ccd6424818} 'newArrayWithSuffix' '(Ljava/lang/String;J)[B' in 'java/lang/StringConcatHelper')}
  0x000001ccbd99eeb0: 0000 49b9 | 5830 1682 | 0600 0000 | 4d85 c975 | 0448 8309 

  0x000001ccbd99eec4: ;   {metadata(method data for {method} {0x000001ccd60b4390} 'invokeStatic' '(Ljava/lang/Object;Ljava/lang/Object;J)Ljava/lang/Object;' in 'java/lang/invoke/DirectMethodHandle$Holder')}
  0x000001ccbd99eec4: 0148 b918 | 1ba1 17cd | 0100 0048 | 8d89 8801 | 0000 4d8b | c84d 85c9 | 7505 4883 

  0x000001ccbd99eee0: ;   {metadata(method data for {method} {0x000001ccd60b4390} 'invokeStatic' '(Ljava/lang/Object;Ljava/lang/Object;J)Ljava/lang/Object;' in 'java/lang/invoke/DirectMethodHandle$Holder')}
  0x000001ccbd99eee0: 4908 0148 | b918 1ba1 | 17cd 0100 | 0048 8381 | 7801 0000 

  0x000001ccbd99eef4: ;   {metadata(method data for {method} {0x000001ccd6424818} 'newArrayWithSuffix' '(Ljava/lang/String;J)[B' in 'java/lang/StringConcatHelper')}
  0x000001ccbd99eef4: 0148 b9b8 | 9e2b 19cd | 0100 0044 | 8b89 cc00 | 0000 4183 | c102 4489 | 89cc 0000 | 0041 81e1 
  0x000001ccbd99ef14: feff 1f00 | 4183 f900 | 0f84 b80d | 0000 498b 

  0x000001ccbd99ef24: ;   {metadata(method data for {method} {0x000001ccd6424818} 'newArrayWithSuffix' '(Ljava/lang/String;J)[B' in 'java/lang/StringConcatHelper')}
  0x000001ccbd99ef24: c849 b9b8 | 9e2b 19cd | 0100 0049 | 8381 1001 

  0x000001ccbd99ef34: ;   {metadata(method data for {method} {0x000001ccd600eee0} 'length' '()I' in 'java/lang/String')}
  0x000001ccbd99ef34: 0000 0148 | b9b0 1f01 | 17cd 0100 | 0044 8b89 | cc00 0000 | 4183 c102 | 4489 89cc | 0000 0041 
  0x000001ccbd99ef54: 81e1 feff | 1f00 4183 | f900 0f84 | 970d 0000 

  0x000001ccbd99ef64: ;   {metadata(method data for {method} {0x000001ccd600eee0} 'length' '()I' in 'java/lang/String')}
  0x000001ccbd99ef64: 48b9 b01f | 0117 cd01 | 0000 4883 | 8110 0100 

  0x000001ccbd99ef74: ;   {metadata(method data for {method} {0x000001ccd645a188} 'coder' '()B' in 'java/lang/String')}
  0x000001ccbd99ef74: 0001 48b9 | 18ec 0017 | cd01 0000 | 448b 81cc | 0000 0041 | 83c0 0244 | 8981 cc00 | 0000 4181 
  0x000001ccbd99ef94: e0fe ff1f | 0041 83f8 | 000f 8479 

  0x000001ccbd99efa0: ;   {metadata(method data for {method} {0x000001ccd645a188} 'coder' '()B' in 'java/lang/String')}
  0x000001ccbd99efa0: 0d00 0048 | b918 ec00 | 17cd 0100 | 00ff 8120 

  0x000001ccbd99efb0: ;   {metadata(method data for {method} {0x000001ccd645a188} 'coder' '()B' in 'java/lang/String')}
  0x000001ccbd99efb0: 0100 0048 | b918 ec00 | 17cd 0100 | 00ff 8130 | 0100 004c | 8bc0 49ba | 0300 0000 | 0000 0000 
  0x000001ccbd99efd0: ;   {metadata(method data for {method} {0x000001ccd6424818} 'newArrayWithSuffix' '(Ljava/lang/String;J)[B' in 'java/lang/StringConcatHelper')}
  0x000001ccbd99efd0: 4d03 c248 | b9b8 9e2b | 19cd 0100 | 0048 8381 | 4801 0000 

  0x000001ccbd99efe4: ;   {metadata(method data for {method} {0x000001ccd6425160} 'newArray' '(J)[B' in 'java/lang/StringConcatHelper')}
  0x000001ccbd99efe4: 0148 b948 | b404 17cd | 0100 0044 | 8b89 cc00 | 0000 4183 | c102 4489 | 89cc 0000 | 0041 81e1 
  0x000001ccbd99f004: feff 1f00 | 4183 f900 | 0f84 2b0d | 0000 b920 | 0000 004d | 8bc8 49d3 | f945 8bc9 | 450f bec9 
  0x000001ccbd99f024: 458b c049 | 8bc9 4d8b | c841 d3e1 | 4183 f900 

  0x000001ccbd99f034: ;   {metadata(method data for {method} {0x000001ccd6425160} 'newArray' '(J)[B' in 'java/lang/StringConcatHelper')}
  0x000001ccbd99f034: 49b8 48b4 | 0417 cd01 | 0000 48ba | 2001 0000 | 0000 0000 | 0f8c 0a00 | 0000 48ba | 1001 0000 
  0x000001ccbd99f054: 0000 0000 | 498b 3c10 | 488d 7f01 | 4989 3c10 | 0f8c 1607 | 0000 89b4 | 2468 0100 

  0x000001ccbd99f070: ;   {oop(a 'jdk/internal/misc/Unsafe'{0x000000068202f7d8})}
  0x000001ccbd99f070: 0048 bad8 | f702 8206 | 0000 004c 

  0x000001ccbd99f07c: ;   {metadata(method data for {method} {0x000001ccd6425160} 'newArray' '(J)[B' in 'java/lang/StringConcatHelper')}
  0x000001ccbd99f07c: 8bc2 48bf | 48b4 0417 | cd01 0000 | 4883 8740 | 0100 0001 

  0x000001ccbd99f090: ;   {oop(a 'java/lang/Class'{0x000000068206cd08} = byte)}
  0x000001ccbd99f090: 49b8 08cd | 0682 0600 | 0000 0f1f 

  0x000001ccbd99f09c: ;   {optimized virtual_call}
  0x000001ccbd99f09c: 4400 00e8 

  0x000001ccbd99f0a0: ; ImmutableOopMap {}
                      ;*invokevirtual allocateUninitializedArray {reexecute=0 rethrow=0 return_oop=0}
                      ; - java.lang.StringConcatHelper::newArray@33 (line 511)
                      ; - java.lang.StringConcatHelper::newArrayWithSuffix@7 (line 489)
                      ; - java.lang.invoke.DirectMethodHandle$Holder::invokeStatic@13
                      ; - java.lang.invoke.LambdaForm$MH/0x000001ccd7010c00::invoke@23
                      ; - java.lang.invoke.LambdaForm$MH/0x000001ccd7ae0400::invoke@33
                      ; - java.lang.invoke.Invokers$Holder::linkToTargetMethod@5
                      ; - ui.views.waveform.c.a::mCQ@135 (line 490)
  0x000001ccbd99f0a0: 9cd7 c106 

  0x000001ccbd99f0a4: ;   {other}
  0x000001ccbd99f0a4: 0f1f 8400 | 1415 000a | 4883 f800 

  0x000001ccbd99f0b0: ;   {metadata(method data for {method} {0x000001ccd6425160} 'newArray' '(J)[B' in 'java/lang/StringConcatHelper')}
  0x000001ccbd99f0b0: 7517 49b9 | 48b4 0417 | cd01 0000 | 4180 8971 | 0100 0001 | e9ce 0000 

  0x000001ccbd99f0c8: ;   {metadata({type array byte})}
  0x000001ccbd99f0c8: 0048 bfc0 | 2200 d6cc | 0100 0044 | 8b48 0849 | ba00 0000 | d6cc 0100 | 004d 03ca | 493b 7938 
  0x000001ccbd99f0e8: 0f85 8d00 

  0x000001ccbd99f0ec: ;   {metadata(method data for {method} {0x000001ccd6425160} 'newArray' '(J)[B' in 'java/lang/StringConcatHelper')}
  0x000001ccbd99f0ec: 0000 49b9 | 48b4 0417 | cd01 0000 | 8b78 0849 | ba00 0000 | d6cc 0100 | 0049 03fa | 493b b988 
  0x000001ccbd99f10c: 0100 0075 | 0d49 8381 | 9001 0000 | 01e9 7900 | 0000 493b | b998 0100 | 0075 0d49 | 8381 a001 
  0x000001ccbd99f12c: 0000 01e9 | 6300 0000 | 4983 b988 | 0100 0000 | 7517 4989 | b988 0100 | 0049 c781 | 9001 0000 
  0x000001ccbd99f14c: 0100 0000 | e942 0000 | 0049 83b9 | 9801 0000 | 0075 1749 | 89b9 9801 | 0000 49c7 | 81a0 0100 
  0x000001ccbd99f16c: 0001 0000 | 00e9 2100 | 0000 e91c 

  0x000001ccbd99f178: ;   {metadata(method data for {method} {0x000001ccd6425160} 'newArray' '(J)[B' in 'java/lang/StringConcatHelper')}
  0x000001ccbd99f178: 0000 0049 | b948 b404 | 17cd 0100 | 0049 83a9 | 7801 0000 | 01e9 cc0b | 0000 e900 | 0000 0048 
  0x000001ccbd99f198: 8bf0 4889 | b424 7001 | 0000 488b | 8424 6001 | 0000 49b8 | 0000 0000 | 0100 0000 

  0x000001ccbd99f1b4: ;   {metadata(method data for {method} {0x000001ccd6424818} 'newArrayWithSuffix' '(Ljava/lang/String;J)[B' in 'java/lang/StringConcatHelper')}
  0x000001ccbd99f1b4: 493b c049 | b8b8 9e2b | 19cd 0100 | 0049 b958 | 0100 0000 | 0000 000f | 8d0a 0000 | 0049 b968 
  0x000001ccbd99f1d4: 0100 0000 | 0000 004b | 8b3c 0848 | 8d7f 014b | 893c 080f | 8d55 0000 

  0x000001ccbd99f1ec: ;   {oop(" ms"{0x000000068319b138})}
  0x000001ccbd99f1ec: 0048 ba38 | b119 8306 | 0000 004c 

  0x000001ccbd99f1f8: ;   {metadata(method data for {method} {0x000001ccd6424818} 'newArrayWithSuffix' '(Ljava/lang/String;J)[B' in 'java/lang/StringConcatHelper')}
  0x000001ccbd99f1f8: 8bc2 49b9 | b89e 2b19 | cd01 0000 | 4983 8178 | 0100 0001 | 4c8b c644 | 8b8c 2468 | 0100 00bf 
  0x000001ccbd99f218: 0000 0000 

  0x000001ccbd99f21c: ;   {optimized virtual_call}
  0x000001ccbd99f21c: 6666 90e8 

  0x000001ccbd99f220: ; ImmutableOopMap {[368]=Oop }
                      ;*invokevirtual getBytes {reexecute=0 rethrow=0 return_oop=0}
                      ; - java.lang.StringConcatHelper::newArrayWithSuffix@24 (line 491)
                      ; - java.lang.invoke.DirectMethodHandle$Holder::invokeStatic@13
                      ; - java.lang.invoke.LambdaForm$MH/0x000001ccd7010c00::invoke@23
                      ; - java.lang.invoke.LambdaForm$MH/0x000001ccd7ae0400::invoke@33
                      ; - java.lang.invoke.Invokers$Holder::linkToTargetMethod@5
                      ; - ui.views.waveform.c.a::mCQ@135 (line 490)
  0x000001ccbd99f220: 9c24 d206 

  0x000001ccbd99f224: ;   {other}
  0x000001ccbd99f224: 0f1f 8400 | 9416 000b 

  0x000001ccbd99f22c: ;   {metadata(method data for {method} {0x000001ccd6424818} 'newArrayWithSuffix' '(Ljava/lang/String;J)[B' in 'java/lang/StringConcatHelper')}
  0x000001ccbd99f22c: 49b8 b89e | 2b19 cd01 | 0000 41ff | 80b0 0100 | 00e9 4a00 | 0000 8bb4 | 2468 0100 

  0x000001ccbd99f248: ;   {oop(" ms"{0x000000068319b138})}
  0x000001ccbd99f248: 0048 ba38 | b119 8306 | 0000 004c 

  0x000001ccbd99f254: ;   {metadata(method data for {method} {0x000001ccd6424818} 'newArrayWithSuffix' '(Ljava/lang/String;J)[B' in 'java/lang/StringConcatHelper')}
  0x000001ccbd99f254: 8bc2 49b9 | b89e 2b19 | cd01 0000 | 4983 81c8 | 0100 0001 | 4c8b 8424 | 7001 0000 | 4c8b cebf 
  0x000001ccbd99f274: 0100 0000 | 0f1f 8000 

  0x000001ccbd99f27c: ;   {optimized virtual_call}
  0x000001ccbd99f27c: 0000 00e8 

  0x000001ccbd99f280: ; ImmutableOopMap {[368]=Oop }
                      ;*invokevirtual getBytes {reexecute=0 rethrow=0 return_oop=0}
                      ; - java.lang.StringConcatHelper::newArrayWithSuffix@35 (line 493)
                      ; - java.lang.invoke.DirectMethodHandle$Holder::invokeStatic@13
                      ; - java.lang.invoke.LambdaForm$MH/0x000001ccd7010c00::invoke@23
                      ; - java.lang.invoke.LambdaForm$MH/0x000001ccd7ae0400::invoke@33
                      ; - java.lang.invoke.Invokers$Holder::linkToTargetMethod@5
                      ; - ui.views.waveform.c.a::mCQ@135 (line 490)
  0x000001ccbd99f280: fcfb 5c06 

  0x000001ccbd99f284: ;   {other}
  0x000001ccbd99f284: 0f1f 8400 | f416 000c | 488b b424 | 7001 0000 

  0x000001ccbd99f294: ;   {metadata(method data for {method} {0x000001ccd60b4390} 'invokeStatic' '(Ljava/lang/Object;Ljava/lang/Object;J)Ljava/lang/Object;' in 'java/lang/invoke/DirectMethodHandle$Holder')}
  0x000001ccbd99f294: 48ba 181b | a117 cd01 | 0000 488d | 92a8 0100 | 004c 8bc6 | 4d85 c075 | 0448 830a 

  0x000001ccbd99f2b0: ;   {metadata(method data for {method} {0x000001cd17470e90} 'invoke' '(Ljava/lang/Object;J)Ljava/lang/Object;' in 'java/lang/invoke/LambdaForm$MH+0x000001ccd7010c00')}
  0x000001ccbd99f2b0: 0148 ba08 | 1147 17cd | 0100 0048 | 8d92 c801 | 0000 4c8b | c64d 85c0 | 7504 4883 

  0x000001ccbd99f2cc: ;   {metadata(method data for {method} {0x000001cd3c042348} 'invoke' '(Ljava/lang/Object;J)Ljava/lang/Object;' in 'java/lang/invoke/LambdaForm$MH+0x000001ccd7ae0400')}
  0x000001ccbd99f2cc: 0a01 48ba | 0020 ad3c | cd01 0000 | 488d 9228 | 0200 004c | 8bc6 4d85 | c075 0448 

  0x000001ccbd99f2e8: ;   {metadata(method data for {method} {0x000001cd3c042348} 'invoke' '(Ljava/lang/Object;J)Ljava/lang/Object;' in 'java/lang/invoke/LambdaForm$MH+0x000001ccd7ae0400')}
  0x000001ccbd99f2e8: 830a 0148 | ba00 20ad | 3ccd 0100 | 0048 8d92 | a802 0000 | 4c8b c64d | 85c0 7505 | 4883 4a08 
  0x000001ccbd99f308: ;   {metadata(method data for {method} {0x000001cd1a265a98} 'invoke' '(Ljava/lang/Object;JLjava/lang/Object;J)J' in 'java/lang/invoke/LambdaForm$MH+0x000001ccd77bd800')}
  0x000001ccbd99f308: 0148 baf8 | 5c26 1acd | 0100 0048 | 8d92 6002 

  0x000001ccbd99f318: ;   {oop(a 'java/lang/invoke/BoundMethodHandle$Species_LL'{0x000000068319b0a8})}
  0x000001ccbd99f318: 0000 49b8 | a8b0 1983 | 0600 0000 | 4d85 c075 | 0448 830a | 014c 8bc6 | 4d85 c075 | 0548 834a 
  0x000001ccbd99f338: ;   {metadata(method data for {method} {0x000001cd3c042348} 'invoke' '(Ljava/lang/Object;J)Ljava/lang/Object;' in 'java/lang/invoke/LambdaForm$MH+0x000001ccd7ae0400')}
  0x000001ccbd99f338: 1001 48ba | 0020 ad3c | cd01 0000 | 4883 8270 | 0200 0001 

  0x000001ccbd99f34c: ;   {metadata(method data for {method} {0x000001cd1a265a98} 'invoke' '(Ljava/lang/Object;JLjava/lang/Object;J)J' in 'java/lang/invoke/LambdaForm$MH+0x000001ccd77bd800')}
  0x000001ccbd99f34c: 48ba f85c | 261a cd01 | 0000 448b | 82cc 0000 | 0041 83c0 | 0244 8982 | cc00 0000 | 4181 e0fe 
  0x000001ccbd99f36c: ff1f 0041 | 83f8 000f | 84ee 0900 

  0x000001ccbd99f378: ;   {metadata(method data for {method} {0x000001cd1a265a98} 'invoke' '(Ljava/lang/Object;JLjava/lang/Object;J)J' in 'java/lang/invoke/LambdaForm$MH+0x000001ccd77bd800')}
  0x000001ccbd99f378: 0048 baf8 | 5c26 1acd | 0100 0048 | 8d92 b801 | 0000 4c8b | c64d 85c0 | 7505 4883 

  0x000001ccbd99f394: ;   {metadata(method data for {method} {0x000001ccd60b4ee8} 'invokeStatic' '(Ljava/lang/Object;JLjava/lang/Object;JLjava/lang/Object;)J' in 'java/lang/invoke/DirectMethodHandle$Holder')}
  0x000001ccbd99f394: 4a08 0148 | ba10 c4b3 | 3ccd 0100 | 0048 8d92 | 3802 0000 

  0x000001ccbd99f3a8: ;   {oop(a 'java/lang/invoke/DirectMethodHandle'{0x000000068368a790})}
  0x000001ccbd99f3a8: 49b8 90a7 | 6883 0600 | 0000 4d8b | c84d 85c9 | 7504 4883 | 0a01 4c8b | ce4d 85c9 | 7505 4883 
  0x000001ccbd99f3c8: ;   {metadata(method data for {method} {0x000001cd1a265a98} 'invoke' '(Ljava/lang/Object;JLjava/lang/Object;J)J' in 'java/lang/invoke/LambdaForm$MH+0x000001ccd77bd800')}
  0x000001ccbd99f3c8: 4a10 0148 | baf8 5c26 | 1acd 0100 | 0048 8382 | 8001 0000 

  0x000001ccbd99f3dc: ;   {metadata(method data for {method} {0x000001ccd60b4ee8} 'invokeStatic' '(Ljava/lang/Object;JLjava/lang/Object;JLjava/lang/Object;)J' in 'java/lang/invoke/DirectMethodHandle$Holder')}
  0x000001ccbd99f3dc: 0148 ba10 | c4b3 3ccd | 0100 0044 | 8b8a cc00 | 0000 4183 | c102 4489 | 8acc 0000 | 0041 81e1 
  0x000001ccbd99f3fc: feff 1f00 | 4183 f900 | 0f84 7e09 

  0x000001ccbd99f408: ;   {metadata(method data for {method} {0x000001ccd60b4ee8} 'invokeStatic' '(Ljava/lang/Object;JLjava/lang/Object;JLjava/lang/Object;)J' in 'java/lang/invoke/DirectMethodHandle$Holder')}
  0x000001ccbd99f408: 0000 48ba | 10c4 b33c | cd01 0000 | 488d 9220 | 0100 004d | 85c0 7505 | 4883 4a08 

  0x000001ccbd99f424: ;   {metadata(method data for {method} {0x000001ccd60b4ee8} 'invokeStatic' '(Ljava/lang/Object;JLjava/lang/Object;JLjava/lang/Object;)J' in 'java/lang/invoke/DirectMethodHandle$Holder')}
  0x000001ccbd99f424: 0148 ba10 | c4b3 3ccd | 0100 0048 | 8382 1001 

  0x000001ccbd99f434: ;   {metadata(method data for {method} {0x000001ccd60a3038} 'internalMemberName' '(Ljava/lang/Object;)Ljava/lang/Object;' in 'java/lang/invoke/DirectMethodHandle')}
  0x000001ccbd99f434: 0000 0148 | ba58 ce23 | 17cd 0100 | 0044 8b82 | cc00 0000 | 4183 c002 | 4489 82cc | 0000 0041 
  0x000001ccbd99f454: 81e0 feff | 1f00 4183 | f800 0f84 | 4509 0000 

  0x000001ccbd99f464: ;   {metadata(method data for {method} {0x000001ccd60b4ee8} 'invokeStatic' '(Ljava/lang/Object;JLjava/lang/Object;JLjava/lang/Object;)J' in 'java/lang/invoke/DirectMethodHandle$Holder')}
  0x000001ccbd99f464: 48ba 10c4 | b33c cd01 | 0000 488d | 9230 0100 

  0x000001ccbd99f474: ;   {oop(a 'java/lang/invoke/MemberName'{0x000000068368a800} = {method} {0x000001ccd6424d98} 'prepend' '(J[BJLjava/lang/String;)J' in 'java/lang/StringConcatHelper')}
  0x000001ccbd99f474: 0048 bb00 | a868 8306 | 0000 004c | 8bc3 4d85 | c075 0448 

  0x000001ccbd99f488: ;   {metadata(method data for {method} {0x000001ccd60b4ee8} 'invokeStatic' '(Ljava/lang/Object;JLjava/lang/Object;JLjava/lang/Object;)J' in 'java/lang/invoke/DirectMethodHandle$Holder')}
  0x000001ccbd99f488: 830a 0148 | ba10 c4b3 | 3ccd 0100 | 0048 8d92 | 8801 0000 | 4c8b c64d | 85c0 7505 | 4883 4a08 
  0x000001ccbd99f4a8: ;   {oop("Update Graphics Data: "{0x000000068319b0d0})}
  0x000001ccbd99f4a8: 0148 bfd0 | b019 8306 | 0000 004c | 8bc7 4d85 | c075 0548 | 834a 1801 

  0x000001ccbd99f4c0: ;   {metadata(method data for {method} {0x000001ccd60b4ee8} 'invokeStatic' '(Ljava/lang/Object;JLjava/lang/Object;JLjava/lang/Object;)J' in 'java/lang/invoke/DirectMethodHandle$Holder')}
  0x000001ccbd99f4c0: 48ba 10c4 | b33c cd01 | 0000 4883 | 8278 0100 | 0001 488b | 9424 6001 | 0000 4c8b | c64c 8b8c 
  0x000001ccbd99f4e0: 2458 0100 | 0048 8bf3 | 0f1f 8000 

  0x000001ccbd99f4ec: ;   {static_call}
  0x000001ccbd99f4ec: 0000 00e8 

  0x000001ccbd99f4f0: ; ImmutableOopMap {[368]=Oop }
                      ;*invokestatic linkToStatic {reexecute=0 rethrow=0 return_oop=0}
                      ; - java.lang.invoke.DirectMethodHandle$Holder::invokeStatic@17
                      ; - java.lang.invoke.LambdaForm$MH/0x000001ccd77bd800::invoke@28
                      ; - java.lang.invoke.LambdaForm$MH/0x000001ccd7ae0400::invoke@54
                      ; - java.lang.invoke.Invokers$Holder::linkToTargetMethod@5
                      ; - ui.views.waveform.c.a::mCQ@135 (line 490)
  0x000001ccbd99f4f0: 8cd0 0f07 

  0x000001ccbd99f4f4: ;   {other}
  0x000001ccbd99f4f4: 0f1f 8400 | 6419 000d 

  0x000001ccbd99f4fc: ;   {metadata(method data for {method} {0x000001cd3c042348} 'invoke' '(Ljava/lang/Object;J)Ljava/lang/Object;' in 'java/lang/invoke/LambdaForm$MH+0x000001ccd7ae0400')}
  0x000001ccbd99f4fc: 48ba 0020 | ad3c cd01 | 0000 488d | 9230 0300 | 0048 8bb4 | 2470 0100 | 004c 8bc6 | 4d85 c075 
  0x000001ccbd99f51c: 0548 834a 

  0x000001ccbd99f520: ;   {metadata(method data for {method} {0x000001ccd60b4390} 'invokeStatic' '(Ljava/lang/Object;Ljava/lang/Object;J)Ljava/lang/Object;' in 'java/lang/invoke/DirectMethodHandle$Holder')}
  0x000001ccbd99f520: 0801 48ba | 181b a117 | cd01 0000 | 488d 9228 

  0x000001ccbd99f530: ;   {oop(a 'java/lang/invoke/DirectMethodHandle'{0x0000000682162f08})}
  0x000001ccbd99f530: 0200 0049 | b808 2f16 | 8206 0000 | 004d 8bc8 | 4d85 c975 | 0448 830a | 014c 8bce | 4d85 c975 
  0x000001ccbd99f550: 0548 834a 

  0x000001ccbd99f554: ;   {metadata(method data for {method} {0x000001cd3c042348} 'invoke' '(Ljava/lang/Object;J)Ljava/lang/Object;' in 'java/lang/invoke/LambdaForm$MH+0x000001ccd7ae0400')}
  0x000001ccbd99f554: 1001 48ba | 0020 ad3c | cd01 0000 | 4883 82f8 | 0200 0001 

  0x000001ccbd99f568: ;   {metadata(method data for {method} {0x000001ccd60b4390} 'invokeStatic' '(Ljava/lang/Object;Ljava/lang/Object;J)Ljava/lang/Object;' in 'java/lang/invoke/DirectMethodHandle$Holder')}
  0x000001ccbd99f568: 48ba 181b | a117 cd01 | 0000 448b | 8acc 0000 | 0041 83c1 | 0244 898a | cc00 0000 | 4181 e1fe 
  0x000001ccbd99f588: ff1f 0041 | 83f9 000f | 8435 0800 

  0x000001ccbd99f594: ;   {metadata(method data for {method} {0x000001ccd60b4390} 'invokeStatic' '(Ljava/lang/Object;Ljava/lang/Object;J)Ljava/lang/Object;' in 'java/lang/invoke/DirectMethodHandle$Holder')}
  0x000001ccbd99f594: 0048 ba18 | 1ba1 17cd | 0100 0048 | 8d92 2001 | 0000 4d85 | c075 0548 | 834a 0801 

  0x000001ccbd99f5b0: ;   {metadata(method data for {method} {0x000001ccd60b4390} 'invokeStatic' '(Ljava/lang/Object;Ljava/lang/Object;J)Ljava/lang/Object;' in 'java/lang/invoke/DirectMethodHandle$Holder')}
  0x000001ccbd99f5b0: 48ba 181b | a117 cd01 | 0000 4883 | 8210 0100 

  0x000001ccbd99f5c0: ;   {metadata(method data for {method} {0x000001ccd60a3038} 'internalMemberName' '(Ljava/lang/Object;)Ljava/lang/Object;' in 'java/lang/invoke/DirectMethodHandle')}
  0x000001ccbd99f5c0: 0001 48ba | 58ce 2317 | cd01 0000 | 448b 82cc | 0000 0041 | 83c0 0244 | 8982 cc00 | 0000 4181 
  0x000001ccbd99f5e0: e0fe ff1f | 0041 83f8 | 000f 84fc 

  0x000001ccbd99f5ec: ;   {metadata(method data for {method} {0x000001ccd60b4390} 'invokeStatic' '(Ljava/lang/Object;Ljava/lang/Object;J)Ljava/lang/Object;' in 'java/lang/invoke/DirectMethodHandle$Holder')}
  0x000001ccbd99f5ec: 0700 0048 | ba18 1ba1 | 17cd 0100 | 0048 8d92 | 3001 0000 

  0x000001ccbd99f600: ;   {oop(a 'java/lang/invoke/MemberName'{0x0000000682162f70} = {method} {0x000001ccd64250b0} 'newString' '([BJ)Ljava/lang/String;' in 'java/lang/StringConcatHelper')}
  0x000001ccbd99f600: 49b9 702f | 1682 0600 | 0000 4d8b | c14d 85c0 | 7504 4883 

  0x000001ccbd99f614: ;   {metadata(method data for {method} {0x000001ccd60b4390} 'invokeStatic' '(Ljava/lang/Object;Ljava/lang/Object;J)Ljava/lang/Object;' in 'java/lang/invoke/DirectMethodHandle$Holder')}
  0x000001ccbd99f614: 0a01 48ba | 181b a117 | cd01 0000 | 488d 9288 | 0100 004c | 8bc6 4d85 | c075 0548 | 834a 0801 
  0x000001ccbd99f634: 4d8b c14d | 85c0 7505 | 4883 4a18 

  0x000001ccbd99f640: ;   {metadata(method data for {method} {0x000001ccd60b4390} 'invokeStatic' '(Ljava/lang/Object;Ljava/lang/Object;J)Ljava/lang/Object;' in 'java/lang/invoke/DirectMethodHandle$Holder')}
  0x000001ccbd99f640: 0148 ba18 | 1ba1 17cd | 0100 0048 | 8382 7801 | 0000 0148 | 8bd6 4c8b | c066 0f1f 

  0x000001ccbd99f65c: ;   {static_call}
  0x000001ccbd99f65c: 4400 00e8 

  0x000001ccbd99f660: ; ImmutableOopMap {}
                      ;*invokestatic linkToStatic {reexecute=0 rethrow=0 return_oop=0}
                      ; - java.lang.invoke.DirectMethodHandle$Holder::invokeStatic@13
                      ; - java.lang.invoke.LambdaForm$MH/0x000001ccd7ae0400::invoke@74
                      ; - java.lang.invoke.Invokers$Holder::linkToTargetMethod@5
                      ; - ui.views.waveform.c.a::mCQ@135 (line 490)
  0x000001ccbd99f660: 1cf9 b306 

  0x000001ccbd99f664: ;   {other}
  0x000001ccbd99f664: 0f1f 8400 | d41a 000e 

  0x000001ccbd99f66c: ;   {metadata(method data for {method} {0x000001ccd60b4390} 'invokeStatic' '(Ljava/lang/Object;Ljava/lang/Object;J)Ljava/lang/Object;' in 'java/lang/invoke/DirectMethodHandle$Holder')}
  0x000001ccbd99f66c: 48ba 181b | a117 cd01 | 0000 488d | 92a8 0100 | 0048 8bf0 | 4885 f675 | 0448 830a 

  0x000001ccbd99f688: ;   {metadata(method data for {method} {0x000001cd3c042348} 'invoke' '(Ljava/lang/Object;J)Ljava/lang/Object;' in 'java/lang/invoke/LambdaForm$MH+0x000001ccd7ae0400')}
  0x000001ccbd99f688: 0148 ba00 | 20ad 3ccd | 0100 0048 | 8d92 4003 | 0000 488b | f048 85f6 | 7506 4883 | 0a01 eb26 
  0x000001ccbd99f6a8: 8b76 0849 | ba00 0000 | d6cc 0100 | 0049 03f2 | 4833 3248 | f7c6 fcff | ffff 740a | 40f6 c602 
  0x000001ccbd99f6c8: 7504 4883 

  0x000001ccbd99f6cc: ;   {metadata(method data for {method} {0x000001ccd60aff60} 'linkToTargetMethod' '(JLjava/lang/Object;)Ljava/lang/Object;' in 'java/lang/invoke/Invokers$Holder')}
  0x000001ccbd99f6cc: 0a02 48ba | 68be b33c | cd01 0000 | 488d 9280 | 0100 0048 | 8bf0 4885 | f675 0648 | 830a 01eb 
  0x000001ccbd99f6ec: 268b 7608 | 49ba 0000 | 00d6 cc01 | 0000 4903 | f248 3332 | 48f7 c6fc | ffff ff74 | 0a40 f6c6 
  0x000001ccbd99f70c: 0275 0448 

  0x000001ccbd99f710: ;   {metadata(method data for {method} {0x000001cd3c242338} 'mCQ' '()V' in 'ui/views/waveform/c/a')}
  0x000001ccbd99f710: 830a 0248 | bab0 57ce | 3ccd 0100 | 0048 8d92 | 5003 0000 | 488b f048 | 85f6 7504 | 4883 0a01 
  0x000001ccbd99f730: ;   {metadata(method data for {method} {0x000001cd3c242338} 'mCQ' '()V' in 'ui/views/waveform/c/a')}
  0x000001ccbd99f730: 48ba b057 | ce3c cd01 | 0000 4883 | 8260 0300 | 0001 488b 

  0x000001ccbd99f744: ;   {static_call}
  0x000001ccbd99f744: d066 90e8 

  0x000001ccbd99f748: ; ImmutableOopMap {}
                      ;*invokestatic debug {reexecute=0 rethrow=0 return_oop=0}
                      ; - ui.views.waveform.c.a::mCQ@140 (line 490)
  0x000001ccbd99f748: 5491 6c07 

  0x000001ccbd99f74c: ;   {other}
  0x000001ccbd99f74c: 0f1f 8400 | bc1b 000f | 4881 c490 | 0100 005d 

  0x000001ccbd99f75c: ;   {poll_return}
  0x000001ccbd99f75c: 493b a750 | 0400 000f | 87a3 0600 | 00c3 4881 | c490 0100 

  0x000001ccbd99f770: ;   {poll_return}
  0x000001ccbd99f770: 005d 493b | a750 0400 | 000f 87a3 | 0600 00c3 

  0x000001ccbd99f780: ;   {metadata('java/lang/OutOfMemoryError')}
  0x000001ccbd99f780: 48ba 4834 | 02d6 cc01 | 0000 498b | 87b8 0100 | 0048 8d78 | 2849 3bbf | c801 0000 | 0f87 9606 
  0x000001ccbd99f7a0: 0000 4989 | bfb8 0100 | 0048 c700 | 0100 0000 | 488b ca49 | ba00 0000 | d6cc 0100 | 0049 2bca 
  0x000001ccbd99f7c0: 8948 0848 | 33c9 8948 | 0c48 33c9 | 4889 4810 | 4889 4818 | 4889 4820 

  0x000001ccbd99f7d8: ;   {metadata(method data for {method} {0x000001ccd6425160} 'newArray' '(J)[B' in 'java/lang/StringConcatHelper')}
  0x000001ccbd99f7d8: 4c8b c048 | ba48 b404 | 17cd 0100 | 0048 8382 | 3001 0000 

  0x000001ccbd99f7ec: ;   {oop("Overflow: String length out of range"{0x00000006816ef4e0})}
  0x000001ccbd99f7ec: 0149 b8e0 | f46e 8106 | 0000 0048 | 8bd0 4889 | 8424 7801 | 0000 0f1f 

  0x000001ccbd99f804: ;   {optimized virtual_call}
  0x000001ccbd99f804: 4400 00e8 

  0x000001ccbd99f808: ; ImmutableOopMap {[376]=Oop }
                      ;*invokespecial <init> {reexecute=0 rethrow=0 return_oop=0}
                      ; - java.lang.StringConcatHelper::newArray@22 (line 509)
                      ; - java.lang.StringConcatHelper::newArrayWithSuffix@7 (line 489)
                      ; - java.lang.invoke.DirectMethodHandle$Holder::invokeStatic@13
                      ; - java.lang.invoke.LambdaForm$MH/0x000001ccd7010c00::invoke@23
                      ; - java.lang.invoke.LambdaForm$MH/0x000001ccd7ae0400::invoke@33
                      ; - java.lang.invoke.Invokers$Holder::linkToTargetMethod@5
                      ; - ui.views.waveform.c.a::mCQ@135 (line 490)
  0x000001ccbd99f808: 74f6 5c06 

  0x000001ccbd99f80c: ;   {other}
  0x000001ccbd99f80c: 0f1f 8400 | 7c1c 0010 | 488b 8424 | 7801 0000 | e953 0600 

  0x000001ccbd99f820: ;   {metadata('java/lang/OutOfMemoryError')}
  0x000001ccbd99f820: 0048 ba48 | 3402 d6cc | 0100 0049 | 8b87 b801 | 0000 488d | 7828 493b | bfc8 0100 | 000f 8702 
  0x000001ccbd99f840: 0600 0049 | 89bf b801 | 0000 48c7 | 0001 0000 | 0048 8bca | 49ba 0000 | 00d6 cc01 | 0000 492b 
  0x000001ccbd99f860: ca89 4808 | 4833 c989 | 480c 4833 | c948 8948 | 1048 8948 | 1848 8948 | 204c 8bc0 

  0x000001ccbd99f87c: ;   {metadata(method data for {method} {0x000001ccd6424920} 'checkOverflow' '(J)J' in 'java/lang/StringConcatHelper')}
  0x000001ccbd99f87c: 48ba 181e | 2317 cd01 | 0000 4883 | 8230 0100 

  0x000001ccbd99f88c: ;   {oop("Overflow: String length out of range"{0x00000006816ef4e0})}
  0x000001ccbd99f88c: 0001 49b8 | e0f4 6e81 | 0600 0000 | 488b d048 | 8984 2480 | 0100 000f 

  0x000001ccbd99f8a4: ;   {optimized virtual_call}
  0x000001ccbd99f8a4: 1f40 00e8 

  0x000001ccbd99f8a8: ; ImmutableOopMap {[384]=Oop }
                      ;*invokespecial <init> {reexecute=0 rethrow=0 return_oop=0}
                      ; - java.lang.StringConcatHelper::checkOverflow@13 (line 68)
                      ; - java.lang.StringConcatHelper::mix@7 (line 112)
                      ; - java.lang.invoke.DirectMethodHandle$Holder::invokeStatic@13
                      ; - java.lang.invoke.LambdaForm$MH/0x000001ccd7ae0000::invoke@23
                      ; - java.lang.invoke.LambdaForm$MH/0x000001ccd7ae0400::invoke@15
                      ; - java.lang.invoke.Invokers$Holder::linkToTargetMethod@5
                      ; - ui.views.waveform.c.a::mCQ@135 (line 490)
  0x000001ccbd99f8a8: d4f5 5c06 

  0x000001ccbd99f8ac: ;   {other}
  0x000001ccbd99f8ac: 0f1f 8400 | 1c1d 0011 | 488b 8424 | 8001 0000 | e9b3 0500 

  0x000001ccbd99f8c0: ;   {metadata({method} {0x000001cd3c242338} 'mCQ' '()V' in 'ui/views/waveform/c/a')}
  0x000001ccbd99f8c0: 0049 ba30 | 2324 3ccd | 0100 004c | 8954 2408 | 48c7 0424 | ffff ffff 

  0x000001ccbd99f8d8: ;   {runtime_call counter_overflow Runtime1 stub}
  0x000001ccbd99f8d8: e823 ee6a 

  0x000001ccbd99f8dc: ; ImmutableOopMap {rdx=Oop [304]=Oop }
                      ;*synchronization entry
                      ; - ui.views.waveform.c.a::mCQ@-1 (line 463)
  0x000001ccbd99f8dc: 06e9 ade7 

  0x000001ccbd99f8e0: ;   {runtime_call throw_null_pointer_exception Runtime1 stub}
  0x000001ccbd99f8e0: ffff e8b9 

  0x000001ccbd99f8e4: ; ImmutableOopMap {rdx=Oop [304]=Oop }
                      ;*getfield zvP {reexecute=1 rethrow=0 return_oop=0}
                      ; - (reexecute) ui.views.waveform.c.a::mCQ@4 (line 463)
                      ;   {runtime_call throw_null_pointer_exception Runtime1 stub}
  0x000001ccbd99f8e4: 8b6a 06e8 

  0x000001ccbd99f8e8: ; ImmutableOopMap {rdx=Oop rsi=Oop [304]=Oop }
                      ;*invokevirtual mDy {reexecute=0 rethrow=0 return_oop=0}
                      ; - ui.views.waveform.c.a::mCQ@7 (line 463)
  0x000001ccbd99f8e8: b48b 6a06 

  0x000001ccbd99f8ec: ;   {metadata({method} {0x000001cd176931b8} 'gnK' '()J' in 'ui/utils/s/d')}
  0x000001ccbd99f8ec: 49ba b031 | 6917 cd01 | 0000 4c89 | 5424 0848 | c704 24ff 

  0x000001ccbd99f900: ;   {runtime_call counter_overflow Runtime1 stub}
  0x000001ccbd99f900: ffff ffe8 

  0x000001ccbd99f904: ; ImmutableOopMap {[304]=Oop [312]=Oop }
                      ;*synchronization entry
                      ; - ui.utils.s.d::gnK@-1 (line 380)
                      ; - ui.views.waveform.c.a::mCQ@16 (line 467)
  0x000001ccbd99f904: f8ed 6a06 | e93b e8ff | ff48 8bd2 

  0x000001ccbd99f910: ;   {runtime_call fast_new_instance Runtime1 stub}
  0x000001ccbd99f910: e86b 966a 

  0x000001ccbd99f914: ; ImmutableOopMap {[304]=Oop [312]=Oop }
                      ;*new {reexecute=0 rethrow=0 return_oop=0}
                      ; - ui.views.waveform.c.a::mCQ@20 (line 469)
  0x000001ccbd99f914: 06e9 ace8 

  0x000001ccbd99f918: ;   {metadata({method} {0x000001ccd60bd390} '<init>' '()V' in 'java/util/ArrayList')}
  0x000001ccbd99f918: ffff 49ba | 88d3 0bd6 | cc01 0000 | 4c89 5424 | 0848 c704 | 24ff ffff 

  0x000001ccbd99f930: ;   {runtime_call counter_overflow Runtime1 stub}
  0x000001ccbd99f930: ffe8 caed 

  0x000001ccbd99f934: ; ImmutableOopMap {rax=Oop [304]=Oop [312]=Oop }
                      ;*synchronization entry
                      ; - java.util.ArrayList::<init>@-1 (line 168)
                      ; - ui.views.waveform.c.a::mCQ@24 (line 469)
  0x000001ccbd99f934: 6a06 e9c8 

  0x000001ccbd99f938: ;   {metadata({method} {0x000001ccd605b948} '<init>' '()V' in 'java/util/AbstractList')}
  0x000001ccbd99f938: e8ff ff49 | ba40 b905 | d6cc 0100 | 004c 8954 | 2408 48c7 | 0424 ffff 

  0x000001ccbd99f950: ;   {runtime_call counter_overflow Runtime1 stub}
  0x000001ccbd99f950: ffff e8a9 

  0x000001ccbd99f954: ; ImmutableOopMap {rax=Oop [304]=Oop [312]=Oop }
                      ;*synchronization entry
                      ; - java.util.AbstractList::<init>@-1 (line 80)
                      ; - java.util.ArrayList::<init>@1 (line 168)
                      ; - ui.views.waveform.c.a::mCQ@24 (line 469)
  0x000001ccbd99f954: ed6a 06e9 | e4e8 ffff 

  0x000001ccbd99f95c: ;   {metadata({method} {0x000001ccd605acf8} '<init>' '()V' in 'java/util/AbstractCollection')}
  0x000001ccbd99f95c: 49ba f0ac | 05d6 cc01 | 0000 4c89 | 5424 0848 | c704 24ff 

  0x000001ccbd99f970: ;   {runtime_call counter_overflow Runtime1 stub}
  0x000001ccbd99f970: ffff ffe8 

  0x000001ccbd99f974: ; ImmutableOopMap {rax=Oop [304]=Oop [312]=Oop }
                      ;*synchronization entry
                      ; - java.util.AbstractCollection::<init>@-1 (line 70)
                      ; - java.util.AbstractList::<init>@1 (line 80)
                      ; - java.util.ArrayList::<init>@1 (line 168)
                      ; - ui.views.waveform.c.a::mCQ@24 (line 469)
  0x000001ccbd99f974: 88ed 6a06 | e900 e9ff 

  0x000001ccbd99f97c: ;   {metadata({method} {0x000001ccd6479fd0} '<init>' '()V' in 'java/lang/Object')}
  0x000001ccbd99f97c: ff49 bac8 | 9f47 d6cc | 0100 004c | 8954 2408 | 48c7 0424 | ffff ffff 

  0x000001ccbd99f994: ;   {runtime_call counter_overflow Runtime1 stub}
  0x000001ccbd99f994: e867 ed6a 

  0x000001ccbd99f998: ; ImmutableOopMap {rax=Oop [304]=Oop [312]=Oop }
                      ;*synchronization entry
                      ; - java.lang.Object::<init>@-1 (line 45)
                      ; - java.util.AbstractCollection::<init>@1 (line 70)
                      ; - java.util.AbstractList::<init>@1 (line 80)
                      ; - java.util.ArrayList::<init>@1 (line 168)
                      ; - ui.views.waveform.c.a::mCQ@24 (line 469)
  0x000001ccbd99f998: 06e9 1ce9 | ffff 8b50 | 1448 c1e2 | 0348 83fa | 000f 8419 | e9ff ff48 

  0x000001ccbd99f9b0: ;   {runtime_call g1_pre_barrier_slow}
  0x000001ccbd99f9b0: 8914 24e8 | 48f4 6a06 | e90b e9ff | ff48 83fa | 000f 8431 | e9ff ff48 

  0x000001ccbd99f9c8: ;   {runtime_call g1_post_barrier_slow}
  0x000001ccbd99f9c8: 8904 24e8 | b0f7 6a06 | e923 e9ff | ff48 8bd2 

  0x000001ccbd99f9d8: ;   {runtime_call fast_new_instance Runtime1 stub}
  0x000001ccbd99f9d8: e8a3 956a 

  0x000001ccbd99f9dc: ; ImmutableOopMap {r11=Oop [304]=Oop [312]=Oop [328]=Oop }
                      ;*new {reexecute=0 rethrow=0 return_oop=0}
                      ; - ui.views.waveform.c.a::mCQ@37 (line 472)
  0x000001ccbd99f9dc: 06e9 d0e9 

  0x000001ccbd99f9e0: ;   {runtime_call throw_null_pointer_exception Runtime1 stub}
  0x000001ccbd99f9e0: ffff e8b9 

  0x000001ccbd99f9e4: ; ImmutableOopMap {r11=Oop rax=Oop r8=Oop [304]=Oop [312]=Oop [328]=Oop }
                      ;*invokevirtual mBu {reexecute=0 rethrow=0 return_oop=0}
                      ; - ui.views.waveform.c.a::mCQ@47 (line 472)
                      ;   {metadata({method} {0x000001cd19e15190} 'mBu' '()Lui/views/waveform/c/a;' in 'ui/views/waveform/u')}
  0x000001ccbd99f9e4: 8a6a 0649 | ba88 51e1 | 19cd 0100 | 004c 8954 | 2408 48c7 | 0424 ffff 

  0x000001ccbd99f9fc: ;   {runtime_call counter_overflow Runtime1 stub}
  0x000001ccbd99f9fc: ffff e8fd 

  0x000001ccbd99fa00: ; ImmutableOopMap {r11=Oop rax=Oop r8=Oop [304]=Oop [312]=Oop [328]=Oop }
                      ;*synchronization entry
                      ; - ui.views.waveform.u::mBu@-1 (line 597)
                      ; - ui.views.waveform.c.a::mCQ@47 (line 472)
  0x000001ccbd99fa00: ec6a 06e9 | f7e9 ffff 

  0x000001ccbd99fa08: ;   {runtime_call throw_null_pointer_exception Runtime1 stub}
  0x000001ccbd99fa08: e893 8a6a 

  0x000001ccbd99fa0c: ; ImmutableOopMap {r11=Oop rax=Oop [304]=Oop [312]=Oop [328]=Oop }
                      ;*getfield zuK {reexecute=1 rethrow=0 return_oop=0}
                      ; - (reexecute) ui.views.waveform.u::mBu@15 (line 597)
                      ; - ui.views.waveform.c.a::mCQ@47 (line 472)
  0x000001ccbd99fa0c: 0644 8b82 | 0402 0000 | 49c1 e003 | 4983 f800 | 0f84 a1ea | ffff 4c89 

  0x000001ccbd99fa24: ;   {runtime_call g1_pre_barrier_slow}
  0x000001ccbd99fa24: 0424 e8d5 | f36a 06e9 | 93ea ffff | 4883 f800 | 0f84 b3ea | ffff 4889 

  0x000001ccbd99fa3c: ;   {runtime_call g1_post_barrier_slow}
  0x000001ccbd99fa3c: 1424 e83d | f76a 06e9 | a5ea ffff | 448b 4028 | 49c1 e003 | 4983 f800 | 0f84 a2ea | ffff 4c89 
  0x000001ccbd99fa5c: ;   {runtime_call g1_pre_barrier_slow}
  0x000001ccbd99fa5c: 0424 e89d | f36a 06e9 | 94ea ffff | 4883 ff00 | 0f84 b1ea | ffff 4889 

  0x000001ccbd99fa74: ;   {runtime_call g1_post_barrier_slow}
  0x000001ccbd99fa74: 0424 e805 | f76a 06e9 | a3ea ffff | 448b 4044 | 49c1 e003 | 4983 f800 | 0f84 a0ea | ffff 4c89 
  0x000001ccbd99fa94: ;   {runtime_call g1_pre_barrier_slow}
  0x000001ccbd99fa94: 0424 e865 | f36a 06e9 | 92ea ffff | 448b 4030 | 49c1 e003 | 4983 f800 | 0f84 96ea | ffff 4c89 
  0x000001ccbd99fab4: ;   {runtime_call g1_pre_barrier_slow}
  0x000001ccbd99fab4: 0424 e845 | f36a 06e9 | 88ea ffff 

  0x000001ccbd99fac0: ;   {metadata({method} {0x000001cd3c65e338} 'ch' '(Ljava/io/InputStream;)Z' in 'ui/data/r/a')}
  0x000001ccbd99fac0: 49ba 30e3 | 653c cd01 | 0000 4c89 | 5424 0848 | c704 24ff 

  0x000001ccbd99fad4: ;   {runtime_call counter_overflow Runtime1 stub}
  0x000001ccbd99fad4: ffff ffe8 

  0x000001ccbd99fad8: ; ImmutableOopMap {rdx=Oop rax=Oop [304]=Oop [312]=Oop }
                      ;*synchronization entry
                      ; - ui.data.r.a::ch@-1 (line 293)
                      ; - ui.views.waveform.c.a::mCQ@86 (line 479)
  0x000001ccbd99fad8: 24ec 6a06 | e9ad eaff 

  0x000001ccbd99fae0: ;   {runtime_call throw_null_pointer_exception Runtime1 stub}
  0x000001ccbd99fae0: ffe8 ba89 

  0x000001ccbd99fae4: ; ImmutableOopMap {rdx=Oop rsi=Oop [304]=Oop }
                      ;*invokevirtual mBu {reexecute=0 rethrow=0 return_oop=0}
                      ; - ui.views.waveform.c.a::mCQ@94 (line 480)
                      ;   {metadata({method} {0x000001cd19e15190} 'mBu' '()Lui/views/waveform/c/a;' in 'ui/views/waveform/u')}
  0x000001ccbd99fae4: 6a06 49ba | 8851 e119 | cd01 0000 | 4c89 5424 | 0848 c704 | 24ff ffff 

  0x000001ccbd99fafc: ;   {runtime_call counter_overflow Runtime1 stub}
  0x000001ccbd99fafc: ffe8 feeb 

  0x000001ccbd99fb00: ; ImmutableOopMap {rdx=Oop rsi=Oop [304]=Oop }
                      ;*synchronization entry
                      ; - ui.views.waveform.u::mBu@-1 (line 597)
                      ; - ui.views.waveform.c.a::mCQ@94 (line 480)
  0x000001ccbd99fb00: 6a06 e954 

  0x000001ccbd99fb04: ;   {runtime_call throw_null_pointer_exception Runtime1 stub}
  0x000001ccbd99fb04: ebff ffe8 

  0x000001ccbd99fb08: ; ImmutableOopMap {rdx=Oop [304]=Oop }
                      ;*getfield zuK {reexecute=1 rethrow=0 return_oop=0}
                      ; - (reexecute) ui.views.waveform.u::mBu@15 (line 597)
                      ; - ui.views.waveform.c.a::mCQ@94 (line 480)
  0x000001ccbd99fb08: 9489 6a06 

  0x000001ccbd99fb0c: ;   {runtime_call throw_null_pointer_exception Runtime1 stub}
  0x000001ccbd99fb0c: e88f 896a 

  0x000001ccbd99fb10: ; ImmutableOopMap {rsi=Oop [304]=Oop }
                      ;*invokevirtual revalidate {reexecute=0 rethrow=0 return_oop=0}
                      ; - ui.views.waveform.c.a::mCQ@97 (line 480)
  0x000001ccbd99fb10: 0644 8b46 | 2849 c1e0 | 0349 83f8 | 000f 8481 | ecff ff4c 

  0x000001ccbd99fb24: ;   {runtime_call g1_pre_barrier_slow}
  0x000001ccbd99fb24: 8904 24e8 | d4f2 6a06 | e973 ecff 

  0x000001ccbd99fb30: ;   {runtime_call throw_null_pointer_exception Runtime1 stub}
  0x000001ccbd99fb30: ffe8 6a89 

  0x000001ccbd99fb34: ; ImmutableOopMap {rsi=Oop rdi=Oop rbx=Oop [304]=Oop [312]=Oop }
                      ;*putfield iMr {reexecute=1 rethrow=0 return_oop=0}
                      ; - (reexecute) ui.views.waveform.c.a::mCQ@109 (line 483)
  0x000001ccbd99fb34: 6a06 4883 | ff00 0f84 | 83ec ffff | 4889 3424 

  0x000001ccbd99fb44: ;   {runtime_call g1_post_barrier_slow}
  0x000001ccbd99fb44: e837 f66a | 06e9 75ec 

  0x000001ccbd99fb4c: ;   {metadata({method} {0x000001cd17fe1c08} 'iTS' '()V' in 'ui/frmwork/b/b')}
  0x000001ccbd99fb4c: ffff 49ba | 001c fe17 | cd01 0000 | 4c89 5424 | 0848 c704 | 24ff ffff 

  0x000001ccbd99fb64: ;   {runtime_call counter_overflow Runtime1 stub}
  0x000001ccbd99fb64: ffe8 96eb 

  0x000001ccbd99fb68: ; ImmutableOopMap {[304]=Oop }
                      ;*synchronization entry
                      ; - ui.frmwork.b.b::iTS@-1 (line 1202)
                      ; - ui.views.waveform.c.a::mCQ@127 (line 488)
  0x000001ccbd99fb68: 6a06 e975 

  0x000001ccbd99fb6c: ;   {metadata({method} {0x000001cd176931b8} 'gnK' '()J' in 'ui/utils/s/d')}
  0x000001ccbd99fb6c: edff ff49 | bab0 3169 | 17cd 0100 | 004c 8954 | 2408 48c7 | 0424 ffff 

  0x000001ccbd99fb84: ;   {runtime_call counter_overflow Runtime1 stub}
  0x000001ccbd99fb84: ffff e875 

  0x000001ccbd99fb88: ; ImmutableOopMap {}
                      ;*synchronization entry
                      ; - ui.utils.s.d::gnK@-1 (line 380)
                      ; - ui.views.waveform.c.a::mCQ@130 (line 490)
  0x000001ccbd99fb88: eb6a 06e9 | a6ee ffff 

  0x000001ccbd99fb90: ;   {metadata({method} {0x000001ccd60aff60} 'linkToTargetMethod' '(JLjava/lang/Object;)Ljava/lang/Object;' in 'java/lang/invoke/Invokers$Holder')}
  0x000001ccbd99fb90: 49ba 58ff | 0ad6 cc01 | 0000 4c89 | 5424 0848 | c704 24ff 

  0x000001ccbd99fba4: ;   {runtime_call counter_overflow Runtime1 stub}
  0x000001ccbd99fba4: ffff ffe8 

  0x000001ccbd99fba8: ; ImmutableOopMap {rsi=Oop }
                      ;*synchronization entry
                      ; - java.lang.invoke.Invokers$Holder::linkToTargetMethod@-1
                      ; - ui.views.waveform.c.a::mCQ@135 (line 490)
  0x000001ccbd99fba8: 54eb 6a06 | e91f efff 

  0x000001ccbd99fbb0: ;   {metadata({method} {0x000001cd3c042348} 'invoke' '(Ljava/lang/Object;J)Ljava/lang/Object;' in 'java/lang/invoke/LambdaForm$MH+0x000001ccd7ae0400')}
  0x000001ccbd99fbb0: ff49 ba40 | 2304 3ccd | 0100 004c | 8954 2408 | 48c7 0424 | ffff ffff 

  0x000001ccbd99fbc8: ;   {runtime_call counter_overflow Runtime1 stub}
  0x000001ccbd99fbc8: e833 eb6a 

  0x000001ccbd99fbcc: ; ImmutableOopMap {}
                      ;*synchronization entry
                      ; - java.lang.invoke.LambdaForm$MH/0x000001ccd7ae0400::invoke@-1
                      ; - java.lang.invoke.Invokers$Holder::linkToTargetMethod@5
                      ; - ui.views.waveform.c.a::mCQ@135 (line 490)
  0x000001ccbd99fbcc: 06e9 52ef 

  0x000001ccbd99fbd0: ;   {metadata({method} {0x000001cd3c041aa0} 'invoke' '(Ljava/lang/Object;J)J' in 'java/lang/invoke/LambdaForm$MH+0x000001ccd7ae0000')}
  0x000001ccbd99fbd0: ffff 49ba | 981a 043c | cd01 0000 | 4c89 5424 | 0848 c704 | 24ff ffff 

  0x000001ccbd99fbe8: ;   {runtime_call counter_overflow Runtime1 stub}
  0x000001ccbd99fbe8: ffe8 12eb 

  0x000001ccbd99fbec: ; ImmutableOopMap {}
                      ;*synchronization entry
                      ; - java.lang.invoke.LambdaForm$MH/0x000001ccd7ae0000::invoke@-1
                      ; - java.lang.invoke.LambdaForm$MH/0x000001ccd7ae0400::invoke@15
                      ; - java.lang.invoke.Invokers$Holder::linkToTargetMethod@5
                      ; - ui.views.waveform.c.a::mCQ@135 (line 490)
  0x000001ccbd99fbec: 6a06 e98f 

  0x000001ccbd99fbf0: ;   {metadata({method} {0x000001ccd60b4ff0} 'invokeStatic' '(Ljava/lang/Object;JJ)J' in 'java/lang/invoke/DirectMethodHandle$Holder')}
  0x000001ccbd99fbf0: efff ff49 | bae8 4f0b | d6cc 0100 | 004c 8954 | 2408 48c7 | 0424 ffff 

  0x000001ccbd99fc08: ;   {runtime_call counter_overflow Runtime1 stub}
  0x000001ccbd99fc08: ffff e8f1 

  0x000001ccbd99fc0c: ; ImmutableOopMap {rsi=Oop }
                      ;*synchronization entry
                      ; - java.lang.invoke.DirectMethodHandle$Holder::invokeStatic@-1
                      ; - java.lang.invoke.LambdaForm$MH/0x000001ccd7ae0000::invoke@23
                      ; - java.lang.invoke.LambdaForm$MH/0x000001ccd7ae0400::invoke@15
                      ; - java.lang.invoke.Invokers$Holder::linkToTargetMethod@5
                      ; - ui.views.waveform.c.a::mCQ@135 (line 490)
  0x000001ccbd99fc0c: ea6a 06e9 | cfef ffff 

  0x000001ccbd99fc14: ;   {metadata({method} {0x000001ccd60a3038} 'internalMemberName' '(Ljava/lang/Object;)Ljava/lang/Object;' in 'java/lang/invoke/DirectMethodHandle')}
  0x000001ccbd99fc14: 49ba 3030 | 0ad6 cc01 | 0000 4c89 | 5424 0848 | c704 24ff 

  0x000001ccbd99fc28: ;   {runtime_call counter_overflow Runtime1 stub}
  0x000001ccbd99fc28: ffff ffe8 

  0x000001ccbd99fc2c: ; ImmutableOopMap {}
                      ;*synchronization entry
                      ; - java.lang.invoke.DirectMethodHandle::internalMemberName@-1 (line 327)
                      ; - java.lang.invoke.DirectMethodHandle$Holder::invokeStatic@1
                      ; - java.lang.invoke.LambdaForm$MH/0x000001ccd7ae0000::invoke@23
                      ; - java.lang.invoke.LambdaForm$MH/0x000001ccd7ae0400::invoke@15
                      ; - java.lang.invoke.Invokers$Holder::linkToTargetMethod@5
                      ; - ui.views.waveform.c.a::mCQ@135 (line 490)
  0x000001ccbd99fc2c: d0ea 6a06 | e903 f0ff 

  0x000001ccbd99fc34: ;   {metadata({method} {0x000001ccd6424ef8} 'mix' '(JJ)J' in 'java/lang/StringConcatHelper')}
  0x000001ccbd99fc34: ff49 baf0 | 4e42 d6cc | 0100 004c | 8954 2408 | 48c7 0424 | ffff ffff 

  0x000001ccbd99fc4c: ;   {runtime_call counter_overflow Runtime1 stub}
  0x000001ccbd99fc4c: e8af ea6a 

  0x000001ccbd99fc50: ; ImmutableOopMap {}
                      ;*synchronization entry
                      ; - java.lang.StringConcatHelper::mix@-1 (line 112)
                      ; - java.lang.invoke.DirectMethodHandle$Holder::invokeStatic@13
                      ; - java.lang.invoke.LambdaForm$MH/0x000001ccd7ae0000::invoke@23
                      ; - java.lang.invoke.LambdaForm$MH/0x000001ccd7ae0400::invoke@15
                      ; - java.lang.invoke.Invokers$Holder::linkToTargetMethod@5
                      ; - ui.views.waveform.c.a::mCQ@135 (line 490)
  0x000001ccbd99fc50: 06e9 40f0 

  0x000001ccbd99fc54: ;   {metadata({method} {0x000001ccd6424920} 'checkOverflow' '(J)J' in 'java/lang/StringConcatHelper')}
  0x000001ccbd99fc54: ffff 49ba | 1849 42d6 | cc01 0000 | 4c89 5424 | 0848 c704 | 24ff ffff 

  0x000001ccbd99fc6c: ;   {runtime_call counter_overflow Runtime1 stub}
  0x000001ccbd99fc6c: ffe8 8eea 

  0x000001ccbd99fc70: ; ImmutableOopMap {}
                      ;*synchronization entry
                      ; - java.lang.StringConcatHelper::checkOverflow@-1 (line 65)
                      ; - java.lang.StringConcatHelper::mix@7 (line 112)
                      ; - java.lang.invoke.DirectMethodHandle$Holder::invokeStatic@13
                      ; - java.lang.invoke.LambdaForm$MH/0x000001ccd7ae0000::invoke@23
                      ; - java.lang.invoke.LambdaForm$MH/0x000001ccd7ae0400::invoke@15
                      ; - java.lang.invoke.Invokers$Holder::linkToTargetMethod@5
                      ; - ui.views.waveform.c.a::mCQ@135 (line 490)
  0x000001ccbd99fc70: 6a06 e99c 

  0x000001ccbd99fc74: ;   {metadata({method} {0x000001cd17470e90} 'invoke' '(Ljava/lang/Object;J)Ljava/lang/Object;' in 'java/lang/invoke/LambdaForm$MH+0x000001ccd7010c00')}
  0x000001ccbd99fc74: f0ff ff49 | ba88 0e47 | 17cd 0100 | 004c 8954 | 2408 48c7 | 0424 ffff 

  0x000001ccbd99fc8c: ;   {runtime_call counter_overflow Runtime1 stub}
  0x000001ccbd99fc8c: ffff e86d 

  0x000001ccbd99fc90: ; ImmutableOopMap {}
                      ;*synchronization entry
                      ; - java.lang.invoke.LambdaForm$MH/0x000001ccd7010c00::invoke@-1
                      ; - java.lang.invoke.LambdaForm$MH/0x000001ccd7ae0400::invoke@33
                      ; - java.lang.invoke.Invokers$Holder::linkToTargetMethod@5
                      ; - ui.views.waveform.c.a::mCQ@135 (line 490)
  0x000001ccbd99fc90: ea6a 06e9 | 19f1 ffff 

  0x000001ccbd99fc98: ;   {metadata({method} {0x000001ccd60b4390} 'invokeStatic' '(Ljava/lang/Object;Ljava/lang/Object;J)Ljava/lang/Object;' in 'java/lang/invoke/DirectMethodHandle$Holder')}
  0x000001ccbd99fc98: 49ba 8843 | 0bd6 cc01 | 0000 4c89 | 5424 0848 | c704 24ff 

  0x000001ccbd99fcac: ;   {runtime_call counter_overflow Runtime1 stub}
  0x000001ccbd99fcac: ffff ffe8 

  0x000001ccbd99fcb0: ; ImmutableOopMap {r8=Oop r9=Oop }
                      ;*synchronization entry
                      ; - java.lang.invoke.DirectMethodHandle$Holder::invokeStatic@-1
                      ; - java.lang.invoke.LambdaForm$MH/0x000001ccd7010c00::invoke@23
                      ; - java.lang.invoke.LambdaForm$MH/0x000001ccd7ae0400::invoke@33
                      ; - java.lang.invoke.Invokers$Holder::linkToTargetMethod@5
                      ; - ui.views.waveform.c.a::mCQ@135 (line 490)
  0x000001ccbd99fcb0: 4cea 6a06 | e98e f1ff 

  0x000001ccbd99fcb8: ;   {metadata({method} {0x000001ccd60a3038} 'internalMemberName' '(Ljava/lang/Object;)Ljava/lang/Object;' in 'java/lang/invoke/DirectMethodHandle')}
  0x000001ccbd99fcb8: ff49 ba30 | 300a d6cc | 0100 004c | 8954 2408 | 48c7 0424 | ffff ffff 

  0x000001ccbd99fcd0: ;   {runtime_call counter_overflow Runtime1 stub}
  0x000001ccbd99fcd0: e82b ea6a 

  0x000001ccbd99fcd4: ; ImmutableOopMap {r8=Oop }
                      ;*synchronization entry
                      ; - java.lang.invoke.DirectMethodHandle::internalMemberName@-1 (line 327)
                      ; - java.lang.invoke.DirectMethodHandle$Holder::invokeStatic@1
                      ; - java.lang.invoke.LambdaForm$MH/0x000001ccd7010c00::invoke@23
                      ; - java.lang.invoke.LambdaForm$MH/0x000001ccd7ae0400::invoke@33
                      ; - java.lang.invoke.Invokers$Holder::linkToTargetMethod@5
                      ; - ui.views.waveform.c.a::mCQ@135 (line 490)
  0x000001ccbd99fcd4: 06e9 c7f1 

  0x000001ccbd99fcd8: ;   {metadata({method} {0x000001ccd6424818} 'newArrayWithSuffix' '(Ljava/lang/String;J)[B' in 'java/lang/StringConcatHelper')}
  0x000001ccbd99fcd8: ffff 49ba | 1048 42d6 | cc01 0000 | 4c89 5424 | 0848 c704 | 24ff ffff 

  0x000001ccbd99fcf0: ;   {runtime_call counter_overflow Runtime1 stub}
  0x000001ccbd99fcf0: ffe8 0aea 

  0x000001ccbd99fcf4: ; ImmutableOopMap {r8=Oop }
                      ;*synchronization entry
                      ; - java.lang.StringConcatHelper::newArrayWithSuffix@-1 (line 489)
                      ; - java.lang.invoke.DirectMethodHandle$Holder::invokeStatic@13
                      ; - java.lang.invoke.LambdaForm$MH/0x000001ccd7010c00::invoke@23
                      ; - java.lang.invoke.LambdaForm$MH/0x000001ccd7ae0400::invoke@33
                      ; - java.lang.invoke.Invokers$Holder::linkToTargetMethod@5
                      ; - ui.views.waveform.c.a::mCQ@135 (line 490)
  0x000001ccbd99fcf4: 6a06 e927 

  0x000001ccbd99fcf8: ;   {metadata({method} {0x000001ccd600eee0} 'length' '()I' in 'java/lang/String')}
  0x000001ccbd99fcf8: f2ff ff49 | bad8 ee00 | d6cc 0100 | 004c 8954 | 2408 48c7 | 0424 ffff 

  0x000001ccbd99fd10: ;   {runtime_call counter_overflow Runtime1 stub}
  0x000001ccbd99fd10: ffff e8e9 

  0x000001ccbd99fd14: ; ImmutableOopMap {r8=Oop }
                      ;*synchronization entry
                      ; - java.lang.String::length@-1 (line 1519)
                      ; - java.lang.StringConcatHelper::newArrayWithSuffix@2 (line 489)
                      ; - java.lang.invoke.DirectMethodHandle$Holder::invokeStatic@13
                      ; - java.lang.invoke.LambdaForm$MH/0x000001ccd7010c00::invoke@23
                      ; - java.lang.invoke.LambdaForm$MH/0x000001ccd7ae0400::invoke@33
                      ; - java.lang.invoke.Invokers$Holder::linkToTargetMethod@5
                      ; - ui.views.waveform.c.a::mCQ@135 (line 490)
  0x000001ccbd99fd14: e96a 06e9 | 48f2 ffff 

  0x000001ccbd99fd1c: ;   {metadata({method} {0x000001ccd645a188} 'coder' '()B' in 'java/lang/String')}
  0x000001ccbd99fd1c: 49ba 80a1 | 45d6 cc01 | 0000 4c89 | 5424 0848 | c704 24ff 

  0x000001ccbd99fd30: ;   {runtime_call counter_overflow Runtime1 stub}
  0x000001ccbd99fd30: ffff ffe8 

  0x000001ccbd99fd34: ; ImmutableOopMap {}
                      ;*synchronization entry
                      ; - java.lang.String::coder@-1 (line 4809)
                      ; - java.lang.String::length@6 (line 1519)
                      ; - java.lang.StringConcatHelper::newArrayWithSuffix@2 (line 489)
                      ; - java.lang.invoke.DirectMethodHandle$Holder::invokeStatic@13
                      ; - java.lang.invoke.LambdaForm$MH/0x000001ccd7010c00::invoke@23
                      ; - java.lang.invoke.LambdaForm$MH/0x000001ccd7ae0400::invoke@33
                      ; - java.lang.invoke.Invokers$Holder::linkToTargetMethod@5
                      ; - ui.views.waveform.c.a::mCQ@135 (line 490)
  0x000001ccbd99fd34: c8e9 6a06 | e966 f2ff 

  0x000001ccbd99fd3c: ;   {metadata({method} {0x000001ccd6425160} 'newArray' '(J)[B' in 'java/lang/StringConcatHelper')}
  0x000001ccbd99fd3c: ff49 ba58 | 5142 d6cc | 0100 004c | 8954 2408 | 48c7 0424 | ffff ffff 

  0x000001ccbd99fd54: ;   {runtime_call counter_overflow Runtime1 stub}
  0x000001ccbd99fd54: e8a7 e96a 

  0x000001ccbd99fd58: ; ImmutableOopMap {}
                      ;*synchronization entry
                      ; - java.lang.StringConcatHelper::newArray@-1 (line 506)
                      ; - java.lang.StringConcatHelper::newArrayWithSuffix@7 (line 489)
                      ; - java.lang.invoke.DirectMethodHandle$Holder::invokeStatic@13
                      ; - java.lang.invoke.LambdaForm$MH/0x000001ccd7010c00::invoke@23
                      ; - java.lang.invoke.LambdaForm$MH/0x000001ccd7ae0400::invoke@33
                      ; - java.lang.invoke.Invokers$Holder::linkToTargetMethod@5
                      ; - ui.views.waveform.c.a::mCQ@135 (line 490)
  0x000001ccbd99fd58: 06e9 b4f2 | ffff 4889 

  0x000001ccbd99fd60: ;   {runtime_call throw_class_cast_exception Runtime1 stub}
  0x000001ccbd99fd60: 0424 e839 

  0x000001ccbd99fd64: ; ImmutableOopMap {}
                      ;*checkcast {reexecute=0 rethrow=0 return_oop=0}
                      ; - java.lang.StringConcatHelper::newArray@36 (line 511)
                      ; - java.lang.StringConcatHelper::newArrayWithSuffix@7 (line 489)
                      ; - java.lang.invoke.DirectMethodHandle$Holder::invokeStatic@13
                      ; - java.lang.invoke.LambdaForm$MH/0x000001ccd7010c00::invoke@23
                      ; - java.lang.invoke.LambdaForm$MH/0x000001ccd7ae0400::invoke@33
                      ; - java.lang.invoke.Invokers$Holder::linkToTargetMethod@5
                      ; - ui.views.waveform.c.a::mCQ@135 (line 490)
                      ;   {metadata({method} {0x000001cd1a265a98} 'invoke' '(Ljava/lang/Object;JLjava/lang/Object;J)J' in 'java/lang/invoke/LambdaForm$MH+0x000001ccd77bd800')}
  0x000001ccbd99fd64: b36a 0649 | ba90 5a26 | 1acd 0100 | 004c 8954 | 2408 48c7 | 0424 ffff 

  0x000001ccbd99fd7c: ;   {runtime_call counter_overflow Runtime1 stub}
  0x000001ccbd99fd7c: ffff e87d 

  0x000001ccbd99fd80: ; ImmutableOopMap {rsi=Oop [368]=Oop }
                      ;*synchronization entry
                      ; - java.lang.invoke.LambdaForm$MH/0x000001ccd77bd800::invoke@-1
                      ; - java.lang.invoke.LambdaForm$MH/0x000001ccd7ae0400::invoke@54
                      ; - java.lang.invoke.Invokers$Holder::linkToTargetMethod@5
                      ; - ui.views.waveform.c.a::mCQ@135 (line 490)
  0x000001ccbd99fd80: e96a 06e9 | f1f5 ffff 

  0x000001ccbd99fd88: ;   {metadata({method} {0x000001ccd60b4ee8} 'invokeStatic' '(Ljava/lang/Object;JLjava/lang/Object;JLjava/lang/Object;)J' in 'java/lang/invoke/DirectMethodHandle$Holder')}
  0x000001ccbd99fd88: 49ba e04e | 0bd6 cc01 | 0000 4c89 | 5424 0848 | c704 24ff 

  0x000001ccbd99fd9c: ;   {runtime_call counter_overflow Runtime1 stub}
  0x000001ccbd99fd9c: ffff ffe8 

  0x000001ccbd99fda0: ; ImmutableOopMap {rsi=Oop r8=Oop [368]=Oop }
                      ;*synchronization entry
                      ; - java.lang.invoke.DirectMethodHandle$Holder::invokeStatic@-1
                      ; - java.lang.invoke.LambdaForm$MH/0x000001ccd77bd800::invoke@28
                      ; - java.lang.invoke.LambdaForm$MH/0x000001ccd7ae0400::invoke@54
                      ; - java.lang.invoke.Invokers$Holder::linkToTargetMethod@5
                      ; - ui.views.waveform.c.a::mCQ@135 (line 490)
  0x000001ccbd99fda0: 5ce9 6a06 | e961 f6ff 

  0x000001ccbd99fda8: ;   {metadata({method} {0x000001ccd60a3038} 'internalMemberName' '(Ljava/lang/Object;)Ljava/lang/Object;' in 'java/lang/invoke/DirectMethodHandle')}
  0x000001ccbd99fda8: ff49 ba30 | 300a d6cc | 0100 004c | 8954 2408 | 48c7 0424 | ffff ffff 

  0x000001ccbd99fdc0: ;   {runtime_call counter_overflow Runtime1 stub}
  0x000001ccbd99fdc0: e83b e96a 

  0x000001ccbd99fdc4: ; ImmutableOopMap {rsi=Oop [368]=Oop }
                      ;*synchronization entry
                      ; - java.lang.invoke.DirectMethodHandle::internalMemberName@-1 (line 327)
                      ; - java.lang.invoke.DirectMethodHandle$Holder::invokeStatic@1
                      ; - java.lang.invoke.LambdaForm$MH/0x000001ccd77bd800::invoke@28
                      ; - java.lang.invoke.LambdaForm$MH/0x000001ccd7ae0400::invoke@54
                      ; - java.lang.invoke.Invokers$Holder::linkToTargetMethod@5
                      ; - ui.views.waveform.c.a::mCQ@135 (line 490)
  0x000001ccbd99fdc4: 06e9 9af6 

  0x000001ccbd99fdc8: ;   {metadata({method} {0x000001ccd60b4390} 'invokeStatic' '(Ljava/lang/Object;Ljava/lang/Object;J)Ljava/lang/Object;' in 'java/lang/invoke/DirectMethodHandle$Holder')}
  0x000001ccbd99fdc8: ffff 49ba | 8843 0bd6 | cc01 0000 | 4c89 5424 | 0848 c704 | 24ff ffff 

  0x000001ccbd99fde0: ;   {runtime_call counter_overflow Runtime1 stub}
  0x000001ccbd99fde0: ffe8 1ae9 

  0x000001ccbd99fde4: ; ImmutableOopMap {rsi=Oop r8=Oop [368]=Oop }
                      ;*synchronization entry
                      ; - java.lang.invoke.DirectMethodHandle$Holder::invokeStatic@-1
                      ; - java.lang.invoke.LambdaForm$MH/0x000001ccd7ae0400::invoke@74
                      ; - java.lang.invoke.Invokers$Holder::linkToTargetMethod@5
                      ; - ui.views.waveform.c.a::mCQ@135 (line 490)
  0x000001ccbd99fde4: 6a06 e9aa 

  0x000001ccbd99fde8: ;   {metadata({method} {0x000001ccd60a3038} 'internalMemberName' '(Ljava/lang/Object;)Ljava/lang/Object;' in 'java/lang/invoke/DirectMethodHandle')}
  0x000001ccbd99fde8: f7ff ff49 | ba30 300a | d6cc 0100 | 004c 8954 | 2408 48c7 | 0424 ffff 

  0x000001ccbd99fe00: ;   {runtime_call counter_overflow Runtime1 stub}
  0x000001ccbd99fe00: ffff e8f9 

  0x000001ccbd99fe04: ; ImmutableOopMap {rsi=Oop [368]=Oop }
                      ;*synchronization entry
                      ; - java.lang.invoke.DirectMethodHandle::internalMemberName@-1 (line 327)
                      ; - java.lang.invoke.DirectMethodHandle$Holder::invokeStatic@1
                      ; - java.lang.invoke.LambdaForm$MH/0x000001ccd7ae0400::invoke@74
                      ; - java.lang.invoke.Invokers$Holder::linkToTargetMethod@5
                      ; - ui.views.waveform.c.a::mCQ@135 (line 490)
  0x000001ccbd99fe04: e86a 06e9 | e3f7 ffff 

  0x000001ccbd99fe0c: ;   {internal_word}
  0x000001ccbd99fe0c: 49ba 5cf7 | 99bd cc01 | 0000 4d89 | 9768 0400 

  0x000001ccbd99fe1c: ;   {runtime_call SafepointBlob}
  0x000001ccbd99fe1c: 00e9 5e6d 

  0x000001ccbd99fe20: ;   {internal_word}
  0x000001ccbd99fe20: 5d06 49ba | 72f7 99bd | cc01 0000 | 4d89 9768 

  0x000001ccbd99fe30: ;   {runtime_call SafepointBlob}
  0x000001ccbd99fe30: 0400 00e9 | 486d 5d06 

  0x000001ccbd99fe38: ;   {runtime_call fast_new_instance Runtime1 stub}
  0x000001ccbd99fe38: 488b d2e8 

  0x000001ccbd99fe3c: ; ImmutableOopMap {}
                      ;*new {reexecute=0 rethrow=0 return_oop=0}
                      ; - java.lang.StringConcatHelper::newArray@16 (line 509)
                      ; - java.lang.StringConcatHelper::newArrayWithSuffix@7 (line 489)
                      ; - java.lang.invoke.DirectMethodHandle$Holder::invokeStatic@13
                      ; - java.lang.invoke.LambdaForm$MH/0x000001ccd7010c00::invoke@23
                      ; - java.lang.invoke.LambdaForm$MH/0x000001ccd7ae0400::invoke@33
                      ; - java.lang.invoke.Invokers$Holder::linkToTargetMethod@5
                      ; - ui.views.waveform.c.a::mCQ@135 (line 490)
  0x000001ccbd99fe3c: 4091 6a06 | e993 f9ff | ff48 8bd2 

  0x000001ccbd99fe48: ;   {runtime_call fast_new_instance Runtime1 stub}
  0x000001ccbd99fe48: e833 916a 

  0x000001ccbd99fe4c: ; ImmutableOopMap {}
                      ;*new {reexecute=0 rethrow=0 return_oop=0}
                      ; - java.lang.StringConcatHelper::checkOverflow@7 (line 68)
                      ; - java.lang.StringConcatHelper::mix@7 (line 112)
                      ; - java.lang.invoke.DirectMethodHandle$Holder::invokeStatic@13
                      ; - java.lang.invoke.LambdaForm$MH/0x000001ccd7ae0000::invoke@23
                      ; - java.lang.invoke.LambdaForm$MH/0x000001ccd7ae0400::invoke@15
                      ; - java.lang.invoke.Invokers$Holder::linkToTargetMethod@5
                      ; - ui.views.waveform.c.a::mCQ@135 (line 490)
  0x000001ccbd99fe4c: 06e9 27fa 

  0x000001ccbd99fe50: ;   {runtime_call throw_null_pointer_exception Runtime1 stub}
  0x000001ccbd99fe50: ffff e849 

  0x000001ccbd99fe54: ; ImmutableOopMap {rsi=Oop rdi=Oop rbx=Oop [304]=Oop [312]=Oop }
                      ;*putfield iMr {reexecute=1 rethrow=0 return_oop=0}
                      ; - (reexecute) ui.views.waveform.c.a::mCQ@109 (line 483)
  0x000001ccbd99fe54: 866a 0649 | 8b87 0005 | 0000 49c7 | 8700 0500 | 0000 0000 | 0049 c787 | 0805 0000 | 0000 0000 
  0x000001ccbd99fe74: 4881 c490 | 0100 005d 

  0x000001ccbd99fe7c: ;   {runtime_call unwind_exception Runtime1 stub}
  0x000001ccbd99fe7c: e9ff 706a | 06f4 f4f4 | f4f4 f4f4 
[Stub Code]
  0x000001ccbd99fe88: ;   {no_reloc}
  0x000001ccbd99fe88: 0f1f 4400 

  0x000001ccbd99fe8c: ;   {static_stub}
  0x000001ccbd99fe8c: 0048 bb00 | 0000 0000 

  0x000001ccbd99fe94: ;   {runtime_call}
  0x000001ccbd99fe94: 0000 00e9 | fbff ffff 

  0x000001ccbd99fe9c: ;   {static_stub}
  0x000001ccbd99fe9c: 9048 bb00 | 0000 0000 

  0x000001ccbd99fea4: ;   {runtime_call}
  0x000001ccbd99fea4: 0000 00e9 | fbff ffff 

  0x000001ccbd99feac: ;   {static_stub}
  0x000001ccbd99feac: 9048 bb00 | 0000 0000 

  0x000001ccbd99feb4: ;   {runtime_call}
  0x000001ccbd99feb4: 0000 00e9 | fbff ffff 

  0x000001ccbd99febc: ;   {static_stub}
  0x000001ccbd99febc: 9048 bb00 | 0000 0000 

  0x000001ccbd99fec4: ;   {runtime_call}
  0x000001ccbd99fec4: 0000 00e9 | fbff ffff 

  0x000001ccbd99fecc: ;   {static_stub}
  0x000001ccbd99fecc: 48bb 0000 | 0000 0000 

  0x000001ccbd99fed4: ;   {runtime_call}
  0x000001ccbd99fed4: 0000 e9fb 

  0x000001ccbd99fed8: ;   {static_stub}
  0x000001ccbd99fed8: ffff ff48 | bb00 0000 | 0000 0000 

  0x000001ccbd99fee4: ;   {runtime_call}
  0x000001ccbd99fee4: 00e9 fbff 

  0x000001ccbd99fee8: ;   {static_stub}
  0x000001ccbd99fee8: ffff 48bb | 0000 0000 | 0000 0000 

  0x000001ccbd99fef4: ;   {runtime_call}
  0x000001ccbd99fef4: e9fb ffff 

  0x000001ccbd99fef8: ;   {static_stub}
  0x000001ccbd99fef8: ff48 bb00 | 0000 0000 

  0x000001ccbd99ff00: ;   {runtime_call}
  0x000001ccbd99ff00: 0000 00e9 | fbff ffff 

  0x000001ccbd99ff08: ;   {static_stub}
  0x000001ccbd99ff08: 48bb 0000 | 0000 0000 

  0x000001ccbd99ff10: ;   {runtime_call}
  0x000001ccbd99ff10: 0000 e9fb 

  0x000001ccbd99ff14: ;   {static_stub}
  0x000001ccbd99ff14: ffff ff48 | bb00 0000 | 0000 0000 

  0x000001ccbd99ff20: ;   {runtime_call}
  0x000001ccbd99ff20: 00e9 fbff 

  0x000001ccbd99ff24: ;   {static_stub}
  0x000001ccbd99ff24: ffff 48bb | 0000 0000 | 0000 0000 

  0x000001ccbd99ff30: ;   {runtime_call}
  0x000001ccbd99ff30: e9fb ffff 

  0x000001ccbd99ff34: ;   {static_stub}
  0x000001ccbd99ff34: ff48 bb00 | 0000 0000 

  0x000001ccbd99ff3c: ;   {runtime_call}
  0x000001ccbd99ff3c: 0000 00e9 | fbff ffff 

  0x000001ccbd99ff44: ;   {static_stub}
  0x000001ccbd99ff44: 48bb a0d3 | 653c cd01 

  0x000001ccbd99ff4c: ;   {runtime_call I2C/C2I adapters}
  0x000001ccbd99ff4c: 0000 e938 

  0x000001ccbd99ff50: ;   {static_stub}
  0x000001ccbd99ff50: b15c 0648 | bb60 ee65 | 3ccd 0100 

  0x000001ccbd99ff5c: ;   {runtime_call I2C/C2I adapters}
  0x000001ccbd99ff5c: 00e9 a54f 

  0x000001ccbd99ff60: ;   {static_stub}
  0x000001ccbd99ff60: 5d06 48bb | 0000 0000 | 0000 0000 

  0x000001ccbd99ff6c: ;   {runtime_call}
  0x000001ccbd99ff6c: e9fb ffff 

  0x000001ccbd99ff70: ;   {static_stub}
  0x000001ccbd99ff70: ff48 bb00 | 0000 0000 

  0x000001ccbd99ff78: ;   {runtime_call}
  0x000001ccbd99ff78: 0000 00e9 | fbff ffff 
[Exception Handler]
  0x000001ccbd99ff80: ;   {runtime_call handle_exception_from_callee Runtime1 stub}
  0x000001ccbd99ff80: e8fb aa6a 

  0x000001ccbd99ff84: ;   {external_word}
  0x000001ccbd99ff84: 0648 b950 | e051 21fa | 7f00 0048 

  0x000001ccbd99ff90: ;   {runtime_call}
  0x000001ccbd99ff90: 83e4 f048 | b850 ef14 | 21fa 7f00 | 00ff d0f4 
[Deopt Handler Code]
  0x000001ccbd99ffa0: ;   {section_word}
  0x000001ccbd99ffa0: 49ba a0ff | 99bd cc01 | 0000 4152 

  0x000001ccbd99ffac: ;   {runtime_call DeoptimizationBlob}
  0x000001ccbd99ffac: e96f 805d 

  0x000001ccbd99ffb0: ;   {section_word}
  0x000001ccbd99ffb0: 0649 bab1 | ff99 bdcc | 0100 0041 

  0x000001ccbd99ffbc: ;   {runtime_call DeoptimizationBlob}
  0x000001ccbd99ffbc: 52e9 5e80 | 5d06 f4f4 | f4f4 f4f4 
[/MachCode]


---------------  P R O C E S S  ---------------

Threads class SMR info:
_java_thread_list=0x000001cd43d9b6e0, length=88, elements={
0x000001ccb2cc6850, 0x000001ccb29a4240, 0x000001ccb40d8b70, 0x000001ccb40e0210,
0x000001ccb40e0c70, 0x000001ccb40e36e0, 0x000001ccb40e6170, 0x000001ccb40edc80,
0x000001ccb40f2f60, 0x000001ccb40f3610, 0x000001ccb4353d70, 0x000001ccb4361840,
0x000001cd1b729a80, 0x000001cd1b72a0f0, 0x000001cd1bb52ec0, 0x000001cd1c7cd880,
0x000001cd1b94b0a0, 0x000001cd1ce4ae90, 0x000001cd1ce48730, 0x000001cd1ce48dc0,
0x000001cd1ce4a170, 0x000001cd1dc50070, 0x000001cd1dc50700, 0x000001cd1dc51420,
0x000001cd1dc51ab0, 0x000001cd2d874ab0, 0x000001cd1ce49450, 0x000001cd1ce49ae0,
0x000001cd1dbc8b70, 0x000001cd1dbc56f0, 0x000001cd1dbc6410, 0x000001cd1dbcc680,
0x000001cd1dbc9f20, 0x000001cd1dbca5b0, 0x000001cd1dbcb960, 0x000001cd1dbcac40,
0x000001cd38298680, 0x000001cd38298d10, 0x000001cd38297ff0, 0x000001cd3829bb00,
0x000001cd3829c820, 0x000001cd1dbc5d80, 0x000001cd3829c190, 0x000001cd1ce480a0,
0x000001cd3690ad00, 0x000001cd3690fbc0, 0x000001cd36911600, 0x000001cd36910f70,
0x000001cd3690e180, 0x000001cd36911c90, 0x000001cd36912320, 0x000001cd3829e260,
0x000001cd3829e8f0, 0x000001cd2d877f30, 0x000001cd1dbc6aa0, 0x000001cd1dc534f0,
0x000001cd36494010, 0x000001cd364953c0, 0x000001cd36491f40, 0x000001cd36495a50,
0x000001cd36492c60, 0x000001cd3829a750, 0x000001cd364981b0, 0x000001cd36497b20,
0x000001cd36496770, 0x000001cd270b5740, 0x000001cd3829b470, 0x000001cd36498ed0,
0x000001cd2d873700, 0x000001cd270b6460, 0x000001cd3829a0c0, 0x000001cd364960e0,
0x000001cd1dbcbff0, 0x000001cd36494d30, 0x000001cd1dbc9890, 0x000001cd270b3670,
0x000001cd2d87a000, 0x000001cd39ae6130, 0x000001cd39ae4d80, 0x000001cd39ae4060,
0x000001cd39ae5410, 0x000001cd39ae46f0, 0x000001cd36496e00, 0x000001cd39aea960,
0x000001cd364925d0, 0x000001cd364946a0, 0x000001cd39ae8890, 0x000001cd3690c740
}

Java Threads: ( => current thread )
  0x000001ccb2cc6850 JavaThread "main"                              [_thread_blocked, id=5912, stack(0x00000029a0100000,0x00000029a0200000) (1024K)]
  0x000001ccb29a4240 JavaThread "Reference Handler"          daemon [_thread_blocked, id=41556, stack(0x00000029a0900000,0x00000029a1300000) (10240K)]
  0x000001ccb40d8b70 JavaThread "Finalizer"                  daemon [_thread_blocked, id=33992, stack(0x00000029a1300000,0x00000029a1d00000) (10240K)]
  0x000001ccb40e0210 JavaThread "Signal Dispatcher"          daemon [_thread_blocked, id=7544, stack(0x00000029a1d00000,0x00000029a2700000) (10240K)]
  0x000001ccb40e0c70 JavaThread "Attach Listener"            daemon [_thread_blocked, id=32472, stack(0x00000029a2700000,0x00000029a3100000) (10240K)]
  0x000001ccb40e36e0 JavaThread "Service Thread"             daemon [_thread_blocked, id=8456, stack(0x00000029a3100000,0x00000029a3b00000) (10240K)]
  0x000001ccb40e6170 JavaThread "Monitor Deflation Thread"   daemon [_thread_blocked, id=16588, stack(0x00000029a3b00000,0x00000029a4500000) (10240K)]
  0x000001ccb40edc80 JavaThread "C2 CompilerThread0"         daemon [_thread_blocked, id=36072, stack(0x00000029a4500000,0x00000029a4600000) (1024K)]
  0x000001ccb40f2f60 JavaThread "C1 CompilerThread0"         daemon [_thread_blocked, id=15408, stack(0x00000029a4600000,0x00000029a4700000) (1024K)]
  0x000001ccb40f3610 JavaThread "StringDedupThread"          daemon [_thread_blocked, id=10684, stack(0x00000029a4700000,0x00000029a5100000) (10240K)]
  0x000001ccb4353d70 JavaThread "Common-Cleaner"             daemon [_thread_blocked, id=19108, stack(0x00000029a5100000,0x00000029a5b00000) (10240K)]
  0x000001ccb4361840 JavaThread "Notification Thread"        daemon [_thread_blocked, id=22564, stack(0x00000029a5b00000,0x00000029a6500000) (10240K)]
  0x000001cd1b729a80 JavaThread "Java2D Disposer"            daemon [_thread_blocked, id=14292, stack(0x00000029a6600000,0x00000029a7000000) (10240K)]
  0x000001cd1b72a0f0 JavaThread "AWT-Shutdown"                      [_thread_blocked, id=30828, stack(0x00000029a7000000,0x00000029a7a00000) (10240K)]
  0x000001cd1bb52ec0 JavaThread "AWT-Windows"                daemon [_thread_in_native, id=25288, stack(0x00000029a7a00000,0x00000029a8400000) (10240K)]
  0x000001cd1c7cd880 JavaThread "TimerQueue"                 daemon [_thread_blocked, id=40504, stack(0x00000029a8500000,0x00000029a8f00000) (10240K)]
=>0x000001cd1b94b0a0 JavaThread "AWT-EventQueue-0"                  [_thread_in_native, id=39820, stack(0x00000029a9200000,0x00000029a9c00000) (10240K)]
  0x000001cd1ce4ae90 JavaThread "Thread-1"                          [_thread_in_native, id=3604, stack(0x000000299e800000,0x000000299fc00000) (20480K)]
  0x000001cd1ce48730 JavaThread "Process Messages Thread"           [_thread_blocked, id=18468, stack(0x00000029ab000000,0x00000029aba00000) (10240K)]
  0x000001cd1ce48dc0 JavaThread "Batik CleanerThread"        daemon [_thread_blocked, id=2664, stack(0x00000029aba00000,0x00000029ac400000) (10240K)]
  0x000001cd1ce4a170 JavaThread "SyntheticaCleanerThread"    daemon [_thread_blocked, id=17752, stack(0x00000029ac400000,0x00000029ace00000) (10240K)]
  0x000001cd1dc50070 JavaThread "Timer-0"                           [_thread_blocked, id=42780, stack(0x00000029ad800000,0x00000029ae200000) (10240K)]
  0x000001cd1dc50700 JavaThread "Monitor File Timestamp Swing Worker Thread"        [_thread_blocked, id=20592, stack(0x00000029ae200000,0x00000029aec00000) (10240K)]
  0x000001cd1dc51420 JavaThread "Monitor HEventQueue for Sluggish Gui Thread"        [_thread_blocked, id=21716, stack(0x00000029aef00000,0x00000029af900000) (10240K)]
  0x000001cd1dc51ab0 JavaThread "SyntheticaAnimation 50"     daemon [_thread_blocked, id=16660, stack(0x00000029af900000,0x00000029b0300000) (10240K)]
  0x000001cd2d874ab0 JavaThread "SyntheticaAnimation 25"     daemon [_thread_blocked, id=27344, stack(0x00000029b0300000,0x00000029b0d00000) (10240K)]
  0x000001cd1ce49450 JavaThread "Swing-Shell"                daemon [_thread_blocked, id=31528, stack(0x00000029a9c00000,0x00000029aa600000) (10240K)]
  0x000001cd1ce49ae0 JavaThread "SyntheticaAnimation 70"     daemon [_thread_blocked, id=18832, stack(0x00000029ace00000,0x00000029ad800000) (10240K)]
  0x000001cd1dbc8b70 JavaThread "Refresh Filesets Swing Worker Thread"        [_thread_blocked, id=14376, stack(0x00000029b2100000,0x00000029b2b00000) (10240K)]
  0x000001cd1dbc56f0 JavaThread "hw_ila_monitor"                    [_thread_blocked, id=5344, stack(0x00000029b2b00000,0x00000029b3500000) (10240K)]
  0x000001cd1dbc6410 JavaThread "pool-2-thread-1"                   [_thread_blocked, id=42068, stack(0x00000029b0d00000,0x00000029b1700000) (10240K)]
  0x000001cd1dbcc680 JavaThread "Timer-1"                           [_thread_blocked, id=6464, stack(0x00000029b4900000,0x00000029b5300000) (10240K)]
  0x000001cd1dbc9f20 JavaThread "pool-3-thread-1"                   [_thread_blocked, id=5152, stack(0x00000029b5300000,0x00000029b5d00000) (10240K)]
  0x000001cd1dbca5b0 JavaThread "Timer-2"                           [_thread_blocked, id=6348, stack(0x00000029b5d00000,0x00000029b6700000) (10240K)]
  0x000001cd1dbcb960 JavaThread "pool-4-thread-1"                   [_thread_blocked, id=27868, stack(0x00000029b6700000,0x00000029b7100000) (10240K)]
  0x000001cd1dbcac40 JavaThread "Timer-3"                           [_thread_blocked, id=29044, stack(0x00000029b7100000,0x00000029b7b00000) (10240K)]
  0x000001cd38298680 JavaThread "pool-5-thread-1"                   [_thread_blocked, id=38368, stack(0x00000029b7b00000,0x00000029b8500000) (10240K)]
  0x000001cd38298d10 JavaThread "Timer-4"                           [_thread_blocked, id=43108, stack(0x00000029b8500000,0x00000029b8f00000) (10240K)]
  0x000001cd38297ff0 JavaThread "Update Runs Swing Worker Thread"        [_thread_blocked, id=26352, stack(0x00000029b9900000,0x00000029ba300000) (10240K)]
  0x000001cd3829bb00 JavaThread "Thread-35"                         [_thread_in_native, id=43352, stack(0x00000029a8400000,0x00000029a8500000) (1024K)]
  0x000001cd3829c820 JavaThread "Thread-36"                         [_thread_in_native, id=12408, stack(0x00000029a6500000,0x00000029a6600000) (1024K)]
  0x000001cd1dbc5d80 JavaThread "SyntheticaAnimation 50"     daemon [_thread_blocked, id=16188, stack(0x00000029b1700000,0x00000029b2100000) (10240K)]
  0x000001cd3829c190 JavaThread "Timer-5"                           [_thread_blocked, id=12140, stack(0x00000029b3500000,0x00000029b3f00000) (10240K)]
  0x000001cd1ce480a0 JavaThread "Monitor File Timestamp Swing Worker Thread"        [_thread_blocked, id=25936, stack(0x00000029b3f00000,0x00000029b4900000) (10240K)]
  0x000001cd3690ad00 JavaThread "Image Animator 3"           daemon [_thread_blocked, id=42480, stack(0x00000029bb700000,0x00000029bc100000) (10240K)]
  0x000001cd3690fbc0 JavaThread "Timer-11"                          [_thread_blocked, id=25868, stack(0x00000029b8f00000,0x00000029b9900000) (10240K)]
  0x000001cd36911600 JavaThread "Monitor File Timestamp Swing Worker Thread"        [_thread_blocked, id=43920, stack(0x00000029bc100000,0x00000029bcb00000) (10240K)]
  0x000001cd36910f70 JavaThread "Timer-12"                          [_thread_blocked, id=43448, stack(0x00000029bcb00000,0x00000029bd500000) (10240K)]
  0x000001cd3690e180 JavaThread "Monitor File Timestamp Swing Worker Thread"        [_thread_blocked, id=1564, stack(0x00000029bd500000,0x00000029bdf00000) (10240K)]
  0x000001cd36911c90 JavaThread "Timer-15"                          [_thread_blocked, id=1980, stack(0x00000029ba300000,0x00000029bad00000) (10240K)]
  0x000001cd36912320 JavaThread "Monitor File Timestamp Swing Worker Thread"        [_thread_blocked, id=33424, stack(0x00000029bad00000,0x00000029bb700000) (10240K)]
  0x000001cd3829e260 JavaThread "Timer-17"                          [_thread_blocked, id=31716, stack(0x00000029aa600000,0x00000029ab000000) (10240K)]
  0x000001cd3829e8f0 JavaThread "Monitor File Timestamp Swing Worker Thread"        [_thread_blocked, id=30968, stack(0x00000029c0700000,0x00000029c1100000) (10240K)]
  0x000001cd2d877f30 JavaThread "Timer-19"                          [_thread_blocked, id=1028, stack(0x00000029c1b00000,0x00000029c2500000) (10240K)]
  0x000001cd1dbc6aa0 JavaThread "Monitor File Timestamp Swing Worker Thread"        [_thread_blocked, id=43060, stack(0x00000029c2500000,0x00000029c2f00000) (10240K)]
  0x000001cd1dc534f0 JavaThread "Thread-883"                        [_thread_in_native, id=13844, stack(0x00000029a8400000,0x00000029a8500000) (1024K)]
  0x000001cd36494010 JavaThread "Thread-884"                        [_thread_in_native, id=37524, stack(0x00000029a6500000,0x00000029a6600000) (1024K)]
  0x000001cd364953c0 JavaThread "Thread-944"                        [_thread_in_native, id=5632, stack(0x00000029aed00000,0x00000029aee00000) (1024K)]
  0x000001cd36491f40 JavaThread "Timer-26"                          [_thread_blocked, id=30004, stack(0x00000029bf300000,0x00000029bfd00000) (10240K)]
  0x000001cd36495a50 JavaThread "Monitor File Timestamp Swing Worker Thread"        [_thread_blocked, id=15292, stack(0x00000029c1100000,0x00000029c1b00000) (10240K)]
  0x000001cd36492c60 JavaThread "Thread-1220"                       [_thread_in_native, id=964, stack(0x00000029aee00000,0x00000029aef00000) (1024K)]
  0x000001cd3829a750 JavaThread "Thread-2776"                       [_thread_in_native, id=38216, stack(0x00000029aed00000,0x00000029aee00000) (1024K)]
  0x000001cd364981b0 JavaThread "Timer-34"                          [_thread_blocked, id=42492, stack(0x00000029bdf00000,0x00000029be900000) (10240K)]
  0x000001cd36497b20 JavaThread "Thread-3493"                       [_thread_in_native, id=43324, stack(0x00000029a6500000,0x00000029a6600000) (1024K)]
  0x000001cd36496770 JavaThread "Thread-3803"                       [_thread_in_native, id=10860, stack(0x00000029c4d00000,0x00000029c4e00000) (1024K)]
  0x000001cd270b5740 JavaThread "Thread-4377"                       [_thread_in_native, id=14824, stack(0x00000029aed00000,0x00000029aee00000) (1024K)]
  0x000001cd3829b470 JavaThread "Thread-8387"                       [_thread_in_native, id=34240, stack(0x00000029aec00000,0x00000029aed00000) (1024K)]
  0x000001cd36498ed0 JavaThread "Thread-8388"                       [_thread_in_native, id=26640, stack(0x00000029be900000,0x00000029bea00000) (1024K)]
  0x000001cd2d873700 JavaThread "Thread-8753"                       [_thread_in_native, id=43860, stack(0x00000029aec00000,0x00000029aed00000) (1024K)]
  0x000001cd270b6460 JavaThread "SyntheticaAnimation 50"     daemon [_thread_blocked, id=32128, stack(0x00000029bfd00000,0x00000029c0700000) (10240K)]
  0x000001cd3829a0c0 JavaThread "Thread-8938"                       [_thread_in_native, id=36572, stack(0x00000029a8400000,0x00000029a8500000) (1024K)]
  0x000001cd364960e0 JavaThread "Thread-9979"                       [_thread_in_native, id=38824, stack(0x00000029aed00000,0x00000029aee00000) (1024K)]
  0x000001cd1dbcbff0 JavaThread "Thread-9980"                       [_thread_in_native, id=24760, stack(0x00000029a8400000,0x00000029a8500000) (1024K)]
  0x000001cd36494d30 JavaThread "Thread-12375"                      [_thread_in_native, id=19096, stack(0x00000029aec00000,0x00000029aed00000) (1024K)]
  0x000001cd1dbc9890 JavaThread "Timer-45"                          [_thread_blocked, id=21968, stack(0x00000029be900000,0x00000029bf300000) (10240K)]
  0x000001cd270b3670 JavaThread "Monitor File Timestamp Swing Worker Thread"        [_thread_blocked, id=25796, stack(0x00000029c2f00000,0x00000029c3900000) (10240K)]
  0x000001cd2d87a000 JavaThread "Timer-46"                          [_thread_blocked, id=21576, stack(0x00000029c4d00000,0x00000029c5700000) (10240K)]
  0x000001cd39ae6130 JavaThread "Monitor File Timestamp Swing Worker Thread"        [_thread_blocked, id=41256, stack(0x00000029c5700000,0x00000029c6100000) (10240K)]
  0x000001cd39ae4d80 JavaThread "Timer-47"                          [_thread_blocked, id=4204, stack(0x00000029c6100000,0x00000029c6b00000) (10240K)]
  0x000001cd39ae4060 JavaThread "Monitor File Timestamp Swing Worker Thread"        [_thread_blocked, id=30588, stack(0x00000029c6b00000,0x00000029c7500000) (10240K)]
  0x000001cd39ae5410 JavaThread "Timer-48"                          [_thread_blocked, id=41580, stack(0x00000029c7500000,0x00000029c7f00000) (10240K)]
  0x000001cd39ae46f0 JavaThread "Monitor File Timestamp Swing Worker Thread"        [_thread_blocked, id=39696, stack(0x00000029c7f00000,0x00000029c8900000) (10240K)]
  0x000001cd36496e00 JavaThread "Thread-13782"                      [_thread_in_native, id=43564, stack(0x00000029aec00000,0x00000029aed00000) (1024K)]
  0x000001cd39aea960 JavaThread "Thread-13783"                      [_thread_in_native, id=41696, stack(0x00000029aee00000,0x00000029aef00000) (1024K)]
  0x000001cd364925d0 JavaThread "Timer-49"                          [_thread_blocked, id=39360, stack(0x00000029c4300000,0x00000029c4d00000) (10240K)]
  0x000001cd364946a0 JavaThread "Monitor File Timestamp Swing Worker Thread"        [_thread_blocked, id=43948, stack(0x00000029c8900000,0x00000029c9300000) (10240K)]
  0x000001cd39ae8890 JavaThread "Thread-13949"                      [_thread_in_native, id=37344, stack(0x00000029aec00000,0x00000029aed00000) (1024K)]
  0x000001cd3690c740 JavaThread "Relaunch Simulation Thread"        [_thread_blocked, id=32116, stack(0x00000029c3900000,0x00000029c4300000) (10240K)]
Total: 88

Other Threads:
  0x000001ccabf3a170 VMThread "VM Thread"                           [id=37040, stack(0x00000029a0800000,0x00000029a0900000) (1024K)]
  0x000001ccb2a29400 WatcherThread "VM Periodic Task Thread"        [id=21376, stack(0x00000029a0700000,0x00000029a0800000) (1024K)]
  0x000001ccabf3bad0 WorkerThread "GC Thread#0"                     [id=24028, stack(0x00000029a0200000,0x00000029a0300000) (1024K)]
  0x000001ccabf3b390 WorkerThread "GC Thread#1"                     [id=38660, stack(0x00000029a8f00000,0x00000029a9000000) (1024K)]
  0x000001ccabf3be70 WorkerThread "GC Thread#2"                     [id=29604, stack(0x00000029a9000000,0x00000029a9100000) (1024K)]
  0x000001ccabf3c210 WorkerThread "GC Thread#3"                     [id=42116, stack(0x00000029a9100000,0x00000029a9200000) (1024K)]
  0x000001ccb29ab780 ConcurrentGCThread "G1 Main Marker"            [id=11756, stack(0x00000029a0300000,0x00000029a0400000) (1024K)]
  0x000001ccabf3ac50 WorkerThread "G1 Conc#0"                       [id=13504, stack(0x00000029a0400000,0x00000029a0500000) (1024K)]
  0x000001ccb3fc4a70 ConcurrentGCThread "G1 Refine#0"               [id=20504, stack(0x00000029a0500000,0x00000029a0600000) (1024K)]
  0x000001ccb27a3d50 ConcurrentGCThread "G1 Service"                [id=27564, stack(0x00000029a0600000,0x00000029a0700000) (1024K)]
Total: 10

Threads with active compile tasks:
Total: 0

VM state: not at safepoint (normal execution)

VM Mutex/Monitor currently owned by a thread: None

Heap address: 0x0000000680000000, size: 6144 MB, Compressed Oops mode: Zero based, Oop shift amount: 3

CDS archive(s) mapped at: [0x000001ccd6000000-0x000001ccd6c90000-0x000001ccd6c90000), size 13172736, SharedBaseAddress: 0x000001ccd6000000, ArchiveRelocationMode: 1.
Compressed class space mapped at: 0x000001ccd7000000-0x000001cd17000000, reserved size: 1073741824
Narrow klass base: 0x000001ccd6000000, Narrow klass shift: 0, Narrow klass range: 0x100000000

GC Precious Log:
 CardTable entry size: 512
 Card Set container configuration: InlinePtr #cards 4 size 8 Array Of Cards #cards 32 size 80 Howl #buckets 8 coarsen threshold 7372 Howl Bitmap #cards 1024 size 144 coarsen threshold 921 Card regions per heap region 1 cards per card region 8192
 CPUs: 8 total, 8 available
 Memory: 36558M
 Large Page Support: Disabled
 NUMA Support: Disabled
 Compressed Oops: Enabled (Zero based)
 Heap Region Size: 4M
 Heap Min Capacity: 812M
 Heap Initial Capacity: 812M
 Heap Max Capacity: 6G
 Pre-touch: Disabled
 Parallel Workers: 4
 Concurrent Workers: 1
 Concurrent Refinement Workers: 4
 Periodic GC: Disabled
 String Deduplication is enabled

Heap:
 garbage-first heap   total 831488K, used 245861K [0x0000000680000000, 0x0000000800000000)
  region size 4096K, 15 young (61440K), 1 survivors (4096K)
 Metaspace       used 100488K, committed 101248K, reserved 1179648K
  class space    used 13125K, committed 13568K, reserved 1048576K

Heap Regions: E=young(eden), S=young(survivor), O=old, HS=humongous(starts), HC=humongous(continues), CS=collection set, F=free, TAMS=top-at-mark-start, PB=parsable bottom
|   0|0x0000000680000000, 0x00000006803fffe8, 0x0000000680400000| 99%| O|  |TAMS 0x0000000680000000| PB 0x0000000680000000| Untracked 
|   1|0x0000000680400000, 0x00000006807fffe8, 0x0000000680800000| 99%| O|  |TAMS 0x0000000680400000| PB 0x0000000680400000| Untracked 
|   2|0x0000000680800000, 0x0000000680bf4390, 0x0000000680c00000| 98%| O|  |TAMS 0x0000000680800000| PB 0x0000000680800000| Untracked 
|   3|0x0000000680c00000, 0x0000000681000000, 0x0000000681000000|100%| O|  |TAMS 0x0000000680c00000| PB 0x0000000680c00000| Untracked 
|   4|0x0000000681000000, 0x0000000681400000, 0x0000000681400000|100%| O|  |TAMS 0x0000000681000000| PB 0x0000000681000000| Untracked 
|   5|0x0000000681400000, 0x00000006817fffe8, 0x0000000681800000| 99%| O|  |TAMS 0x0000000681400000| PB 0x0000000681400000| Untracked 
|   6|0x0000000681800000, 0x0000000681bfffc8, 0x0000000681c00000| 99%| O|  |TAMS 0x0000000681800000| PB 0x0000000681800000| Untracked 
|   7|0x0000000681c00000, 0x0000000681fffff0, 0x0000000682000000| 99%| O|  |TAMS 0x0000000681c00000| PB 0x0000000681c00000| Untracked 
|   8|0x0000000682000000, 0x00000006823ffff8, 0x0000000682400000| 99%| O|  |TAMS 0x0000000682000000| PB 0x0000000682000000| Untracked 
|   9|0x0000000682400000, 0x0000000682800000, 0x0000000682800000|100%| O|  |TAMS 0x0000000682400000| PB 0x0000000682400000| Untracked 
|  10|0x0000000682800000, 0x0000000682bfff98, 0x0000000682c00000| 99%| O|  |TAMS 0x0000000682800000| PB 0x0000000682800000| Untracked 
|  11|0x0000000682c00000, 0x0000000682fffff8, 0x0000000683000000| 99%| O|  |TAMS 0x0000000682c00000| PB 0x0000000682c00000| Untracked 
|  12|0x0000000683000000, 0x00000006833ffff8, 0x0000000683400000| 99%| O|  |TAMS 0x0000000683000000| PB 0x0000000683000000| Untracked 
|  13|0x0000000683400000, 0x00000006837fffe8, 0x0000000683800000| 99%| O|  |TAMS 0x0000000683400000| PB 0x0000000683400000| Untracked 
|  14|0x0000000683800000, 0x0000000683bff2c0, 0x0000000683c00000| 99%| O|  |TAMS 0x0000000683800000| PB 0x0000000683800000| Untracked 
|  15|0x0000000683c00000, 0x0000000683fffff8, 0x0000000684000000| 99%| O|  |TAMS 0x0000000683c00000| PB 0x0000000683c00000| Untracked 
|  16|0x0000000684000000, 0x00000006843ffe28, 0x0000000684400000| 99%| O|  |TAMS 0x0000000684000000| PB 0x0000000684000000| Untracked 
|  17|0x0000000684400000, 0x00000006847ffff0, 0x0000000684800000| 99%| O|  |TAMS 0x0000000684400000| PB 0x0000000684400000| Untracked 
|  18|0x0000000684800000, 0x0000000684bffec0, 0x0000000684c00000| 99%| O|  |TAMS 0x0000000684800000| PB 0x0000000684800000| Untracked 
|  19|0x0000000684c00000, 0x0000000684fffff0, 0x0000000685000000| 99%| O|  |TAMS 0x0000000684c00000| PB 0x0000000684c00000| Untracked 
|  20|0x0000000685000000, 0x0000000685400000, 0x0000000685400000|100%| O|  |TAMS 0x0000000685000000| PB 0x0000000685000000| Untracked 
|  21|0x0000000685400000, 0x00000006857ffff8, 0x0000000685800000| 99%| O|  |TAMS 0x0000000685400000| PB 0x0000000685400000| Untracked 
|  22|0x0000000685800000, 0x0000000685bffff8, 0x0000000685c00000| 99%| O|  |TAMS 0x0000000685800000| PB 0x0000000685800000| Untracked 
|  23|0x0000000685c00000, 0x0000000685fffff8, 0x0000000686000000| 99%| O|  |TAMS 0x0000000685c00000| PB 0x0000000685c00000| Untracked 
|  24|0x0000000686000000, 0x00000006863ffff8, 0x0000000686400000| 99%| O|  |TAMS 0x0000000686000000| PB 0x0000000686000000| Untracked 
|  25|0x0000000686400000, 0x00000006867ffe90, 0x0000000686800000| 99%| O|  |TAMS 0x0000000686400000| PB 0x0000000686400000| Untracked 
|  26|0x0000000686800000, 0x0000000686bffe38, 0x0000000686c00000| 99%| O|  |TAMS 0x0000000686800000| PB 0x0000000686800000| Untracked 
|  27|0x0000000686c00000, 0x0000000686ffe988, 0x0000000687000000| 99%| O|  |TAMS 0x0000000686c00000| PB 0x0000000686c00000| Untracked 
|  28|0x0000000687000000, 0x0000000687400000, 0x0000000687400000|100%| O|  |TAMS 0x0000000687000000| PB 0x0000000687000000| Untracked 
|  29|0x0000000687400000, 0x0000000687800000, 0x0000000687800000|100%| O|  |TAMS 0x0000000687400000| PB 0x0000000687400000| Untracked 
|  30|0x0000000687800000, 0x0000000687c00000, 0x0000000687c00000|100%| O|  |TAMS 0x0000000687800000| PB 0x0000000687800000| Untracked 
|  31|0x0000000687c00000, 0x0000000688000000, 0x0000000688000000|100%| O|  |TAMS 0x0000000687c00000| PB 0x0000000687c00000| Untracked 
|  32|0x0000000688000000, 0x00000006883fff58, 0x0000000688400000| 99%| O|  |TAMS 0x0000000688000000| PB 0x0000000688000000| Untracked 
|  33|0x0000000688400000, 0x00000006887fffc8, 0x0000000688800000| 99%| O|  |TAMS 0x0000000688400000| PB 0x0000000688400000| Untracked 
|  34|0x0000000688800000, 0x0000000688bffff8, 0x0000000688c00000| 99%| O|  |TAMS 0x0000000688800000| PB 0x0000000688800000| Untracked 
|  35|0x0000000688c00000, 0x0000000688fffff0, 0x0000000689000000| 99%| O|  |TAMS 0x0000000688c00000| PB 0x0000000688c00000| Untracked 
|  36|0x0000000689000000, 0x0000000689400000, 0x0000000689400000|100%| O|  |TAMS 0x0000000689000000| PB 0x0000000689000000| Untracked 
|  37|0x0000000689400000, 0x00000006897fffd0, 0x0000000689800000| 99%| O|  |TAMS 0x0000000689400000| PB 0x0000000689400000| Untracked 
|  38|0x0000000689800000, 0x0000000689b34fc0, 0x0000000689c00000| 80%| O|  |TAMS 0x0000000689800000| PB 0x0000000689800000| Untracked 
|  39|0x0000000689c00000, 0x000000068a000000, 0x000000068a000000|100%| O|  |TAMS 0x0000000689c00000| PB 0x0000000689c00000| Untracked 
|  40|0x000000068a000000, 0x000000068a3f6578, 0x000000068a400000| 99%| O|  |TAMS 0x000000068a000000| PB 0x000000068a000000| Untracked 
|  41|0x000000068a400000, 0x000000068a800000, 0x000000068a800000|100%| O|  |TAMS 0x000000068a400000| PB 0x000000068a400000| Untracked 
|  42|0x000000068a800000, 0x000000068ac00000, 0x000000068ac00000|100%|HS|  |TAMS 0x000000068a800000| PB 0x000000068a800000| Untracked 
|  43|0x000000068ac00000, 0x000000068b000000, 0x000000068b000000|100%|HC|  |TAMS 0x000000068ac00000| PB 0x000000068ac00000| Untracked 
|  44|0x000000068b000000, 0x000000068b400000, 0x000000068b400000|100%|HS|  |TAMS 0x000000068b000000| PB 0x000000068b000000| Untracked 
|  45|0x000000068b400000, 0x000000068b800000, 0x000000068b800000|100%|HC|  |TAMS 0x000000068b400000| PB 0x000000068b400000| Untracked 
|  46|0x000000068b800000, 0x000000068b800000, 0x000000068bc00000|  0%| F|  |TAMS 0x000000068b800000| PB 0x000000068b800000| Untracked 
|  47|0x000000068bc00000, 0x000000068bdf2a98, 0x000000068c000000| 48%| O|  |TAMS 0x000000068bc00000| PB 0x000000068bc00000| Untracked 
|  48|0x000000068c000000, 0x000000068c146ae0, 0x000000068c400000| 31%| O|  |TAMS 0x000000068c000000| PB 0x000000068c000000| Untracked 
|  49|0x000000068c400000, 0x000000068c436108, 0x000000068c800000|  5%| O|  |TAMS 0x000000068c400000| PB 0x000000068c400000| Untracked 
|  50|0x000000068c800000, 0x000000068c800000, 0x000000068cc00000|  0%| F|  |TAMS 0x000000068c800000| PB 0x000000068c800000| Untracked 
|  51|0x000000068cc00000, 0x000000068cc00000, 0x000000068d000000|  0%| F|  |TAMS 0x000000068cc00000| PB 0x000000068cc00000| Untracked 
|  52|0x000000068d000000, 0x000000068d000000, 0x000000068d400000|  0%| F|  |TAMS 0x000000068d000000| PB 0x000000068d000000| Untracked 
|  53|0x000000068d400000, 0x000000068d400000, 0x000000068d800000|  0%| F|  |TAMS 0x000000068d400000| PB 0x000000068d400000| Untracked 
|  54|0x000000068d800000, 0x000000068d800000, 0x000000068dc00000|  0%| F|  |TAMS 0x000000068d800000| PB 0x000000068d800000| Untracked 
|  55|0x000000068dc00000, 0x000000068dc00000, 0x000000068e000000|  0%| F|  |TAMS 0x000000068dc00000| PB 0x000000068dc00000| Untracked 
|  56|0x000000068e000000, 0x000000068e000000, 0x000000068e400000|  0%| F|  |TAMS 0x000000068e000000| PB 0x000000068e000000| Untracked 
|  57|0x000000068e400000, 0x000000068e400000, 0x000000068e800000|  0%| F|  |TAMS 0x000000068e400000| PB 0x000000068e400000| Untracked 
|  58|0x000000068e800000, 0x000000068e800000, 0x000000068ec00000|  0%| F|  |TAMS 0x000000068e800000| PB 0x000000068e800000| Untracked 
|  59|0x000000068ec00000, 0x000000068ec00000, 0x000000068f000000|  0%| F|  |TAMS 0x000000068ec00000| PB 0x000000068ec00000| Untracked 
|  60|0x000000068f000000, 0x000000068f000000, 0x000000068f400000|  0%| F|  |TAMS 0x000000068f000000| PB 0x000000068f000000| Untracked 
|  61|0x000000068f400000, 0x000000068f400000, 0x000000068f800000|  0%| F|  |TAMS 0x000000068f400000| PB 0x000000068f400000| Untracked 
|  62|0x000000068f800000, 0x000000068f800000, 0x000000068fc00000|  0%| F|  |TAMS 0x000000068f800000| PB 0x000000068f800000| Untracked 
|  63|0x000000068fc00000, 0x000000068fc00000, 0x0000000690000000|  0%| F|  |TAMS 0x000000068fc00000| PB 0x000000068fc00000| Untracked 
|  64|0x0000000690000000, 0x0000000690000000, 0x0000000690400000|  0%| F|  |TAMS 0x0000000690000000| PB 0x0000000690000000| Untracked 
|  65|0x0000000690400000, 0x0000000690400000, 0x0000000690800000|  0%| F|  |TAMS 0x0000000690400000| PB 0x0000000690400000| Untracked 
|  66|0x0000000690800000, 0x0000000690800000, 0x0000000690c00000|  0%| F|  |TAMS 0x0000000690800000| PB 0x0000000690800000| Untracked 
|  67|0x0000000690c00000, 0x0000000690c00000, 0x0000000691000000|  0%| F|  |TAMS 0x0000000690c00000| PB 0x0000000690c00000| Untracked 
|  68|0x0000000691000000, 0x0000000691000000, 0x0000000691400000|  0%| F|  |TAMS 0x0000000691000000| PB 0x0000000691000000| Untracked 
|  69|0x0000000691400000, 0x0000000691400000, 0x0000000691800000|  0%| F|  |TAMS 0x0000000691400000| PB 0x0000000691400000| Untracked 
|  70|0x0000000691800000, 0x0000000691800000, 0x0000000691c00000|  0%| F|  |TAMS 0x0000000691800000| PB 0x0000000691800000| Untracked 
|  71|0x0000000691c00000, 0x0000000691c00000, 0x0000000692000000|  0%| F|  |TAMS 0x0000000691c00000| PB 0x0000000691c00000| Untracked 
|  72|0x0000000692000000, 0x0000000692000000, 0x0000000692400000|  0%| F|  |TAMS 0x0000000692000000| PB 0x0000000692000000| Untracked 
|  73|0x0000000692400000, 0x0000000692400000, 0x0000000692800000|  0%| F|  |TAMS 0x0000000692400000| PB 0x0000000692400000| Untracked 
|  74|0x0000000692800000, 0x0000000692800000, 0x0000000692c00000|  0%| F|  |TAMS 0x0000000692800000| PB 0x0000000692800000| Untracked 
|  75|0x0000000692c00000, 0x0000000692c00000, 0x0000000693000000|  0%| F|  |TAMS 0x0000000692c00000| PB 0x0000000692c00000| Untracked 
|  76|0x0000000693000000, 0x0000000693000000, 0x0000000693400000|  0%| F|  |TAMS 0x0000000693000000| PB 0x0000000693000000| Untracked 
|  77|0x0000000693400000, 0x0000000693400000, 0x0000000693800000|  0%| F|  |TAMS 0x0000000693400000| PB 0x0000000693400000| Untracked 
|  78|0x0000000693800000, 0x0000000693800000, 0x0000000693c00000|  0%| F|  |TAMS 0x0000000693800000| PB 0x0000000693800000| Untracked 
|  79|0x0000000693c00000, 0x0000000693c00000, 0x0000000694000000|  0%| F|  |TAMS 0x0000000693c00000| PB 0x0000000693c00000| Untracked 
|  80|0x0000000694000000, 0x0000000694000000, 0x0000000694400000|  0%| F|  |TAMS 0x0000000694000000| PB 0x0000000694000000| Untracked 
|  81|0x0000000694400000, 0x0000000694400000, 0x0000000694800000|  0%| F|  |TAMS 0x0000000694400000| PB 0x0000000694400000| Untracked 
|  82|0x0000000694800000, 0x0000000694800000, 0x0000000694c00000|  0%| F|  |TAMS 0x0000000694800000| PB 0x0000000694800000| Untracked 
|  83|0x0000000694c00000, 0x0000000694c00000, 0x0000000695000000|  0%| F|  |TAMS 0x0000000694c00000| PB 0x0000000694c00000| Untracked 
|  84|0x0000000695000000, 0x0000000695000000, 0x0000000695400000|  0%| F|  |TAMS 0x0000000695000000| PB 0x0000000695000000| Untracked 
|  85|0x0000000695400000, 0x0000000695400000, 0x0000000695800000|  0%| F|  |TAMS 0x0000000695400000| PB 0x0000000695400000| Untracked 
|  86|0x0000000695800000, 0x0000000695800000, 0x0000000695c00000|  0%| F|  |TAMS 0x0000000695800000| PB 0x0000000695800000| Untracked 
|  87|0x0000000695c00000, 0x0000000695c00000, 0x0000000696000000|  0%| F|  |TAMS 0x0000000695c00000| PB 0x0000000695c00000| Untracked 
|  88|0x0000000696000000, 0x0000000696000000, 0x0000000696400000|  0%| F|  |TAMS 0x0000000696000000| PB 0x0000000696000000| Untracked 
|  89|0x0000000696400000, 0x0000000696400000, 0x0000000696800000|  0%| F|  |TAMS 0x0000000696400000| PB 0x0000000696400000| Untracked 
|  90|0x0000000696800000, 0x0000000696800000, 0x0000000696c00000|  0%| F|  |TAMS 0x0000000696800000| PB 0x0000000696800000| Untracked 
|  91|0x0000000696c00000, 0x0000000696c00000, 0x0000000697000000|  0%| F|  |TAMS 0x0000000696c00000| PB 0x0000000696c00000| Untracked 
|  92|0x0000000697000000, 0x0000000697000000, 0x0000000697400000|  0%| F|  |TAMS 0x0000000697000000| PB 0x0000000697000000| Untracked 
|  93|0x0000000697400000, 0x0000000697400000, 0x0000000697800000|  0%| F|  |TAMS 0x0000000697400000| PB 0x0000000697400000| Untracked 
|  94|0x0000000697800000, 0x0000000697800000, 0x0000000697c00000|  0%| F|  |TAMS 0x0000000697800000| PB 0x0000000697800000| Untracked 
|  95|0x0000000697c00000, 0x0000000697c00000, 0x0000000698000000|  0%| F|  |TAMS 0x0000000697c00000| PB 0x0000000697c00000| Untracked 
|  96|0x0000000698000000, 0x0000000698000000, 0x0000000698400000|  0%| F|  |TAMS 0x0000000698000000| PB 0x0000000698000000| Untracked 
|  97|0x0000000698400000, 0x0000000698400000, 0x0000000698800000|  0%| F|  |TAMS 0x0000000698400000| PB 0x0000000698400000| Untracked 
|  98|0x0000000698800000, 0x0000000698800000, 0x0000000698c00000|  0%| F|  |TAMS 0x0000000698800000| PB 0x0000000698800000| Untracked 
|  99|0x0000000698c00000, 0x0000000698c00000, 0x0000000699000000|  0%| F|  |TAMS 0x0000000698c00000| PB 0x0000000698c00000| Untracked 
| 100|0x0000000699000000, 0x0000000699000000, 0x0000000699400000|  0%| F|  |TAMS 0x0000000699000000| PB 0x0000000699000000| Untracked 
| 101|0x0000000699400000, 0x0000000699400000, 0x0000000699800000|  0%| F|  |TAMS 0x0000000699400000| PB 0x0000000699400000| Untracked 
| 102|0x0000000699800000, 0x0000000699800000, 0x0000000699c00000|  0%| F|  |TAMS 0x0000000699800000| PB 0x0000000699800000| Untracked 
| 103|0x0000000699c00000, 0x0000000699c00000, 0x000000069a000000|  0%| F|  |TAMS 0x0000000699c00000| PB 0x0000000699c00000| Untracked 
| 104|0x000000069a000000, 0x000000069a000000, 0x000000069a400000|  0%| F|  |TAMS 0x000000069a000000| PB 0x000000069a000000| Untracked 
| 105|0x000000069a400000, 0x000000069a400000, 0x000000069a800000|  0%| F|  |TAMS 0x000000069a400000| PB 0x000000069a400000| Untracked 
| 106|0x000000069a800000, 0x000000069a800000, 0x000000069ac00000|  0%| F|  |TAMS 0x000000069a800000| PB 0x000000069a800000| Untracked 
| 107|0x000000069ac00000, 0x000000069ac00000, 0x000000069b000000|  0%| F|  |TAMS 0x000000069ac00000| PB 0x000000069ac00000| Untracked 
| 108|0x000000069b000000, 0x000000069b000000, 0x000000069b400000|  0%| F|  |TAMS 0x000000069b000000| PB 0x000000069b000000| Untracked 
| 109|0x000000069b400000, 0x000000069b400000, 0x000000069b800000|  0%| F|  |TAMS 0x000000069b400000| PB 0x000000069b400000| Untracked 
| 110|0x000000069b800000, 0x000000069b800000, 0x000000069bc00000|  0%| F|  |TAMS 0x000000069b800000| PB 0x000000069b800000| Untracked 
| 111|0x000000069bc00000, 0x000000069bc00000, 0x000000069c000000|  0%| F|  |TAMS 0x000000069bc00000| PB 0x000000069bc00000| Untracked 
| 112|0x000000069c000000, 0x000000069c000000, 0x000000069c400000|  0%| F|  |TAMS 0x000000069c000000| PB 0x000000069c000000| Untracked 
| 113|0x000000069c400000, 0x000000069c400000, 0x000000069c800000|  0%| F|  |TAMS 0x000000069c400000| PB 0x000000069c400000| Untracked 
| 114|0x000000069c800000, 0x000000069c800000, 0x000000069cc00000|  0%| F|  |TAMS 0x000000069c800000| PB 0x000000069c800000| Untracked 
| 115|0x000000069cc00000, 0x000000069cc00000, 0x000000069d000000|  0%| F|  |TAMS 0x000000069cc00000| PB 0x000000069cc00000| Untracked 
| 116|0x000000069d000000, 0x000000069d000000, 0x000000069d400000|  0%| F|  |TAMS 0x000000069d000000| PB 0x000000069d000000| Untracked 
| 117|0x000000069d400000, 0x000000069d400000, 0x000000069d800000|  0%| F|  |TAMS 0x000000069d400000| PB 0x000000069d400000| Untracked 
| 118|0x000000069d800000, 0x000000069d800000, 0x000000069dc00000|  0%| F|  |TAMS 0x000000069d800000| PB 0x000000069d800000| Untracked 
| 119|0x000000069dc00000, 0x000000069dc00000, 0x000000069e000000|  0%| F|  |TAMS 0x000000069dc00000| PB 0x000000069dc00000| Untracked 
| 120|0x000000069e000000, 0x000000069e000000, 0x000000069e400000|  0%| F|  |TAMS 0x000000069e000000| PB 0x000000069e000000| Untracked 
| 121|0x000000069e400000, 0x000000069e400000, 0x000000069e800000|  0%| F|  |TAMS 0x000000069e400000| PB 0x000000069e400000| Untracked 
| 122|0x000000069e800000, 0x000000069e800000, 0x000000069ec00000|  0%| F|  |TAMS 0x000000069e800000| PB 0x000000069e800000| Untracked 
| 123|0x000000069ec00000, 0x000000069ec00000, 0x000000069f000000|  0%| F|  |TAMS 0x000000069ec00000| PB 0x000000069ec00000| Untracked 
| 124|0x000000069f000000, 0x000000069f000000, 0x000000069f400000|  0%| F|  |TAMS 0x000000069f000000| PB 0x000000069f000000| Untracked 
| 125|0x000000069f400000, 0x000000069f400000, 0x000000069f800000|  0%| F|  |TAMS 0x000000069f400000| PB 0x000000069f400000| Untracked 
| 126|0x000000069f800000, 0x000000069f800000, 0x000000069fc00000|  0%| F|  |TAMS 0x000000069f800000| PB 0x000000069f800000| Untracked 
| 127|0x000000069fc00000, 0x000000069fc00000, 0x00000006a0000000|  0%| F|  |TAMS 0x000000069fc00000| PB 0x000000069fc00000| Untracked 
| 128|0x00000006a0000000, 0x00000006a0000000, 0x00000006a0400000|  0%| F|  |TAMS 0x00000006a0000000| PB 0x00000006a0000000| Untracked 
| 129|0x00000006a0400000, 0x00000006a0400000, 0x00000006a0800000|  0%| F|  |TAMS 0x00000006a0400000| PB 0x00000006a0400000| Untracked 
| 130|0x00000006a0800000, 0x00000006a0800000, 0x00000006a0c00000|  0%| F|  |TAMS 0x00000006a0800000| PB 0x00000006a0800000| Untracked 
| 131|0x00000006a0c00000, 0x00000006a0c00000, 0x00000006a1000000|  0%| F|  |TAMS 0x00000006a0c00000| PB 0x00000006a0c00000| Untracked 
| 132|0x00000006a1000000, 0x00000006a1000000, 0x00000006a1400000|  0%| F|  |TAMS 0x00000006a1000000| PB 0x00000006a1000000| Untracked 
| 133|0x00000006a1400000, 0x00000006a1400000, 0x00000006a1800000|  0%| F|  |TAMS 0x00000006a1400000| PB 0x00000006a1400000| Untracked 
| 134|0x00000006a1800000, 0x00000006a1800000, 0x00000006a1c00000|  0%| F|  |TAMS 0x00000006a1800000| PB 0x00000006a1800000| Untracked 
| 135|0x00000006a1c00000, 0x00000006a1c00000, 0x00000006a2000000|  0%| F|  |TAMS 0x00000006a1c00000| PB 0x00000006a1c00000| Untracked 
| 136|0x00000006a2000000, 0x00000006a2000000, 0x00000006a2400000|  0%| F|  |TAMS 0x00000006a2000000| PB 0x00000006a2000000| Untracked 
| 137|0x00000006a2400000, 0x00000006a2400000, 0x00000006a2800000|  0%| F|  |TAMS 0x00000006a2400000| PB 0x00000006a2400000| Untracked 
| 138|0x00000006a2800000, 0x00000006a2800000, 0x00000006a2c00000|  0%| F|  |TAMS 0x00000006a2800000| PB 0x00000006a2800000| Untracked 
| 139|0x00000006a2c00000, 0x00000006a2c00000, 0x00000006a3000000|  0%| F|  |TAMS 0x00000006a2c00000| PB 0x00000006a2c00000| Untracked 
| 140|0x00000006a3000000, 0x00000006a3000000, 0x00000006a3400000|  0%| F|  |TAMS 0x00000006a3000000| PB 0x00000006a3000000| Untracked 
| 141|0x00000006a3400000, 0x00000006a3400000, 0x00000006a3800000|  0%| F|  |TAMS 0x00000006a3400000| PB 0x00000006a3400000| Untracked 
| 142|0x00000006a3800000, 0x00000006a3800000, 0x00000006a3c00000|  0%| F|  |TAMS 0x00000006a3800000| PB 0x00000006a3800000| Untracked 
| 143|0x00000006a3c00000, 0x00000006a3c00000, 0x00000006a4000000|  0%| F|  |TAMS 0x00000006a3c00000| PB 0x00000006a3c00000| Untracked 
| 144|0x00000006a4000000, 0x00000006a4000000, 0x00000006a4400000|  0%| F|  |TAMS 0x00000006a4000000| PB 0x00000006a4000000| Untracked 
| 145|0x00000006a4400000, 0x00000006a4400000, 0x00000006a4800000|  0%| F|  |TAMS 0x00000006a4400000| PB 0x00000006a4400000| Untracked 
| 146|0x00000006a4800000, 0x00000006a4800000, 0x00000006a4c00000|  0%| F|  |TAMS 0x00000006a4800000| PB 0x00000006a4800000| Untracked 
| 147|0x00000006a4c00000, 0x00000006a4c00000, 0x00000006a5000000|  0%| F|  |TAMS 0x00000006a4c00000| PB 0x00000006a4c00000| Untracked 
| 148|0x00000006a5000000, 0x00000006a5000000, 0x00000006a5400000|  0%| F|  |TAMS 0x00000006a5000000| PB 0x00000006a5000000| Untracked 
| 149|0x00000006a5400000, 0x00000006a5400000, 0x00000006a5800000|  0%| F|  |TAMS 0x00000006a5400000| PB 0x00000006a5400000| Untracked 
| 150|0x00000006a5800000, 0x00000006a5800000, 0x00000006a5c00000|  0%| F|  |TAMS 0x00000006a5800000| PB 0x00000006a5800000| Untracked 
| 151|0x00000006a5c00000, 0x00000006a5c00000, 0x00000006a6000000|  0%| F|  |TAMS 0x00000006a5c00000| PB 0x00000006a5c00000| Untracked 
| 152|0x00000006a6000000, 0x00000006a6000000, 0x00000006a6400000|  0%| F|  |TAMS 0x00000006a6000000| PB 0x00000006a6000000| Untracked 
| 153|0x00000006a6400000, 0x00000006a6400000, 0x00000006a6800000|  0%| F|  |TAMS 0x00000006a6400000| PB 0x00000006a6400000| Untracked 
| 154|0x00000006a6800000, 0x00000006a6800000, 0x00000006a6c00000|  0%| F|  |TAMS 0x00000006a6800000| PB 0x00000006a6800000| Untracked 
| 155|0x00000006a6c00000, 0x00000006a6c00000, 0x00000006a7000000|  0%| F|  |TAMS 0x00000006a6c00000| PB 0x00000006a6c00000| Untracked 
| 156|0x00000006a7000000, 0x00000006a7000000, 0x00000006a7400000|  0%| F|  |TAMS 0x00000006a7000000| PB 0x00000006a7000000| Untracked 
| 157|0x00000006a7400000, 0x00000006a7400000, 0x00000006a7800000|  0%| F|  |TAMS 0x00000006a7400000| PB 0x00000006a7400000| Untracked 
| 158|0x00000006a7800000, 0x00000006a7800000, 0x00000006a7c00000|  0%| F|  |TAMS 0x00000006a7800000| PB 0x00000006a7800000| Untracked 
| 159|0x00000006a7c00000, 0x00000006a7c00000, 0x00000006a8000000|  0%| F|  |TAMS 0x00000006a7c00000| PB 0x00000006a7c00000| Untracked 
| 160|0x00000006a8000000, 0x00000006a8000000, 0x00000006a8400000|  0%| F|  |TAMS 0x00000006a8000000| PB 0x00000006a8000000| Untracked 
| 161|0x00000006a8400000, 0x00000006a8400000, 0x00000006a8800000|  0%| F|  |TAMS 0x00000006a8400000| PB 0x00000006a8400000| Untracked 
| 162|0x00000006a8800000, 0x00000006a8800000, 0x00000006a8c00000|  0%| F|  |TAMS 0x00000006a8800000| PB 0x00000006a8800000| Untracked 
| 163|0x00000006a8c00000, 0x00000006a8c00000, 0x00000006a9000000|  0%| F|  |TAMS 0x00000006a8c00000| PB 0x00000006a8c00000| Untracked 
| 164|0x00000006a9000000, 0x00000006a9000000, 0x00000006a9400000|  0%| F|  |TAMS 0x00000006a9000000| PB 0x00000006a9000000| Untracked 
| 165|0x00000006a9400000, 0x00000006a9400000, 0x00000006a9800000|  0%| F|  |TAMS 0x00000006a9400000| PB 0x00000006a9400000| Untracked 
| 166|0x00000006a9800000, 0x00000006a9800000, 0x00000006a9c00000|  0%| F|  |TAMS 0x00000006a9800000| PB 0x00000006a9800000| Untracked 
| 167|0x00000006a9c00000, 0x00000006a9c00000, 0x00000006aa000000|  0%| F|  |TAMS 0x00000006a9c00000| PB 0x00000006a9c00000| Untracked 
| 168|0x00000006aa000000, 0x00000006aa000000, 0x00000006aa400000|  0%| F|  |TAMS 0x00000006aa000000| PB 0x00000006aa000000| Untracked 
| 169|0x00000006aa400000, 0x00000006aa400000, 0x00000006aa800000|  0%| F|  |TAMS 0x00000006aa400000| PB 0x00000006aa400000| Untracked 
| 170|0x00000006aa800000, 0x00000006aa800000, 0x00000006aac00000|  0%| F|  |TAMS 0x00000006aa800000| PB 0x00000006aa800000| Untracked 
| 171|0x00000006aac00000, 0x00000006aac00000, 0x00000006ab000000|  0%| F|  |TAMS 0x00000006aac00000| PB 0x00000006aac00000| Untracked 
| 172|0x00000006ab000000, 0x00000006ab000000, 0x00000006ab400000|  0%| F|  |TAMS 0x00000006ab000000| PB 0x00000006ab000000| Untracked 
| 173|0x00000006ab400000, 0x00000006ab400000, 0x00000006ab800000|  0%| F|  |TAMS 0x00000006ab400000| PB 0x00000006ab400000| Untracked 
| 174|0x00000006ab800000, 0x00000006ab800000, 0x00000006abc00000|  0%| F|  |TAMS 0x00000006ab800000| PB 0x00000006ab800000| Untracked 
| 175|0x00000006abc00000, 0x00000006abc00000, 0x00000006ac000000|  0%| F|  |TAMS 0x00000006abc00000| PB 0x00000006abc00000| Untracked 
| 176|0x00000006ac000000, 0x00000006ac000000, 0x00000006ac400000|  0%| F|  |TAMS 0x00000006ac000000| PB 0x00000006ac000000| Untracked 
| 177|0x00000006ac400000, 0x00000006ac400000, 0x00000006ac800000|  0%| F|  |TAMS 0x00000006ac400000| PB 0x00000006ac400000| Untracked 
| 178|0x00000006ac800000, 0x00000006ac800000, 0x00000006acc00000|  0%| F|  |TAMS 0x00000006ac800000| PB 0x00000006ac800000| Untracked 
| 179|0x00000006acc00000, 0x00000006acc00000, 0x00000006ad000000|  0%| F|  |TAMS 0x00000006acc00000| PB 0x00000006acc00000| Untracked 
| 180|0x00000006ad000000, 0x00000006ad000000, 0x00000006ad400000|  0%| F|  |TAMS 0x00000006ad000000| PB 0x00000006ad000000| Untracked 
| 181|0x00000006ad400000, 0x00000006ad400000, 0x00000006ad800000|  0%| F|  |TAMS 0x00000006ad400000| PB 0x00000006ad400000| Untracked 
| 182|0x00000006ad800000, 0x00000006ad98d320, 0x00000006adc00000| 38%| S|CS|TAMS 0x00000006ad800000| PB 0x00000006ad800000| Complete 
| 183|0x00000006adc00000, 0x00000006adc00000, 0x00000006ae000000|  0%| F|  |TAMS 0x00000006adc00000| PB 0x00000006adc00000| Untracked 
| 184|0x00000006ae000000, 0x00000006ae000000, 0x00000006ae400000|  0%| F|  |TAMS 0x00000006ae000000| PB 0x00000006ae000000| Untracked 
| 185|0x00000006ae400000, 0x00000006ae400000, 0x00000006ae800000|  0%| F|  |TAMS 0x00000006ae400000| PB 0x00000006ae400000| Untracked 
| 186|0x00000006ae800000, 0x00000006ae800000, 0x00000006aec00000|  0%| F|  |TAMS 0x00000006ae800000| PB 0x00000006ae800000| Untracked 
| 187|0x00000006aec00000, 0x00000006aec00000, 0x00000006af000000|  0%| F|  |TAMS 0x00000006aec00000| PB 0x00000006aec00000| Untracked 
| 188|0x00000006af000000, 0x00000006af000000, 0x00000006af400000|  0%| F|  |TAMS 0x00000006af000000| PB 0x00000006af000000| Untracked 
| 189|0x00000006af400000, 0x00000006af5f9a18, 0x00000006af800000| 49%| E|  |TAMS 0x00000006af400000| PB 0x00000006af400000| Complete 
| 190|0x00000006af800000, 0x00000006afc00000, 0x00000006afc00000|100%| E|CS|TAMS 0x00000006af800000| PB 0x00000006af800000| Complete 
| 191|0x00000006afc00000, 0x00000006b0000000, 0x00000006b0000000|100%| E|CS|TAMS 0x00000006afc00000| PB 0x00000006afc00000| Complete 
| 192|0x00000006b0000000, 0x00000006b0400000, 0x00000006b0400000|100%| E|CS|TAMS 0x00000006b0000000| PB 0x00000006b0000000| Complete 
| 193|0x00000006b0400000, 0x00000006b0800000, 0x00000006b0800000|100%| E|CS|TAMS 0x00000006b0400000| PB 0x00000006b0400000| Complete 
| 194|0x00000006b0800000, 0x00000006b0c00000, 0x00000006b0c00000|100%| E|CS|TAMS 0x00000006b0800000| PB 0x00000006b0800000| Complete 
| 195|0x00000006b0c00000, 0x00000006b1000000, 0x00000006b1000000|100%| E|CS|TAMS 0x00000006b0c00000| PB 0x00000006b0c00000| Complete 
| 196|0x00000006b1000000, 0x00000006b1400000, 0x00000006b1400000|100%| E|CS|TAMS 0x00000006b1000000| PB 0x00000006b1000000| Complete 
| 197|0x00000006b1400000, 0x00000006b1800000, 0x00000006b1800000|100%| E|CS|TAMS 0x00000006b1400000| PB 0x00000006b1400000| Complete 
| 198|0x00000006b1800000, 0x00000006b1c00000, 0x00000006b1c00000|100%| E|CS|TAMS 0x00000006b1800000| PB 0x00000006b1800000| Complete 
| 199|0x00000006b1c00000, 0x00000006b2000000, 0x00000006b2000000|100%| E|CS|TAMS 0x00000006b1c00000| PB 0x00000006b1c00000| Complete 
| 200|0x00000006b2000000, 0x00000006b2400000, 0x00000006b2400000|100%| E|CS|TAMS 0x00000006b2000000| PB 0x00000006b2000000| Complete 
| 201|0x00000006b2400000, 0x00000006b2800000, 0x00000006b2800000|100%| E|CS|TAMS 0x00000006b2400000| PB 0x00000006b2400000| Complete 
| 202|0x00000006b2800000, 0x00000006b2c00000, 0x00000006b2c00000|100%| E|CS|TAMS 0x00000006b2800000| PB 0x00000006b2800000| Complete 

Card table byte_map: [0x000001cccc5f0000,0x000001cccd1f0000] _byte_map_base: 0x000001ccc91f0000

Marking Bits: (CMBitMap*) 0x000001ccb3f07b30
 Bits: [0x000001cccd1f0000, 0x000001ccd31f0000)

Polling page: 0x000001cca9400000

Metaspace:

Usage:
  Non-class:     85.31 MB used.
      Class:     12.82 MB used.
       Both:     98.13 MB used.

Virtual space:
  Non-class space:      128.00 MB reserved,      85.62 MB ( 67%) committed,  2 nodes.
      Class space:        1.00 GB reserved,      13.25 MB (  1%) committed,  1 nodes.
             Both:        1.12 GB reserved,      98.88 MB (  9%) committed. 

Chunk freelists:
   Non-Class:  9.58 MB
       Class:  2.82 MB
        Both:  12.39 MB

MaxMetaspaceSize: unlimited
CompressedClassSpaceSize: 1.00 GB
Initial GC threshold: 21.00 MB
Current GC threshold: 164.69 MB
CDS: on
 - commit_granule_bytes: 65536.
 - commit_granule_words: 8192.
 - virtual_space_node_default_size: 8388608.
 - enlarge_chunks_in_place: 1.
 - use_allocation_guard: 0.


Internal statistics:

num_allocs_failed_limit: 9.
num_arena_births: 1374.
num_arena_deaths: 480.
num_vsnodes_births: 3.
num_vsnodes_deaths: 0.
num_space_committed: 1574.
num_space_uncommitted: 0.
num_chunks_returned_to_freelist: 585.
num_chunks_taken_from_freelist: 4495.
num_chunk_merges: 171.
num_chunk_splits: 2989.
num_chunks_enlarged: 2125.
num_inconsistent_stats: 0.

CodeHeap 'non-profiled nmethods': size=120000Kb used=29352Kb max_used=29822Kb free=90647Kb
 bounds [0x000001ccc44c0000, 0x000001ccc61e0000, 0x000001cccb9f0000]
CodeHeap 'profiled nmethods': size=120000Kb used=25063Kb max_used=32724Kb free=94936Kb
 bounds [0x000001ccbc9f0000, 0x000001ccbea60000, 0x000001ccc3f20000]
CodeHeap 'non-nmethods': size=5760Kb used=2800Kb max_used=2960Kb free=2959Kb
 bounds [0x000001ccc3f20000, 0x000001ccc4220000, 0x000001ccc44c0000]
 total_blobs=14701 nmethods=13390 adapters=1208
 compilation: enabled
              stopped_count=0, restarted_count=0
 full_count=0

Compilation events (20 events):
Event: 12227.870 Thread 0x000001cd40bc6ed0 98779       4       org.apache.batik.dom.util.HashTableStack::push (14 bytes)
Event: 12227.870 Thread 0x000001cd40bc6ed0 nmethod 98779 0x000001ccc5bc1690 code [0x000001ccc5bc1820, 0x000001ccc5bc18c0]
Event: 12227.877 Thread 0x000001ccb40edc80 nmethod 98741 0x000001ccc5cc2c10 code [0x000001ccc5cc2ee0, 0x000001ccc5cc45b0]
Event: 12227.882 Thread 0x000001cd40bc7c70 nmethod 98742 0x000001ccc5679510 code [0x000001ccc56797e0, 0x000001ccc567add0]
Event: 12227.906 Thread 0x000001ccb40f2f60 98867       3       sun.java2d.SunGraphics2D::setXORMode (32 bytes)
Event: 12227.907 Thread 0x000001ccb40f2f60 nmethod 98867 0x000001ccbde91d10 code [0x000001ccbde91f20, 0x000001ccbde92550]
Event: 12227.907 Thread 0x000001ccb40f2f60 98868       3       sun.java2d.SurfaceData::getRenderLoops (66 bytes)
Event: 12227.907 Thread 0x000001ccb40f2f60 nmethod 98868 0x000001ccbe177b10 code [0x000001ccbe177d20, 0x000001ccbe178258]
Event: 12228.710 Thread 0x000001cd40bc7c70 98869       4       ui.views.S.w::beQ (32 bytes)
Event: 12228.718 Thread 0x000001cd40bc7c70 nmethod 98869 0x000001ccc4d1ca90 code [0x000001ccc4d1cca0, 0x000001ccc4d1d310]
Event: 12228.740 Thread 0x000001ccb40f2f60 98870       3       com.jidesoft.utils.SystemInfo::isJdk6u14Above (24 bytes)
Event: 12228.740 Thread 0x000001ccb40f2f60 nmethod 98870 0x000001ccbd6a5e90 code [0x000001ccbd6a60c0, 0x000001ccbd6a6578]
Event: 12229.201 Thread 0x000001ccb40f2f60 98871       1       ui.views.x.a.s::bgU (2 bytes)
Event: 12229.201 Thread 0x000001ccb40f2f60 nmethod 98871 0x000001ccc5bdfe10 code [0x000001ccc5bdffa0, 0x000001ccc5be0068]
Event: 12229.226 Thread 0x000001ccb40f2f60 98872  s    3       sun.awt.SunToolkit::setWindowDeactivationTime (62 bytes)
Event: 12229.227 Thread 0x000001ccb40f2f60 nmethod 98872 0x000001ccbd411a90 code [0x000001ccbd411ce0, 0x000001ccbd412388]
Event: 12229.237 Thread 0x000001ccb40f2f60 98873   !   3       java.awt.SequencedEvent::dispose (180 bytes)
Event: 12229.238 Thread 0x000001ccb40f2f60 nmethod 98873 0x000001ccbcaa5690 code [0x000001ccbcaa5ac0, 0x000001ccbcaa75d8]
Event: 12229.238 Thread 0x000001ccb40f2f60 98874   !   3       sun.awt.windows.WWindowPeer$ActiveWindowListener::propertyChange (89 bytes)
Event: 12229.238 Thread 0x000001ccb40f2f60 nmethod 98874 0x000001ccbca77e10 code [0x000001ccbca78100, 0x000001ccbca79210]

GC Heap History (20 events):
Event: 12209.169 GC heap before
{Heap before GC invocations=1665 (full 1152):
 garbage-first heap   total 831488K, used 265848K [0x0000000680000000, 0x0000000800000000)
  region size 4096K, 20 young (81920K), 0 survivors (0K)
 Metaspace       used 100444K, committed 101184K, reserved 1179648K
  class space    used 13125K, committed 13568K, reserved 1048576K
}
Event: 12209.173 GC heap after
{Heap after GC invocations=1666 (full 1152):
 garbage-first heap   total 831488K, used 185104K [0x0000000680000000, 0x0000000800000000)
  region size 4096K, 1 young (4096K), 1 survivors (4096K)
 Metaspace       used 100444K, committed 101184K, reserved 1179648K
  class space    used 13125K, committed 13568K, reserved 1048576K
}
Event: 12210.698 GC heap before
{Heap before GC invocations=1666 (full 1152):
 garbage-first heap   total 831488K, used 262928K [0x0000000680000000, 0x0000000800000000)
  region size 4096K, 20 young (81920K), 1 survivors (4096K)
 Metaspace       used 100444K, committed 101184K, reserved 1179648K
  class space    used 13125K, committed 13568K, reserved 1048576K
}
Event: 12210.700 GC heap after
{Heap after GC invocations=1667 (full 1152):
 garbage-first heap   total 831488K, used 184634K [0x0000000680000000, 0x0000000800000000)
  region size 4096K, 1 young (4096K), 1 survivors (4096K)
 Metaspace       used 100444K, committed 101184K, reserved 1179648K
  class space    used 13125K, committed 13568K, reserved 1048576K
}
Event: 12211.170 GC heap before
{Heap before GC invocations=1667 (full 1152):
 garbage-first heap   total 831488K, used 262458K [0x0000000680000000, 0x0000000800000000)
  region size 4096K, 20 young (81920K), 1 survivors (4096K)
 Metaspace       used 100444K, committed 101184K, reserved 1179648K
  class space    used 13125K, committed 13568K, reserved 1048576K
}
Event: 12211.172 GC heap after
{Heap after GC invocations=1668 (full 1152):
 garbage-first heap   total 831488K, used 185155K [0x0000000680000000, 0x0000000800000000)
  region size 4096K, 1 young (4096K), 1 survivors (4096K)
 Metaspace       used 100444K, committed 101184K, reserved 1179648K
  class space    used 13125K, committed 13568K, reserved 1048576K
}
Event: 12212.792 GC heap before
{Heap before GC invocations=1668 (full 1152):
 garbage-first heap   total 831488K, used 262979K [0x0000000680000000, 0x0000000800000000)
  region size 4096K, 20 young (81920K), 1 survivors (4096K)
 Metaspace       used 100446K, committed 101184K, reserved 1179648K
  class space    used 13125K, committed 13568K, reserved 1048576K
}
Event: 12212.797 GC heap after
{Heap after GC invocations=1669 (full 1152):
 garbage-first heap   total 831488K, used 186504K [0x0000000680000000, 0x0000000800000000)
  region size 4096K, 1 young (4096K), 1 survivors (4096K)
 Metaspace       used 100446K, committed 101184K, reserved 1179648K
  class space    used 13125K, committed 13568K, reserved 1048576K
}
Event: 12213.145 GC heap before
{Heap before GC invocations=1669 (full 1152):
 garbage-first heap   total 831488K, used 264328K [0x0000000680000000, 0x0000000800000000)
  region size 4096K, 20 young (81920K), 1 survivors (4096K)
 Metaspace       used 100456K, committed 101248K, reserved 1179648K
  class space    used 13125K, committed 13568K, reserved 1048576K
}
Event: 12213.151 GC heap after
{Heap after GC invocations=1670 (full 1152):
 garbage-first heap   total 831488K, used 188625K [0x0000000680000000, 0x0000000800000000)
  region size 4096K, 2 young (8192K), 2 survivors (8192K)
 Metaspace       used 100456K, committed 101248K, reserved 1179648K
  class space    used 13125K, committed 13568K, reserved 1048576K
}
Event: 12216.860 GC heap before
{Heap before GC invocations=1670 (full 1152):
 garbage-first heap   total 831488K, used 262353K [0x0000000680000000, 0x0000000800000000)
  region size 4096K, 20 young (81920K), 2 survivors (8192K)
 Metaspace       used 100458K, committed 101248K, reserved 1179648K
  class space    used 13125K, committed 13568K, reserved 1048576K
}
Event: 12216.866 GC heap after
{Heap after GC invocations=1671 (full 1152):
 garbage-first heap   total 831488K, used 188773K [0x0000000680000000, 0x0000000800000000)
  region size 4096K, 2 young (8192K), 2 survivors (8192K)
 Metaspace       used 100458K, committed 101248K, reserved 1179648K
  class space    used 13125K, committed 13568K, reserved 1048576K
}
Event: 12221.117 GC heap before
{Heap before GC invocations=1671 (full 1152):
 garbage-first heap   total 831488K, used 262501K [0x0000000680000000, 0x0000000800000000)
  region size 4096K, 20 young (81920K), 2 survivors (8192K)
 Metaspace       used 100463K, committed 101248K, reserved 1179648K
  class space    used 13125K, committed 13568K, reserved 1048576K
}
Event: 12221.130 GC heap after
{Heap after GC invocations=1672 (full 1152):
 garbage-first heap   total 831488K, used 194244K [0x0000000680000000, 0x0000000800000000)
  region size 4096K, 3 young (12288K), 3 survivors (12288K)
 Metaspace       used 100463K, committed 101248K, reserved 1179648K
  class space    used 13125K, committed 13568K, reserved 1048576K
}
Event: 12221.563 GC heap before
{Heap before GC invocations=1672 (full 1152):
 garbage-first heap   total 831488K, used 263876K [0x0000000680000000, 0x0000000800000000)
  region size 4096K, 20 young (81920K), 3 survivors (12288K)
 Metaspace       used 100479K, committed 101248K, reserved 1179648K
  class space    used 13125K, committed 13568K, reserved 1048576K
}
Event: 12221.573 GC heap after
{Heap after GC invocations=1673 (full 1152):
 garbage-first heap   total 831488K, used 196534K [0x0000000680000000, 0x0000000800000000)
  region size 4096K, 3 young (12288K), 3 survivors (12288K)
 Metaspace       used 100479K, committed 101248K, reserved 1179648K
  class space    used 13125K, committed 13568K, reserved 1048576K
}
Event: 12222.223 GC heap before
{Heap before GC invocations=1673 (full 1152):
 garbage-first heap   total 831488K, used 249782K [0x0000000680000000, 0x0000000800000000)
  region size 4096K, 18 young (73728K), 3 survivors (12288K)
 Metaspace       used 100480K, committed 101248K, reserved 1179648K
  class space    used 13125K, committed 13568K, reserved 1048576K
}
Event: 12222.409 GC heap after
{Heap after GC invocations=1674 (full 1153):
 garbage-first heap   total 831488K, used 191024K [0x0000000680000000, 0x0000000800000000)
  region size 4096K, 0 young (0K), 0 survivors (0K)
 Metaspace       used 100480K, committed 101248K, reserved 1179648K
  class space    used 13125K, committed 13568K, reserved 1048576K
}
Event: 12226.322 GC heap before
{Heap before GC invocations=1674 (full 1153):
 garbage-first heap   total 831488K, used 272944K [0x0000000680000000, 0x0000000800000000)
  region size 4096K, 20 young (81920K), 0 survivors (0K)
 Metaspace       used 100487K, committed 101248K, reserved 1179648K
  class space    used 13125K, committed 13568K, reserved 1048576K
}
Event: 12226.325 GC heap after
{Heap after GC invocations=1675 (full 1153):
 garbage-first heap   total 831488K, used 192613K [0x0000000680000000, 0x0000000800000000)
  region size 4096K, 1 young (4096K), 1 survivors (4096K)
 Metaspace       used 100487K, committed 101248K, reserved 1179648K
  class space    used 13125K, committed 13568K, reserved 1048576K
}

Dll operation events (20 events):
Event: 0.689 Loaded shared library C:\Xilinx\2025.1\Vivado\lib\win64.o\xv_simtcltasks.dll
Event: 0.694 Loaded shared library C:\Xilinx\2025.1\Vivado\lib\win64.o\xv_ipservicestasks.dll
Event: 0.695 Loaded shared library C:\Xilinx\2025.1\Vivado\lib\win64.o\xv_vivadotasks.dll
Event: 0.696 Loaded shared library C:\Xilinx\2025.1\Vivado\lib\win64.o\xv_board.dll
Event: 0.697 Loaded shared library C:\Xilinx\2025.1\Vivado\lib\win64.o\xv_boarddep.dll
Event: 0.697 Loaded shared library C:\Xilinx\2025.1\Vivado\lib\win64.o\xv_boardcommontasks.dll
Event: 0.698 Loaded shared library C:\Xilinx\2025.1\Vivado\lib\win64.o\xv_ptgen.dll
Event: 0.698 Loaded shared library C:\Xilinx\2025.1\Vivado\lib\win64.o\xv_ip.dll
Event: 0.699 Loaded shared library C:\Xilinx\2025.1\Vivado\lib\win64.o\xv_mig.dll
Event: 0.700 Loaded shared library C:\Xilinx\2025.1\Vivado\lib\win64.o\xv_implflow.dll
Event: 0.701 Loaded shared library C:\Xilinx\2025.1\Vivado\lib\win64.o\xv_xhubtasks.dll
Event: 0.705 Loaded shared library C:\Xilinx\2025.1\Vivado\lib\win64.o\xv_iptasks.dll
Event: 0.705 Loaded shared library C:\Xilinx\2025.1\Vivado\lib\win64.o\xv_synth.dll
Event: 1.788 Loaded shared library C:\Xilinx\2025.1\Vivado\tps\win64\jre21.0.1_12\bin\verify.dll
Event: 1.865 Loaded shared library C:\Xilinx\2025.1\Vivado\tps\win64\jre21.0.1_12\bin\freetype.dll
Event: 1.867 Loaded shared library C:\Xilinx\2025.1\Vivado\tps\win64\jre21.0.1_12\bin\fontmanager.dll
Event: 7.169 Loaded shared library C:\Xilinx\2025.1\Vivado\lib\win64.o\xv_xhub.dll
Event: 13.348 Loaded shared library C:\Xilinx\2025.1\Vivado\tps\win64\jre21.0.1_12\bin\management.dll
Event: 13.350 Loaded shared library C:\Xilinx\2025.1\Vivado\tps\win64\jre21.0.1_12\bin\management_ext.dll
Event: 7960.243 Loaded shared library C:\Xilinx\2025.1\Vivado\lib\win64.o\nlview.dll

Deoptimization events (20 events):
Event: 12146.071 Thread 0x000001cd1bb52ec0 DEOPT PACKING pc=0x000001ccc44d5058 sp=0x00000029a83fe0a0
Event: 12146.071 Thread 0x000001cd1bb52ec0 DEOPT UNPACKING pc=0x000001ccc3f77da2 sp=0x00000029a83fdfd8 mode 2
Event: 12146.071 Thread 0x000001cd1b94b0a0 Uncommon trap: trap_request=0xffffff3d fr.pc=0x000001ccc5af953c relative=0x0000000000000e7c
Event: 12146.071 Thread 0x000001cd1b94b0a0 Uncommon trap: reason=unstable_fused_if action=reinterpret pc=0x000001ccc5af953c method=java.awt.event.MouseEvent.<init>(Ljava/awt/Component;IJIIIIIIZI)V @ 57 c2
Event: 12146.071 Thread 0x000001cd1b94b0a0 DEOPT PACKING pc=0x000001ccc5af953c sp=0x00000029a9bfefe0
Event: 12146.071 Thread 0x000001cd1b94b0a0 DEOPT UNPACKING pc=0x000001ccc3f77da2 sp=0x00000029a9bfef00 mode 2
Event: 12149.905 Thread 0x000001cd1b94b0a0 DEOPT PACKING pc=0x000001ccbe1b14c6 sp=0x00000029a9bfe840
Event: 12149.905 Thread 0x000001cd1b94b0a0 DEOPT UNPACKING pc=0x000001ccc3f788e2 sp=0x00000029a9bfdce0 mode 0
Event: 12153.755 Thread 0x000001cd1b94b0a0 DEOPT PACKING pc=0x000001ccbe807dce sp=0x00000029a9bfef70
Event: 12153.755 Thread 0x000001cd1b94b0a0 DEOPT UNPACKING pc=0x000001ccc3f788e2 sp=0x00000029a9bfe408 mode 0
Event: 12211.228 Thread 0x000001cd1b94b0a0 DEOPT PACKING pc=0x000001ccbd92ce65 sp=0x00000029a9bfebc0
Event: 12211.228 Thread 0x000001cd1b94b0a0 DEOPT UNPACKING pc=0x000001ccc3f788e2 sp=0x00000029a9bfe098 mode 0
Event: 12222.472 Thread 0x000001cd1b94b0a0 Uncommon trap: trap_request=0xffffff45 fr.pc=0x000001ccc486859c relative=0x000000000000035c
Event: 12222.472 Thread 0x000001cd1b94b0a0 Uncommon trap: reason=unstable_if action=reinterpret pc=0x000001ccc486859c method=com.jidesoft.grid.TreeTableModel.getRowIndex(Lcom/jidesoft/grid/Row;)I @ 5 c2
Event: 12222.472 Thread 0x000001cd1b94b0a0 DEOPT PACKING pc=0x000001ccc486859c sp=0x00000029a9bfd860
Event: 12222.472 Thread 0x000001cd1b94b0a0 DEOPT UNPACKING pc=0x000001ccc3f77da2 sp=0x00000029a9bfd828 mode 2
Event: 12222.499 Thread 0x000001cd1b94b0a0 Uncommon trap: trap_request=0xffffff45 fr.pc=0x000001ccc5d38ca4 relative=0x00000000000012e4
Event: 12222.499 Thread 0x000001cd1b94b0a0 Uncommon trap: reason=unstable_if action=reinterpret pc=0x000001ccc5d38ca4 method=ui.views.P.h.b$a.getTableCellRendererComponent(Ljavax/swing/JTable;Ljava/lang/Object;ZZII)Ljava/awt/Component; @ 148 c2
Event: 12222.499 Thread 0x000001cd1b94b0a0 DEOPT PACKING pc=0x000001ccc5d38ca4 sp=0x00000029a9bfcdc0
Event: 12222.499 Thread 0x000001cd1b94b0a0 DEOPT UNPACKING pc=0x000001ccc3f77da2 sp=0x00000029a9bfcd40 mode 2

Classes loaded (20 events):
Event: 8032.660 Loading class sun/awt/image/OffScreenImage
Event: 8032.660 Loading class sun/awt/image/OffScreenImage done
Event: 8086.723 Loading class sun/awt/windows/WComponentPeer$1
Event: 8086.723 Loading class sun/awt/windows/WComponentPeer$1 done
Event: 8086.786 Loading class sun/java2d/d3d/D3DSurfaceData$D3DWindowSurfaceData
Event: 8086.786 Loading class sun/java2d/d3d/D3DSurfaceData
Event: 8086.787 Loading class sun/java2d/pipe/hw/AccelSurface
Event: 8086.787 Loading class sun/java2d/pipe/hw/AccelSurface done
Event: 8086.787 Loading class sun/java2d/d3d/D3DSurfaceData done
Event: 8086.787 Loading class sun/java2d/d3d/D3DSurfaceData$D3DWindowSurfaceData done
Event: 8086.787 Loading class sun/java2d/opengl/OGLSurfaceData
Event: 8086.788 Loading class sun/java2d/opengl/OGLSurfaceData done
Event: 8086.923 Loading class sun/nio/fs/WindowsException
Event: 8086.924 Loading class sun/nio/fs/WindowsException done
Event: 8086.924 Loading class java/nio/file/NoSuchFileException
Event: 8086.924 Loading class java/nio/file/FileSystemException
Event: 8086.924 Loading class java/nio/file/FileSystemException done
Event: 8086.924 Loading class java/nio/file/NoSuchFileException done
Event: 8820.742 Loading class sun/awt/geom/Order2
Event: 8820.743 Loading class sun/awt/geom/Order2 done

Classes unloaded (20 events):
Event: 8237.600 Thread 0x000001ccabf3a170 Unloading class 0x000001ccd7bd4400 'java/lang/invoke/LambdaForm$MH+0x000001ccd7bd4400'
Event: 8237.600 Thread 0x000001ccabf3a170 Unloading class 0x000001ccd7bcac00 'java/lang/invoke/LambdaForm$MH+0x000001ccd7bcac00'
Event: 8237.600 Thread 0x000001ccabf3a170 Unloading class 0x000001ccd7bca800 'java/lang/invoke/LambdaForm$MH+0x000001ccd7bca800'
Event: 8237.600 Thread 0x000001ccabf3a170 Unloading class 0x000001ccd7ae3800 'java/lang/invoke/LambdaForm$MH+0x000001ccd7ae3800'
Event: 8237.600 Thread 0x000001ccabf3a170 Unloading class 0x000001ccd7ae3400 'java/lang/invoke/LambdaForm$MH+0x000001ccd7ae3400'
Event: 8237.600 Thread 0x000001ccabf3a170 Unloading class 0x000001ccd7ae2800 'java/lang/invoke/LambdaForm$MH+0x000001ccd7ae2800'
Event: 8237.600 Thread 0x000001ccabf3a170 Unloading class 0x000001ccd7ae2400 'java/lang/invoke/LambdaForm$MH+0x000001ccd7ae2400'
Event: 8237.600 Thread 0x000001ccabf3a170 Unloading class 0x000001ccd7ae2000 'java/lang/invoke/LambdaForm$MH+0x000001ccd7ae2000'
Event: 8237.600 Thread 0x000001ccabf3a170 Unloading class 0x000001ccd7ae1c00 'java/lang/invoke/LambdaForm$MH+0x000001ccd7ae1c00'
Event: 8237.600 Thread 0x000001ccabf3a170 Unloading class 0x000001ccd7ae1000 'java/lang/invoke/LambdaForm$MH+0x000001ccd7ae1000'
Event: 8237.600 Thread 0x000001ccabf3a170 Unloading class 0x000001ccd7ae0c00 'java/lang/invoke/LambdaForm$MH+0x000001ccd7ae0c00'
Event: 8237.600 Thread 0x000001ccabf3a170 Unloading class 0x000001ccd7ae0800 'java/lang/invoke/LambdaForm$MH+0x000001ccd7ae0800'
Event: 8237.600 Thread 0x000001ccabf3a170 Unloading class 0x000001ccd7304c00 'java/lang/invoke/LambdaForm$MH+0x000001ccd7304c00'
Event: 8237.600 Thread 0x000001ccabf3a170 Unloading class 0x000001ccd7304800 'java/lang/invoke/LambdaForm$MH+0x000001ccd7304800'
Event: 8237.600 Thread 0x000001ccabf3a170 Unloading class 0x000001ccd700d400 'java/lang/invoke/LambdaForm$MH+0x000001ccd700d400'
Event: 10948.430 Thread 0x000001ccabf3a170 Unloading class 0x000001ccd7caec00 'java/lang/invoke/LambdaForm$MH+0x000001ccd7caec00'
Event: 10948.430 Thread 0x000001ccabf3a170 Unloading class 0x000001ccd7cae000 'java/lang/invoke/LambdaForm$MH+0x000001ccd7cae000'
Event: 10948.430 Thread 0x000001ccabf3a170 Unloading class 0x000001ccd7cad800 'java/lang/invoke/LambdaForm$MH+0x000001ccd7cad800'
Event: 10948.430 Thread 0x000001ccabf3a170 Unloading class 0x000001ccd7cad400 'java/lang/invoke/LambdaForm$MH+0x000001ccd7cad400'
Event: 10948.430 Thread 0x000001ccabf3a170 Unloading class 0x000001ccd7cac800 'java/lang/invoke/LambdaForm$MH+0x000001ccd7cac800'

Classes redefined (0 events):
No events

Internal exceptions (20 events):
Event: 12184.986 Thread 0x000001cd1b94b0a0 Exception <a 'java/io/FileNotFoundException'{0x00000006b0c07428}> (0x00000006b0c07428) 
thrown [s\src\hotspot\share\prims\jni.cpp, line 520]
Event: 12189.601 Thread 0x000001cd1b94b0a0 Exception <a 'java/io/FileNotFoundException'{0x00000006af916920}> (0x00000006af916920) 
thrown [s\src\hotspot\share\prims\jni.cpp, line 520]
Event: 12189.618 Thread 0x000001cd1b94b0a0 Exception <a 'java/io/FileNotFoundException'{0x00000006af9170f0}> (0x00000006af9170f0) 
thrown [s\src\hotspot\share\prims\jni.cpp, line 520]
Event: 12194.601 Thread 0x000001cd1b94b0a0 Exception <a 'java/io/FileNotFoundException'{0x00000006b29671c8}> (0x00000006b29671c8) 
thrown [s\src\hotspot\share\prims\jni.cpp, line 520]
Event: 12194.619 Thread 0x000001cd1b94b0a0 Exception <a 'java/io/FileNotFoundException'{0x00000006b2967998}> (0x00000006b2967998) 
thrown [s\src\hotspot\share\prims\jni.cpp, line 520]
Event: 12199.602 Thread 0x000001cd1b94b0a0 Exception <a 'java/io/FileNotFoundException'{0x00000006b28ad558}> (0x00000006b28ad558) 
thrown [s\src\hotspot\share\prims\jni.cpp, line 520]
Event: 12199.620 Thread 0x000001cd1b94b0a0 Exception <a 'java/io/FileNotFoundException'{0x00000006b28bab40}> (0x00000006b28bab40) 
thrown [s\src\hotspot\share\prims\jni.cpp, line 520]
Event: 12204.602 Thread 0x000001cd1b94b0a0 Exception <a 'java/io/FileNotFoundException'{0x00000006af559a80}> (0x00000006af559a80) 
thrown [s\src\hotspot\share\prims\jni.cpp, line 520]
Event: 12204.619 Thread 0x000001cd1b94b0a0 Exception <a 'java/io/FileNotFoundException'{0x00000006af55a250}> (0x00000006af55a250) 
thrown [s\src\hotspot\share\prims\jni.cpp, line 520]
Event: 12208.937 Thread 0x000001cd3690daf0 Exception <a 'java/lang/InterruptedException'{0x00000006ae4260c8}: sleep interrupted> (0x00000006ae4260c8) 
thrown [s\src\hotspot\share\prims\jvm.cpp, line 3074]
Event: 12209.602 Thread 0x000001cd1b94b0a0 Exception <a 'java/io/FileNotFoundException'{0x00000006b143de68}> (0x00000006b143de68) 
thrown [s\src\hotspot\share\prims\jni.cpp, line 520]
Event: 12209.619 Thread 0x000001cd1b94b0a0 Exception <a 'java/io/FileNotFoundException'{0x00000006b143fb78}> (0x00000006b143fb78) 
thrown [s\src\hotspot\share\prims\jni.cpp, line 520]
Event: 12214.603 Thread 0x000001cd1b94b0a0 Exception <a 'java/io/FileNotFoundException'{0x00000006b00fcaf8}> (0x00000006b00fcaf8) 
thrown [s\src\hotspot\share\prims\jni.cpp, line 520]
Event: 12214.619 Thread 0x000001cd1b94b0a0 Exception <a 'java/io/FileNotFoundException'{0x00000006b00fd828}> (0x00000006b00fd828) 
thrown [s\src\hotspot\share\prims\jni.cpp, line 520]
Event: 12219.615 Thread 0x000001cd1b94b0a0 Exception <a 'java/io/FileNotFoundException'{0x00000006b2648290}> (0x00000006b2648290) 
thrown [s\src\hotspot\share\prims\jni.cpp, line 520]
Event: 12219.620 Thread 0x000001cd1b94b0a0 Exception <a 'java/io/FileNotFoundException'{0x00000006b2648fc0}> (0x00000006b2648fc0) 
thrown [s\src\hotspot\share\prims\jni.cpp, line 520]
Event: 12224.617 Thread 0x000001cd1b94b0a0 Exception <a 'java/io/FileNotFoundException'{0x00000006aed6f648}> (0x00000006aed6f648) 
thrown [s\src\hotspot\share\prims\jni.cpp, line 520]
Event: 12224.621 Thread 0x000001cd1b94b0a0 Exception <a 'java/io/FileNotFoundException'{0x00000006aed6fe18}> (0x00000006aed6fe18) 
thrown [s\src\hotspot\share\prims\jni.cpp, line 520]
Event: 12229.618 Thread 0x000001cd1b94b0a0 Exception <a 'java/io/FileNotFoundException'{0x00000006af527288}> (0x00000006af527288) 
thrown [s\src\hotspot\share\prims\jni.cpp, line 520]
Event: 12229.623 Thread 0x000001cd1b94b0a0 Exception <a 'java/io/FileNotFoundException'{0x00000006af527fb8}> (0x00000006af527fb8) 
thrown [s\src\hotspot\share\prims\jni.cpp, line 520]

ZGC Phase Switch (0 events):
No events

VM Operations (20 events):
Event: 12216.860 Executing VM operation: G1CollectForAllocation (G1 Evacuation Pause)
Event: 12216.866 Executing VM operation: G1CollectForAllocation (G1 Evacuation Pause) done
Event: 12219.867 Executing VM operation: Cleanup
Event: 12219.867 Executing VM operation: Cleanup done
Event: 12221.117 Executing VM operation: G1CollectForAllocation (G1 Evacuation Pause)
Event: 12221.130 Executing VM operation: G1CollectForAllocation (G1 Evacuation Pause) done
Event: 12221.563 Executing VM operation: G1CollectForAllocation (G1 Evacuation Pause)
Event: 12221.573 Executing VM operation: G1CollectForAllocation (G1 Evacuation Pause) done
Event: 12222.223 Executing VM operation: G1CollectFull (System.gc())
Event: 12222.409 Executing VM operation: G1CollectFull (System.gc()) done
Event: 12224.409 Executing VM operation: Cleanup
Event: 12224.409 Executing VM operation: Cleanup done
Event: 12225.409 Executing VM operation: Cleanup
Event: 12225.410 Executing VM operation: Cleanup done
Event: 12226.322 Executing VM operation: G1CollectForAllocation (G1 Evacuation Pause)
Event: 12226.325 Executing VM operation: G1CollectForAllocation (G1 Evacuation Pause) done
Event: 12227.325 Executing VM operation: Cleanup
Event: 12227.325 Executing VM operation: Cleanup done
Event: 12228.325 Executing VM operation: Cleanup
Event: 12228.326 Executing VM operation: Cleanup done

Events (20 events):
Event: 12224.013 Thread 0x000001cd382993a0 Thread added: 0x000001cd382993a0
Event: 12224.013 Thread 0x000001cd382993a0 Thread exited: 0x000001cd382993a0
Event: 12224.776 Thread 0x000001cd382993a0 Thread added: 0x000001cd382993a0
Event: 12224.776 Thread 0x000001cd382993a0 Thread exited: 0x000001cd382993a0
Event: 12225.673 Thread 0x000001cd382993a0 Thread added: 0x000001cd382993a0
Event: 12225.777 Thread 0x000001cd3690c740 Thread added: 0x000001cd3690c740
Event: 12225.778 Thread 0x000001cd3690c740 Thread exited: 0x000001cd3690c740
Event: 12226.125 Thread 0x000001cd39ae8200 Thread exited: 0x000001cd39ae8200
Event: 12226.778 Thread 0x000001cd3690c740 Thread added: 0x000001cd3690c740
Event: 12226.779 Thread 0x000001cd3690c740 Thread exited: 0x000001cd3690c740
Event: 12227.796 Thread 0x000001cd3690daf0 Thread added: 0x000001cd3690daf0
Event: 12227.797 Thread 0x000001cd3690daf0 Thread exited: 0x000001cd3690daf0
Event: 12227.810 Thread 0x000001cd40bc6ed0 Thread added: 0x000001cd40bc6ed0
Event: 12227.811 Thread 0x000001cd40bc7c70 Thread added: 0x000001cd40bc7c70
Event: 12227.890 Thread 0x000001cd382993a0 Thread exited: 0x000001cd382993a0
Event: 12228.779 Thread 0x000001cd3690c740 Thread added: 0x000001cd3690c740
Event: 12228.780 Thread 0x000001cd3690c740 Thread exited: 0x000001cd3690c740
Event: 12229.201 Thread 0x000001cd40bc7c70 Thread exited: 0x000001cd40bc7c70
Event: 12229.202 Thread 0x000001cd3690c740 Thread added: 0x000001cd3690c740
Event: 12229.226 Thread 0x000001cd40bc6ed0 Thread exited: 0x000001cd40bc6ed0


Dynamic libraries:
0x00007ff738430000 - 0x00007ff738438000 	C:\Xilinx\2025.1\Vivado\bin\unwrapped\win64.o\vivado.exe
0x00007ffade160000 - 0x00007ffade3c7000 	C:\WINDOWS\SYSTEM32\ntdll.dll
0x00007ffadcaa0000 - 0x00007ffadcb69000 	C:\WINDOWS\System32\KERNEL32.DLL
0x00007ffadaa40000 - 0x00007ffadae31000 	C:\WINDOWS\System32\KERNELBASE.dll
0x00007ffad7d30000 - 0x00007ffad7dcf000 	C:\WINDOWS\SYSTEM32\apphelp.dll
0x00007ffadb540000 - 0x00007ffadb68b000 	C:\WINDOWS\System32\ucrtbase.dll
0x00007ffad2e50000 - 0x00007ffad2e6e000 	C:\WINDOWS\SYSTEM32\VCRUNTIME140.dll
0x00007ffaae550000 - 0x00007ffaae5d9000 	C:\WINDOWS\SYSTEM32\MSVCP140.dll
0x00007ffad7c90000 - 0x00007ffad7c9c000 	C:\WINDOWS\SYSTEM32\VCRUNTIME140_1.dll
0x00007ffad0180000 - 0x00007ffad01a7000 	C:\Xilinx\2025.1\Vivado\lib\win64.o\xv_commonmain.dll
0x00007ffa218c0000 - 0x00007ffa22f67000 	C:\Xilinx\2025.1\Vivado\lib\win64.o\xv_common.dll
0x00007ffadcb90000 - 0x00007ffadcd55000 	C:\WINDOWS\System32\USER32.dll
0x00007ffadb320000 - 0x00007ffadb347000 	C:\WINDOWS\System32\win32u.dll
0x00007ffadd600000 - 0x00007ffadd62b000 	C:\WINDOWS\System32\GDI32.dll
0x00007ffad4990000 - 0x00007ffad499c000 	C:\Xilinx\2025.1\Vivado\lib\win64.o\xv_commonversion.dll
0x00007ffadb130000 - 0x00007ffadb25b000 	C:\WINDOWS\System32\gdi32full.dll
0x00007ffadb400000 - 0x00007ffadb4a3000 	C:\WINDOWS\System32\msvcp_win.dll
0x00007ffa7bdc0000 - 0x00007ffa7c010000 	C:\Xilinx\2025.1\Vivado\lib\win64.o\xv_commonxillic.dll
0x00007ffadd580000 - 0x00007ffadd5f4000 	C:\WINDOWS\System32\WS2_32.dll
0x00007ffadc800000 - 0x00007ffadc8bb000 	C:\WINDOWS\System32\ADVAPI32.dll
0x00007ffadc8c0000 - 0x00007ffadc9d8000 	C:\WINDOWS\System32\RPCRT4.dll
0x00007ffade070000 - 0x00007ffade119000 	C:\WINDOWS\System32\msvcrt.dll
0x00007ffadd180000 - 0x00007ffadd227000 	C:\WINDOWS\System32\sechost.dll
0x00007ffa9eaa0000 - 0x00007ffa9ec41000 	C:\Xilinx\2025.1\Vivado\lib\win64.o\tcl86t.dll
0x00007ffab2310000 - 0x00007ffab233a000 	C:\Xilinx\2025.1\Vivado\lib\win64.o\boost_filesystem.dll
0x00007ffadd6c0000 - 0x00007ffadde1f000 	C:\WINDOWS\System32\SHELL32.dll
0x00007ffac9f00000 - 0x00007ffac9f0a000 	C:\WINDOWS\SYSTEM32\WSOCK32.dll
0x00007ffadae40000 - 0x00007ffadafaa000 	C:\WINDOWS\System32\wintypes.dll
0x00007ffadcd70000 - 0x00007ffadd0f2000 	C:\WINDOWS\System32\combase.dll
0x00007ffa4d6b0000 - 0x00007ffa4ddfb000 	C:\Xilinx\2025.1\Vivado\lib\win64.o\python313.dll
0x00007ffadb4b0000 - 0x00007ffadb531000 	C:\WINDOWS\System32\WINTRUST.dll
0x00007ffada930000 - 0x00007ffada95a000 	C:\WINDOWS\SYSTEM32\bcrypt.dll
0x00007ffac46d0000 - 0x00007ffac46ea000 	C:\WINDOWS\SYSTEM32\NETAPI32.dll
0x00007ffa79d40000 - 0x00007ffa7a056000 	C:\Xilinx\2025.1\Vivado\lib\win64.o\libXil_lmgr11.dll
0x00007ffa9aa40000 - 0x00007ffa9ab84000 	C:\Xilinx\2025.1\Vivado\lib\win64.o\boost_regex.dll
0x00007ffadc6c0000 - 0x00007ffadc7ae000 	C:\WINDOWS\System32\COMDLG32.dll
0x00007ffad9df0000 - 0x00007ffad9e22000 	C:\WINDOWS\SYSTEM32\USERENV.dll
0x00007ffadd470000 - 0x00007ffadd567000 	C:\WINDOWS\System32\shcore.dll
0x00007ffade000000 - 0x00007ffade067000 	C:\WINDOWS\System32\SHLWAPI.dll
0x00007ffadb690000 - 0x00007ffadbef4000 	C:\WINDOWS\System32\Windows.Storage.dll
0x00007ffab21e0000 - 0x00007ffab220a000 	C:\Xilinx\2025.1\Vivado\lib\win64.o\zlib1.dll
0x00007ffa1f460000 - 0x00007ffa204ea000 	C:\Xilinx\2025.1\Vivado\lib\win64.o\xv_isl_iostreams.dll
0x00007ffac3a10000 - 0x00007ffac3c98000 	C:\WINDOWS\SYSTEM32\WININET.dll
0x00007ffad39d0000 - 0x00007ffad3af7000 	C:\WINDOWS\SYSTEM32\WINHTTP.dll
0x00007ffadd230000 - 0x00007ffadd307000 	C:\WINDOWS\System32\OLEAUT32.dll
0x00007ffac2ac0000 - 0x00007ffac2c9d000 	C:\WINDOWS\SYSTEM32\urlmon.dll
0x00007ffadde60000 - 0x00007ffaddff5000 	C:\WINDOWS\System32\ole32.dll
0x00007ffadafb0000 - 0x00007ffadb127000 	C:\WINDOWS\System32\CRYPT32.dll
0x00007ffab0a50000 - 0x00007ffab0a77000 	C:\Xilinx\2025.1\Vivado\lib\win64.o\boost_thread.dll
0x00007ffad06c0000 - 0x00007ffad06d9000 	C:\Xilinx\2025.1\Vivado\lib\win64.o\boost_date_time.dll
0x00007ffaae1a0000 - 0x00007ffaae1c4000 	C:\Xilinx\2025.1\Vivado\lib\win64.o\xv_isl_sysinfo.dll
0x00007ffad3850000 - 0x00007ffad3860000 	C:\Xilinx\2025.1\Vivado\lib\win64.o\xv_boost_xilinx.dll
0x00007ffaa2200000 - 0x00007ffaa2294000 	C:\Xilinx\2025.1\Vivado\lib\win64.o\boost_program_options.dll
0x00007ffa44ad0000 - 0x00007ffa44f70000 	C:\Xilinx\2025.1\Vivado\lib\win64.o\xv_COIN-all.dll
0x00007ffab5880000 - 0x00007ffab589c000 	C:\Xilinx\2025.1\Vivado\lib\win64.o\librdiconfig.dll
0x00007ffa9e7f0000 - 0x00007ffa9e895000 	C:\Xilinx\2025.1\Vivado\lib\win64.o\libhdxml.dll
0x00007ffab1d30000 - 0x00007ffab1d4a000 	C:\Xilinx\2025.1\Vivado\lib\win64.o\pthreadVC2.dll
0x00007ffa9ec80000 - 0x00007ffa9ecf7000 	C:\Xilinx\2025.1\Vivado\lib\win64.o\xv_lmx.dll
0x00007ffa9c9d0000 - 0x00007ffa9ca87000 	C:\Xilinx\2025.1\Vivado\lib\win64.o\libzstd.dll
0x00007ffa9e000000 - 0x00007ffa9e082000 	C:\Xilinx\2025.1\Vivado\lib\win64.o\libhdlpsolve.dll
0x00007ffa0c960000 - 0x00007ffa0e877000 	C:\Xilinx\2025.1\Vivado\lib\win64.o\gurobi90.dll
0x00007ffaa6af0000 - 0x00007ffaa6b20000 	C:\WINDOWS\SYSTEM32\VCOMP140.DLL
0x00007ffadd100000 - 0x00007ffadd172000 	C:\WINDOWS\System32\WLDAP32.dll
0x00007ffaa2750000 - 0x00007ffaa2773000 	C:\Xilinx\2025.1\Vivado\lib\win64.o\librdizlib.dll
0x00007ffadc6b0000 - 0x00007ffadc6b8000 	C:\WINDOWS\System32\Normaliz.dll
0x00007ffad3c40000 - 0x00007ffad3c4b000 	C:\WINDOWS\SYSTEM32\VERSION.dll
0x00007ffa79a70000 - 0x00007ffa79d31000 	C:\Xilinx\2025.1\Vivado\lib\win64.o\xerces-c_3_2.dll
0x00007ffaaceb0000 - 0x00007ffaacecc000 	C:\Xilinx\2025.1\Vivado\lib\win64.o\xv_isl_iosutils.dll
0x00007ffab2550000 - 0x00007ffab2604000 	C:\WINDOWS\WinSxS\amd64_microsoft.windows.common-controls_6595b64144ccf1df_5.82.26100.8037_none_87ebc5097a2f9e52\COMCTL32.dll
0x00007ffaa2720000 - 0x00007ffaa2741000 	C:\Xilinx\2025.1\Vivado\lib\win64.o\boost_iostreams.dll
0x00007ffac27f0000 - 0x00007ffac2ab4000 	C:\WINDOWS\SYSTEM32\iertutil.dll
0x00007ffad4d70000 - 0x00007ffad4d93000 	C:\WINDOWS\SYSTEM32\dhcpcsvc.DLL
0x00007ffad9b10000 - 0x00007ffad9b57000 	C:\WINDOWS\SYSTEM32\LOGONCLI.DLL
0x00007ffac1c20000 - 0x00007ffac1c49000 	C:\WINDOWS\SYSTEM32\srvcli.dll
0x00007ffad94d0000 - 0x00007ffad94dd000 	C:\WINDOWS\SYSTEM32\netutils.dll
0x00007ffad9d40000 - 0x00007ffad9dab000 	C:\WINDOWS\SYSTEM32\MSWSOCK.DLL
0x00007ffad9130000 - 0x00007ffad914c000 	C:\WINDOWS\SYSTEM32\SAMCLI.DLL
0x00007ffadc7c0000 - 0x00007ffadc7f1000 	C:\WINDOWS\System32\IMM32.DLL
0x00007ffada090000 - 0x00007ffada0a3000 	C:\WINDOWS\SYSTEM32\MSASN1.dll
0x00007ffada020000 - 0x00007ffada03b000 	C:\WINDOWS\SYSTEM32\CRYPTSP.dll
0x00007ffad9710000 - 0x00007ffad9749000 	C:\WINDOWS\system32\rsaenh.dll
0x00007ffada040000 - 0x00007ffada04c000 	C:\WINDOWS\SYSTEM32\CRYPTBASE.dll
0x00007ffadb350000 - 0x00007ffadb3f5000 	C:\WINDOWS\System32\bcryptPrimitives.dll
0x00007ffad9750000 - 0x00007ffad976b000 	C:\WINDOWS\SYSTEM32\kernel.appcore.dll
0x00007ffadde30000 - 0x00007ffadde50000 	C:\WINDOWS\System32\imagehlp.dll
0x00007ffa2c140000 - 0x00007ffa2c810000 	C:\Xilinx\2025.1\Vivado\lib\win64.o\xv_commontasks.dll
0x00007ffa28520000 - 0x00007ffa28a19400 	C:\Xilinx\2025.1\Vivado\lib\win64.o\xv_sio.dll
0x00007ffad9180000 - 0x00007ffad91b3000 	C:\WINDOWS\SYSTEM32\IPHLPAPI.DLL
0x00007ffa20b30000 - 0x00007ffa218b1000 	C:\Xilinx\2025.1\Vivado\tps\win64\jre21.0.1_12\bin\server\jvm.dll
0x00007ffad0770000 - 0x00007ffad07a5000 	C:\WINDOWS\SYSTEM32\WINMM.dll
0x00007ffada8a0000 - 0x00007ffada8fe000 	C:\WINDOWS\SYSTEM32\POWRPROF.dll
0x00007ffada880000 - 0x00007ffada894000 	C:\WINDOWS\SYSTEM32\UMPDC.dll
0x00007ffad9db0000 - 0x00007ffad9de0000 	C:\WINDOWS\SYSTEM32\gpapi.dll
0x00007ffaad620000 - 0x00007ffaad65b000 	C:\Windows\System32\cryptnet.dll
0x00007ffada960000 - 0x00007ffada989000 	C:\WINDOWS\SYSTEM32\profapi.dll
0x00007ffad7f20000 - 0x00007ffad7f2e000 	C:\WINDOWS\SYSTEM32\WINNSI.DLL
0x00007ffadc9e0000 - 0x00007ffadc9ea000 	C:\WINDOWS\System32\NSI.dll
0x00007ffad9a70000 - 0x00007ffad9ab9000 	C:\WINDOWS\SYSTEM32\SspiCli.dll
0x00007ffa7e3e0000 - 0x00007ffa7e3f8000 	C:\WINDOWS\system32\napinsp.dll
0x00007ffad9270000 - 0x00007ffad939a000 	C:\WINDOWS\SYSTEM32\DNSAPI.dll
0x00007ffa7e400000 - 0x00007ffa7e412000 	C:\WINDOWS\System32\winrnr.dll
0x00007ffa9fac0000 - 0x00007ffa9fae2000 	C:\WINDOWS\system32\nlansp_c.dll
0x00007ffacfd70000 - 0x00007ffacfd86000 	C:\WINDOWS\system32\wshbth.dll
0x00007ffacfe60000 - 0x00007ffacfe7b000 	C:\WINDOWS\SYSTEM32\wkscli.dll
0x00007ffab8ed0000 - 0x00007ffab8ee3000 	C:\WINDOWS\SYSTEM32\cscapi.dll
0x00007ffa08880000 - 0x00007ffa0c951000 	C:\Xilinx\2025.1\Vivado\lib\win64.o\xv_tcltasks.dll
0x00007ffa9a570000 - 0x00007ffa9a649000 	C:\Xilinx\2025.1\Vivado\lib\win64.o\xv_xhubtasks.dll
0x00007ffa11020000 - 0x00007ffa11d14000 	C:\Xilinx\2025.1\Vivado\lib\win64.o\xv_project.dll
0x00007ffa05c40000 - 0x00007ffa06a92000 	C:\Xilinx\2025.1\Vivado\lib\win64.o\xv_power.dll
0x00007ffa06aa0000 - 0x00007ffa08879000 	C:\Xilinx\2025.1\Vivado\lib\win64.o\xv_implflow.dll
0x00007ffa27fb0000 - 0x00007ffa28513000 	C:\Xilinx\2025.1\Vivado\lib\win64.o\xv_dfximpl.dll
0x00007ffa00260000 - 0x00007ffa05c3c000 	C:\Xilinx\2025.1\Vivado\lib\win64.o\xv_route.dll
0x00007ff9ff5d0000 - 0x00007ffa00257000 	C:\Xilinx\2025.1\Vivado\lib\win64.o\xv_lopt.dll
0x00007ffa951d0000 - 0x00007ffa95337000 	C:\Xilinx\2025.1\Vivado\lib\win64.o\xv_chipscope.dll
0x00007ff9fedf0000 - 0x00007ff9ff5c3000 	C:\Xilinx\2025.1\Vivado\lib\win64.o\xv_runs.dll
0x00007ff9f88c0000 - 0x00007ff9f953a000 	C:\Xilinx\2025.1\Vivado\lib\win64.o\xv_rsb.dll
0x00007ff9fe110000 - 0x00007ff9fede1000 	C:\Xilinx\2025.1\Vivado\lib\win64.o\xv_drc.dll
0x00007ff9ecfd0000 - 0x00007ff9f2cd5000 	C:\Xilinx\2025.1\Vivado\lib\win64.o\xv_place.dll
0x00007ffa95a00000 - 0x00007ffa95b0c000 	C:\Xilinx\2025.1\Vivado\lib\win64.o\xv_dsp.dll
0x00007ffa641b0000 - 0x00007ffa64436000 	C:\Xilinx\2025.1\Vivado\lib\win64.o\xv_chipscopeimpl.dll
0x00007ffa930d0000 - 0x00007ffa93252000 	C:\Xilinx\2025.1\Vivado\lib\win64.o\xv_vsta.dll
0x00007ffa27af0000 - 0x00007ffa27fac000 	C:\Xilinx\2025.1\Vivado\lib\win64.o\xv_dlyest.dll
0x00007ff9fda50000 - 0x00007ff9fe110000 	C:\Xilinx\2025.1\Vivado\lib\win64.o\xv_memdata.dll
0x00007ff9f6f40000 - 0x00007ff9f88bc000 	C:\Xilinx\2025.1\Vivado\lib\win64.o\xv_timing.dll
0x00007ffa9dd00000 - 0x00007ffa9dd82000 	C:\Xilinx\2025.1\Vivado\lib\win64.o\xv_pfi.dll
0x00007ff9ec8d0000 - 0x00007ff9ecfcb000 	C:\Xilinx\2025.1\Vivado\lib\win64.o\xv_bitstream.dll
0x00007ff9dd320000 - 0x00007ff9e0114000 	C:\Xilinx\2025.1\Vivado\lib\win64.o\xv_coregen.dll
0x00007ffa9be10000 - 0x00007ffa9beae000 	C:\Xilinx\2025.1\Vivado\lib\win64.o\xv_boarddep.dll

dbghelp: loaded successfully - version: 4.0.5 - missing functions: none
symbol engine: initialized successfully - sym options: 0x614 - pdb path: .;C:\Xilinx\2025.1\Vivado\bin\unwrapped\win64.o;C:\WINDOWS\SYSTEM32;C:\Xilinx\2025.1\Vivado\lib\win64.o;C:\WINDOWS\WinSxS\amd64_microsoft.windows.common-controls_6595b64144ccf1df_5.82.26100.8037_none_87ebc5097a2f9e52;C:\Xilinx\2025.1\Vivado\tps\win64\jre21.0.1_12\bin\server;C:\Xilinx\2025.1\Vivado\tps\win64\jre21.0.1_12\bin;C:\WINDOWS\WinSxS\amd64_microsoft.windows.common-controls_6595b64144ccf1df_6.0.26100.8037_none_3e092faae333b53b;C:\WINDOWS\WinSxS\amd64_microsoft.windows.gdiplus_6595b64144ccf1df_1.1.26100.8036_none_6ef439583dc61568

VM Arguments:
jvm_args: -Dsun.java2d.pmoffscreen=false -Dhttps.protocols=TLSv1,TLSv1.1,TLSv1.2 -Dsun.java2d.xrender=false -Dsun.java2d.d3d=false -Dsun.awt.nopixfmt=true -Dsun.java2d.dpiaware=true -Dsun.java2d.uiScale.enabled=false -Dswing.aatext=true -XX:-UsePerfData -Djdk.map.althashing.threshold=512 -XX:StringTableSize=4072 -XX:+UseStringDeduplication -XX:MaxGCPauseMillis=200 -XX:ParallelGCThreads=4 -XX:+ParallelRefProcEnabled --add-opens=java.desktop/javax.swing.plaf.synth=ALL-UNNAMED --add-opens=java.base/java.nio=ALL-UNNAMED --add-opens=java.desktop/sun.swing=ALL-UNNAMED --add-opens=java.desktop/javax.swing=ALL-UNNAMED --add-opens=java.desktop/javax.swing.tree=ALL-UNNAMED --add-opens=java.desktop/javax.swing.plaf.basic=ALL-UNNAMED --add-opens=java.desktop/javax.swing.plaf.synth=ALL-UNNAMED --add-opens=java.desktop/javax.swing.plaf.basic=ALL-UNNAMED --add-opens=java.desktop/javax.swing=ALL-UNNAMED --add-opens=java.desktop/javax.swing.tree=ALL-UNNAMED --add-opens=java.desktop/java.awt.event=ALL-UNNAMED --add-exports=java.desktop/javax.swing.plaf.synth=ALL-UNNAMED --add-exports=java.base/java.nio=ALL-UNNAMED --add-exports=java.desktop/sun.swing=ALL-UNNAMED --add-exports=java.desktop/javax.swing=ALL-UNNAMED --add-exports=java.desktop/javax.swing.tree=ALL-UNNAMED --add-exports=java.desktop/javax.swing.plaf.basic=ALL-UNNAMED --add-exports=java.desktop/sun.swing=ALL-UNNAMED --add-exports=java.desktop/sun.swing.table=ALL-UNNAMED --add-exports=java.desktop/sun.swing.plaf.synth=ALL-UNNAMED --add-exports=java.desktop/sun.awt.shell=ALL-UNNAMED --add-exports=java.base/sun.security.action=ALL-UNNAMED --add-exports=java.desktop/sun.font=ALL-UNNAMED -XX:NewSize=80m -XX:MaxNewSize=80m -Xms812m -Xmx6144m -Xss10m 
java_command: <unknown>
java_class_path (initial): C:/Xilinx/2025.1/Vivado\lib\classes\apiguardian-api-1.1.0.jar;C:/Xilinx/2025.1/Vivado\lib\classes\asm-9.6-11.0.11-62.jar;C:/Xilinx/2025.1/Vivado\lib\classes\asm-analysis-9.6-11.0.11-62.jar;C:/Xilinx/2025.1/Vivado\lib\classes\asm-commons-9.6-11.0.11-62.jar;C:/Xilinx/2025.1/Vivado\lib\classes\asm-tree-9.6-11.0.11-62.jar;C:/Xilinx/2025.1/Vivado\lib\classes\autoesl-models-1.0.0-62.jar;C:/Xilinx/2025.1/Vivado\lib\classes\batik-anim-1.0.0-62.jar;C:/Xilinx/2025.1/Vivado\lib\classes\batik-awt-util-1.0.0-62.jar;C:/Xilinx/2025.1/Vivado\lib\classes\batik-bridge-1.0.0-62.jar;C:/Xilinx/2025.1/Vivado\lib\classes\batik-codec-1.0.0-62.jar;C:/Xilinx/2025.1/Vivado\lib\classes\batik-constants-1.0.0-62.jar;C:/Xilinx/2025.1/Vivado\lib\classes\batik-css-1.0.0-62.jar;C:/Xilinx/2025.1/Vivado\lib\classes\batik-dom-1.0.0-62.jar;C:/Xilinx/2025.1/Vivado\lib\classes\batik-ext-1.0.0-62.jar;C:/Xilinx/2025.1/Vivado\lib\classes\batik-gui-util-1.0.0-62.jar;C:/Xilinx/2025.1/Vivado\lib\classes\batik-gvt-1.0.0-62.jar;C:/Xilinx/2025.1/Vivado\lib\classes\batik-i18n-1.0.0-62.jar;C:/Xilinx/2025.1/Vivado\lib\classes\batik-parser-1.0.0-62.jar;C:/Xilinx/2025.1/Vivado\lib\classes\batik-script-1.0.0-62.jar;C:/Xilinx/2025.1/Vivado\lib\classes\batik-svg-dom-1.0.0-62.jar;C:/Xilinx/2025.1/Vivado\lib\classes\batik-svggen-1.0.0-62.jar;C:/Xilinx/2025.1/Vivado\lib\classes\batik-swing-1.0.0-62.jar;C:/Xilinx/2025.1/Vivado\lib\classes\batik-transcoder-1.0.0-62.jar;C:/Xilinx/2025.1/Vivado\lib\classes\batik-util-1.0.0-62.jar;C:/Xilinx/2025.1/Vivado\lib\classes\batik-xml-1.0.0-62.jar;C:/Xilinx/2025.1/Vivado\lib\classes\checker-qual-3.12.0.jar;C:/Xilinx/2025.1/Vivado\lib\classes\com.fasterxml.jackson.core.jackson-annotations_2.12.1.v20210128-1726-1.0.0-62.jar;C:/Xilinx/2025.1/Vivado\lib\classes\com.fasterxml.jackson.core.jackson-annotations_2.12.1.v20210128-1726-1.5.0-62.jar;C:/Xilinx/2025.1/Vivado\lib\classes\com.fasterxml.jackson.core.jackson-core_2.12.1.v20210128-1726-1.0.0-62.jar;C:/Xilinx/2025.1/Vivado\lib\classes\com.fasterxml.jackson.core.jackson-core_2.12.1.v20210128-1726-1.5.0-62.jar;C:/Xilinx/2025.1/Vivado\lib\classes\com.fasterxml.jackson.core.jackson-databind_2.12.1.v20210128-1726-1.0.0-62.jar;C:/Xilinx/2025.1/Vivado\lib\classes\com.fasterxml.jackson.core.jackson-databind_2.12.1.v20210128-1726-1.5.0-62.jar;C:/Xilinx/2025.1/Vivado\lib\classes\com.google.gson_2.8.9.v20220111-1409-1.5.0-62.jar;C:/Xilinx/2025.1/Vivado\lib\classes\com.google.guava_30.1.0.v20210127-2300-1.5.0-62.jar;C:/Xilinx/2025.1/Vivado\lib\classes\com.sigasi.hdt.connection_4.17.2.202304211001-1.5.0-62.jar;C:/Xilinx/2025.1/Vivado\lib\classes\com.sigasi.hdt.epl_4.17.2.202304211001-1.5.0-62.jar;C:/Xilinx/2025.1/Vivado\lib\classes\com.sigasi.hdt.project_4.17.2.202304211001-1.5.0-62.jar;C:/Xilinx/2025.1/Vivado\lib\classes\com.sigasi.hdt.readonlyfilesystem_4.17.2.202304211001-1.5.0-62.jar;C:/Xilinx/2025.1/Vivado\lib\classes\com.sigasi.hdt.shared_4.17.2.202304211001-1.5.0-62.jar;C:/Xilinx/2025.1/Vivado\lib\classes\com.sigasi.lcm_4.17.2.202304211001-1.5.0-62.jar;C:/Xilinx/2025.1/Vivado\lib\classes\com.sigasi.lsp.server.extensions_4.17.2.202304211001-1.5.0-62.jar;C:/Xilinx/2025.1/Vivado\lib\classes\com.sigasi.sdk.client_1.5.0.202304211001-1.5.0-62.jar;C:/Xilinx/2025.1/Vivado\lib\classes\commons-collections4-4.1-3.7.8-62.jar;C:/Xilinx/2025.1/Vivado\lib\classes\commons-compress-1.21-3.7.8-62.jar;C:/Xilinx/2025.1/Vivado\lib\classes\commons-io-2.15.0-11.0.11-62.jar;C:/Xilinx/2025.1/Vivado\lib\classes\commons-io-2.6.jar;C:/Xilinx/2025.1/Vivado\lib\classes\commons-lang3-3.14.0-11.0.11-62.jar;C:/Xilinx/2025.1/Vivado\lib\classes\commons-math-2.2-3.7.8-62.jar;C:/Xilinx/2025.1/Vivado\lib\classes\DispatchProtocol-1.24.0-526.jar;C:/Xilinx/2025.1/Vivado\lib\classes\dom4j-1.6.1-3.7.8-62.jar;C:/Xilinx/2025.1/Vivado\lib\classes\error_prone_annotations-2.11.0.jar;C:/Xilinx/2025.1/Vivado\lib\classes\failureaccess-1.0.1.jar;C:/Xilinx/2025.1/Vivado\lib\classes\frank_frameworks-1.0.0-526.jar;C:/Xilinx/2025.1/Vivado\lib\classes\gson-2.8.9.jar;C:/Xilinx/2025.1/Vivado\lib\classes\guava-31.1-android.jar;C:/Xilinx/2025.1/Vivado\lib\classes\help-1.24.0-356.jar;C:/Xilinx/2025.1/Vivado\lib\classes\hsqldb-3.7.8-62.jar;C:/Xilinx/2025.1/Vivado\lib\classes\j2objc-annotations-1.3.jar;C:/Xilinx/2025.1/Vivado\lib\classes\jakarta.annotation-api-2.1.0-11.0.11-62.jar;C:/Xilinx/2025.1/Vivado\lib\classes\jakarta.json-2.0.0-RC2-1.5.0-62.jar;C:/Xilinx/2025.1/Vivado\lib\classes\jakarta.json-api-2.0.0-RC2-1.5.0-62.jar;C:/Xilinx/2025.1/Vivado\lib\classes\jakarta.transaction-api-2.0.0-11.0.11-62.jar;C:/Xilinx/2025.1/Vivado\lib\classes\jaxb-api-2.3.0.jar;C:/Xilinx/2025.1/Vivado\lib\classes\jericho-html-3.4-1.0.0-62.jar;C:/Xilinx/2025.1/Vivado\lib\classes\jetty-jakarta-servlet-api-5.0.2-11.0.11-62.jar;C:/Xilinx/2025.1/Vivado\lib\classes\jh-2.0.05-62.jar;C:/Xilinx/2025.1/Vivado\lib\classes\jide-action-3.7.8-62.jar;C:/Xilinx/2025.1/Vivado\lib\classes\jide-charts-3.7.8-62.jar;C:/Xilinx/2025.1/Vivado\lib\classes\jide-common-3.7.8-62.jar;C:/Xilinx/2025.1/Vivado\lib\classes\jide-components-3.7.8-62.jar;C:/Xilinx/2025.1/Vivado\lib\classes\jide-dashboard-3.7.8-62.jar;C:/Xilinx/2025.1/Vivado\lib\classes\jide-data-3.7.8-62.jar;C:/Xilinx/2025.1/Vivado\lib\classes\jide-dialogs-3.7.8-62.jar;C:/Xilinx/2025.1/Vivado\lib\classes\jide-diff-3.7.8-62.jar;C:/Xilinx/2025.1/Vivado\lib\classes\jide-dock-3.7.8-62.jar;C:/Xilinx/2025.1/Vivado\lib\classes\jide-editor-3.7.8-62.jar;C:/Xilinx/2025.1/Vivado\lib\classes\jide-gantt-3.7.8-62.jar;C:/Xilinx/2025.1/Vivado\lib\classes\jide-grids-3.7.8-62.jar;C:/Xilinx/2025.1/Vivado\lib\classes\jide-pivot-3.7.8-62.jar;C:/Xilinx/2025.1/Vivado\lib\classes\jide-plaf-jdk7-3.7.8-62.jar;C:/Xilinx/2025.1/Vivado\lib\classes\jide-properties-3.7.8-62.jar;C:/Xilinx/2025.1/Vivado\lib\classes\jide-shortcut-3.7.8-62.jar;C:/Xilinx/2025.1/Vivado\lib\classes\jide-treemap-3.7.8-62.jar;C:/Xilinx/2025.1/Vivado\lib\classes\JRCClient-1.24.0-526.jar;C:/Xilinx/2025.1/Vivado\lib\classes\jsr305-3.0.2.jar;C:/Xilinx/2025.1/Vivado\lib\classes\junit-jupiter-api-5.6.2.jar;C:/Xilinx/2025.1/Vivado\lib\classes\junit-platform-commons-1.6.2.jar;C:/Xilinx/2025.1/Vivado\lib\classes\justify-3.0.0-RC2-1.5.0-62.jar;C:/Xilinx/2025.1/Vivado\lib\classes\jydocking-3.3.1-62.jar;C:/Xilinx/2025.1/Vivado\lib\classes\jytable-3.3.1-62.jar;C:/Xilinx/2025.1/Vivado\lib\classes\jywidgets-3.3.1-62.jar;C:/Xilinx/2025.1/Vivado\lib\classes\listenablefuture-9999.0-empty-to-avoid-conflict-with-guava.jar;C:/Xilinx/2025.1/Vivado\lib\classes\log4j-1.2-api-2.17.1-1.5.0-62.jar;C:/Xilinx/2025.1/Vivado\lib\classes\log4j-api-2.17.1-1.5.0-62.jar;C:/Xilinx/2025.1/Vivado\lib\classes\log4j-core-2.17.1-1.5.0-62.jar;C:/Xilinx/2025.1/Vivado\lib\classes\lucene-analyzers-common-4.10.2-3.7.8-62.jar;C:/Xilinx/2025.1/Vivado\lib\classes\lucene-core-4.10.2-3.7.8-62.jar;C:/Xilinx/2025.1/Vivado\lib\classes\lucene-queryparser-4.10.2-3.7.8-62.jar;C:/Xilinx/2025.1/Vivado\lib\classes\miglayout-3.7.3.1.jar;C:/Xilinx/2025.1/Vivado\lib\classes\nlview_java-1.0.0-62.jar;C:/Xilinx/2025.1/Vivado\lib\classes\opentest4j-1.2.0.jar;C:/Xilinx/2025.1/Vivado\lib\classes\org.apache.commons.lang_2.6.0.v201404270220-1.0.0-62.jar;C:/Xilinx/2025.1/Vivado\lib\classes\org.eclipse.core.commands-3.6.0-1.0.0-62.jar;C:/Xilinx/2025.1/Vivado\lib\classes\org.eclipse.core.filesystem_1.7.400.v20190518-1151-1.0.0-62.jar;C:/Xilinx/2025.1/Vivado\lib\classes\org.eclipse.core.jobs_3.10.400.v20190506-1457-1.0.0-62.jar;C:/Xilinx/2025.1/Vivado\lib\classes\org.eclipse.core.resources_3.13.400.v20190505-1655-1.0.0-62.jar;C:/Xilinx/2025.1/Vivado\lib\classes\org.eclipse.emf.common_2.18.0.v20191225-1014-1.0.0-62.jar;C:/Xilinx/2025.1/Vivado\lib\classes\org.eclipse.emf.common_2.24.0.v20220123-0838-1.5.0-62.jar;C:/Xilinx/2025.1/Vivado\lib\classes\org.eclipse.emf.ecore.xmi_2.16.0.v20190528-0725-1.0.0-62.jar;C:/Xilinx/2025.1/Vivado\lib\classes\org.eclipse.emf.ecore_2.21.0.v20200127-1342-1.0.0-62.jar;C:/Xilinx/2025.1/Vivado\lib\classes\org.eclipse.equinox.common_3.11.0.v20200206-0817-1.0.0-62.jar;C:/Xilinx/2025.1/Vivado\lib\classes\org.eclipse.equinox.registry_3.8.400.v20190516-1504-1.0.0-62.jar;C:/Xilinx/2025.1/Vivado\lib\classes\org.eclipse.jetty.alpn.client_11.0.18-11.0.11-62.jar;C:/Xilinx/2025.1/Vivado\lib\classes\org.eclipse.jetty.annotations_11.0.18-11.0.11-62.jar;C:/Xilinx/2025.1/Vivado\lib\classes\org.eclipse.jetty.client_11.0.18-11.0.11-62.jar;C:/Xilinx/2025.1/Vivado\lib\classes\org.eclipse.jetty.http_11.0.18-11.0.11-62.jar;C:/Xilinx/2025.1/Vivado\lib\classes\org.eclipse.jetty.io_11.0.18-11.0.11-62.jar;C:/Xilinx/2025.1/Vivado\lib\classes\org.eclipse.jetty.jndi_11.0.18-11.0.11-62.jar;C:/Xilinx/2025.1/Vivado\lib\classes\org.eclipse.jetty.plus_11.0.18-11.0.11-62.jar;C:/Xilinx/2025.1/Vivado\lib\classes\org.eclipse.jetty.security_11.0.18-11.0.11-62.jar;C:/Xilinx/2025.1/Vivado\lib\classes\org.eclipse.jetty.server_11.0.18-11.0.11-62.jar;C:/Xilinx/2025.1/Vivado\lib\classes\org.eclipse.jetty.servlet_11.0.18-11.0.11-62.jar;C:/Xilinx/2025.1/Vivado\lib\classes\org.eclipse.jetty.util_11.0.18-11.0.11-62.jar;C:/Xilinx/2025.1/Vivado\lib\classes\org.eclipse.jetty.webapp_11.0.18-11.0.11-62.jar;C:/Xilinx/2025.1/Vivado\lib\classes\org.eclipse.jetty.websocket.api_11.0.18-11.0.11-62.jar;C:/Xilinx/2025.1/Vivado\lib\classes\org.eclipse.jetty.websocket.client_11.0.18-11.0.11-62.jar;C:/Xilinx/2025.1/Vivado\lib\classes\org.eclipse.jetty.websocket.common_11.0.18-11.0.11-62.jar;C:/Xilinx/2025.1/Vivado\lib\classes\org.eclipse.jetty.websocket.core.client_11.0.18-11.0.11-62.jar;C:/Xilinx/2025.1/Vivado\lib\classes\org.eclipse.jetty.websocket.core.common_11.0.18-11.0.11-62.jar;C:/Xilinx/2025.1/Vivado\lib\classes\org.eclipse.jetty.websocket.core.server_11.0.18-11.0.11-62.jar;C:/Xilinx/2025.1/Vivado\lib\classes\org.eclipse.jetty.websocket.server_11.0.18-11.0.11-62.jar;C:/Xilinx/2025.1/Vivado\lib\classes\org.eclipse.jetty.websocket.servlet_11.0.18-11.0.11-62.jar;C:/Xilinx/2025.1/Vivado\lib\classes\org.eclipse.jetty.xml_11.0.18-11.0.11-62.jar;C:/Xilinx/2025.1/Vivado\lib\classes\org.eclipse.lsp4j.jsonrpc_0.12.0.v20210402-1305-1.5.0-62.jar;C:/Xilinx/2025.1/Vivado\lib\classes\org.eclipse.lsp4j_0.12.0.v20210402-1305-1.5.0-62.jar;C:/Xilinx/2025.1/Vivado\lib\classes\org.eclipse.xtext.util_2.18.0.v20190603-1042-1.0.0-62.jar;C:/Xilinx/2025.1/Vivado\lib\classes\org.eclipse.xtext.util_2.26.0.v20220228-0751-1.5.0-62.jar;C:/Xilinx/2025.1/Vivado\lib\classes\org.eclipse.xtext.xbase.lib_2.26.0.v20220228-0748-1.5.0-62.jar;C:/Xilinx/2025.1/Vivado\lib\classes\picocli-4.1.2.jar;C:/Xilinx/2025.1/Vivado\lib\classes\planAhead.jar;C:/Xilinx/2025.1/Vivado\lib\classes\poi-4.1.1-3.7.8-62.jar;C:/Xilinx/2025.1/Vivado\lib\classes\poi-ooxml-4.1.1-3.7.8-62.jar;C:/Xilinx/2025.1/Vivado\lib\classes\poi-ooxml-schemas-4.1.1-3.7.8-62.jar;C:/Xilinx/2025.1/Vivado\lib\classes\protobuf-java-3.21.12.jar;C:/Xilinx/2025.1/Vivado\lib\classes\protobuf-java-util-3.21.12.jar;C:/Xilinx/2025.1/Vivado\lib\classes\RuleService-1.24.0-526.jar;C:/Xilinx/2025.1/Vivado\lib\classes\slf4j-api-2.0.9-11.0.11-62.jar;C:/Xilinx/2025.1/Vivado\lib\classes\swingx-core-1.6.2-62.jar;C:/Xilinx/2025.1/Vivado\lib\classes\synthetica-3.3.1-62.jar;C:/Xilinx/2025.1/Vivado\lib\classes\syntheticaAddons-3.3.1-62.jar;C:/Xilinx/2025.1/Vivado\lib\classes\syntheticaDark-3.3.1-62.jar;C:/Xilinx/2025.1/Vivado\lib\classes\syntheticaPlain-3.3.1-62.jar;C:/Xilinx/2025.1/Vivado\lib\classes\syntheticaPlainAddon-3.3.1-62.jar;C:/Xilinx/2025.1/Vivado\lib\classes\sysgen.jar;C:/Xilinx/2025.1/Vivado\lib\classes\va-shared-1.0.0-526.jar;C:/Xilinx/2025.1/Vivado\lib\classes\VlmGUI.jar;C:/Xilinx/2025.1/Vivado\lib\classes\xml-apis-ext-1.0.0-62.jar;C:/Xilinx/2025.1/Vivado\lib\classes\xmlbeans-3.1.0-3.7.8-62.jar;C:/Xilinx/2025.1/Vivado\lib\classes\xmlgraphics-commons-1.0.0-62.jar;C:/Xilinx/2025.1/Vivado\lib\classes\yfiles-for-java-swing-3.3.0-62.jar;C:/Xilinx/2025.1/Vivado\lib\classes\windows\gluegen-rt-95.0.4638.69.jar;C:/Xilinx/2025.1/Vivado\lib\classes\windows\gluegen-rt-natives-windows-amd64-95.0.4638.69.jar;C:/Xilinx/2025.1/Vivado\lib\classes\windows\javafx-swt-21.0.1.jar;C:/Xilinx/2025.1/Vivado\lib\classes\windows\javafx.base-21.0.1.jar;C:/Xilinx/2025.1/Vivado\lib\classes\windows\javafx.controls-21.0.1.jar;C:/Xilinx/2025.1/Vivado\lib\classes\windows\javafx.fxml-21.0.1.jar;C:/Xilinx/2025.1/Vivado\lib\classes\windows\javafx.graphics-21.0.1.jar;C:/Xilinx/2025.1/Vivado\lib\classes\windows\javafx.media-21.0.1.jar;C:/Xilinx/2025.1/Vivado\lib\classes\windows\javafx.swing-21.0.1.jar;C:/Xilinx/2025.1/Vivado\lib\classes\windows\javafx.web-21.0.1.jar;C:/Xilinx/2025.1/Vivado\lib\classes\windows\jcef-95.0.4638.69.jar;C:/Xilinx/2025.1/Vivado\lib\classes\windows\jcef-tests-95.0.4638.69.jar;C:/Xilinx/2025.1/Vivado\lib\classes\windows\jogl-all-95.0.4638.69.jar;C:/Xilinx/2025.1/Vivado\lib\classes\windows\jogl-all-natives-windows-amd64-95.0.4638.69.jar
Launcher Type: generic

[Global flags]
     intx CICompilerCount                          = 4                                         {product} {ergonomic}
     uint ConcGCThreads                            = 1                                         {product} {ergonomic}
     uint G1ConcRefinementThreads                  = 4                                         {product} {ergonomic}
   size_t G1HeapRegionSize                         = 4194304                                   {product} {ergonomic}
    uintx GCDrainStackTargetSize                   = 64                                        {product} {ergonomic}
   size_t InitialHeapSize                          = 851443712                                 {product} {command line}
   size_t MarkStackSize                            = 4194304                                   {product} {ergonomic}
    uintx MaxGCPauseMillis                         = 200                                       {product} {command line}
   size_t MaxHeapSize                              = 6442450944                                {product} {command line}
   size_t MaxNewSize                               = 83886080                                  {product} {command line}
   size_t MinHeapDeltaBytes                        = 4194304                                   {product} {ergonomic}
   size_t MinHeapSize                              = 851443712                                 {product} {command line}
   size_t NewSize                                  = 83886080                                  {product} {command line}
    uintx NonNMethodCodeHeapSize                   = 5839372                                {pd product} {ergonomic}
    uintx NonProfiledCodeHeapSize                  = 122909434                              {pd product} {ergonomic}
     uint ParallelGCThreads                        = 4                                         {product} {command line}
     bool ParallelRefProcEnabled                   = true                                      {product} {command line}
    uintx ProfiledCodeHeapSize                     = 122909434                              {pd product} {ergonomic}
    uintx ReservedCodeCacheSize                    = 251658240                              {pd product} {ergonomic}
     bool SegmentedCodeCache                       = true                                      {product} {ergonomic}
   size_t SoftMaxHeapSize                          = 6442450944                             {manageable} {ergonomic}
    uintx StringTableSize                          = 4072                                      {product} {command line}
     intx ThreadStackSize                          = 10240                                  {pd product} {command line}
     bool UseCompressedOops                        = true                           {product lp64_product} {ergonomic}
     bool UseG1GC                                  = true                                      {product} {ergonomic}
     bool UseLargePagesIndividualAllocation        = false                                  {pd product} {ergonomic}
     bool UsePerfData                              = false                                     {product} {command line}
     bool UseStringDeduplication                   = true                                      {product} {command line}

Logging:
Log output configuration:
 #0: stdout all=warning uptime,level,tags foldmultilines=false
 #1: stderr all=off uptime,level,tags foldmultilines=false

Environment Variables:
PATH=C:/Xilinx/2025.1/Vivado\gnuwin\bin;C:/Xilinx/2025.1/Vivado\gnu\microblaze\nt\bin;C:/Xilinx/2025.1/Vivado/bin;C:/Xilinx/2025.1/Vivado\tps\win64;C:/Xilinx/2025.1/Vivado/tps/win64/java-cef-95.0.4638.69/bin/lib/win64;C:/Xilinx/2025.1/Vivado/tps/win64/javafx-sdk-21.0.1/lib;C:/Xilinx/2025.1/Vivado/tps/win64/javafx-sdk-21.0.1/bin;C:/Xilinx/2025.1/Vivado/lib/win64.o;C:/Xilinx/2025.1/Vivado/tps/win64/jre21.0.1_12/bin/server;C:/Xilinx/2025.1/Vivado/tps/win64/jre21.0.1_12/bin;C:/Xilinx/2025.1/Vitis/bin;C:/Xilinx/2025.1/Vivado/ids_lite/ISE/bin/nt64;C:/Xilinx/2025.1/Vivado/ids_lite/ISE/lib/nt64;C:\WINDOWS\System32;C:\Users\Kheph\.platformio\penv\Scripts;C:\Program Files\usbipd-win\;C:\Program Files\MATLAB\R2025b\bin;C:\Users\Kheph\.local\bin;C:\Program Files (x86)\Windows Kits\10\Windows Performance Toolkit\;C:\Users\Kheph\AppData\Local\Programs\Python\Python313\Scripts\;C:\Users\Kheph\AppData\Local\Programs\Python\Python313\;C:\Users\Kheph\AppData\Local\Programs\Python\Launcher\;C:\WINDOWS;C:\WINDOWS\System32\Wbem;C:\WINDOWS\System32\WindowsPowerShell\v1.0\;C:\WINDOWS\System32\OpenSSH\;C:\Program Files\CMake\bin;C:\Program Files\Git\cmd;C:\Program Files\PuTTY\;C:
USERNAME=Kheph
OS=Windows_NT
PROCESSOR_IDENTIFIER=Intel64 Family 6 Model 140 Stepping 1, GenuineIntel
TMP=C:\Users\Kheph\AppData\Local\Temp
TEMP=C:\Users\Kheph\AppData\Local\Temp




Periodic native trim disabled

---------------  S Y S T E M  ---------------

OS:
 Windows 11 , 64 bit Build 26100 (10.0.26100.7920)
OS uptime: 7 days 11:47 hours
Hyper-V role detected

CPU: total 8 (initial active 8) (4 cores per cpu, 2 threads per core) family 6 model 140 stepping 1 microcode 0x86, cx8, cmov, fxsr, ht, mmx, 3dnowpref, sse, sse2, sse3, ssse3, sse4.1, sse4.2, popcnt, lzcnt, tsc, tscinvbit, avx, avx2, aes, erms, clmul, bmi1, bmi2, adx, avx512f, avx512dq, avx512cd, avx512bw, avx512vl, sha, fma, vzeroupper, avx512_vpopcntdq, avx512_vpclmulqdq, avx512_vaes, avx512_vnni, clflush, clflushopt, clwb, avx512_vbmi2, avx512_vbmi, hv, rdtscp, rdpid, fsrm, gfni, avx512_bitalg, f16c, cet_ibt, cet_ss, avx512_ifma
Processor Information for all 8 processors :
  Max Mhz: 2803, Current Mhz: 2803, Mhz Limit: 2803

Memory: 4k page, system-wide physical 36558M (17141M free)
TotalPageFile size 53966M (AvailPageFile size 25166M)
current process WorkingSet (physical memory assigned to process): 908M, peak: 1349M
current process commit charge ("private bytes"): 1863M, peak: 3534M

vm_info: OpenJDK 64-Bit Server VM (21.0.1+12-LTS) for windows-amd64 JRE (21.0.1+12-LTS), built on 2023-10-17T00:00:00Z by "admin" with unknown MS VC++:1937

END.
