#
# A fatal error has been detected by the Java Runtime Environment:
#
#  EXCEPTION_ACCESS_VIOLATION (0xc0000005) at pc=0x00007ff9c6245325, pid=40272, tid=28968
#
# JRE version: OpenJDK Runtime Environment Temurin-21.0.1+12 (21.0.1+12) (build 21.0.1+12-LTS)
# Java VM: OpenJDK 64-Bit Server VM Temurin-21.0.1+12 (21.0.1+12-LTS, mixed mode, sharing, tiered, compressed oops, compressed class ptrs, g1 gc, windows-amd64)
# Problematic frame:
# C  0x00007ff9c6245325
#
# No core dump will be written. Minidumps are not enabled by default on client versions of Windows
#
# If you would like to submit a bug report, please visit:
#   https://github.com/adoptium/adoptium-support/issues
# The crash happened outside the Java Virtual Machine in native code.
# See problematic frame for where to report the bug.
#

---------------  S U M M A R Y ------------

Command Line: -Dsun.java2d.pmoffscreen=false -Dhttps.protocols=TLSv1,TLSv1.1,TLSv1.2 -Dsun.java2d.xrender=false -Dsun.java2d.d3d=false -Dsun.awt.nopixfmt=true -Dsun.java2d.dpiaware=true -Dsun.java2d.uiScale.enabled=false -Dswing.aatext=true -XX:-UsePerfData -Djdk.map.althashing.threshold=512 -XX:StringTableSize=4072 -XX:+UseStringDeduplication -XX:MaxGCPauseMillis=200 -XX:ParallelGCThreads=4 -XX:+ParallelRefProcEnabled --add-opens=java.desktop/javax.swing.plaf.synth=ALL-UNNAMED --add-opens=java.base/java.nio=ALL-UNNAMED --add-opens=java.desktop/sun.swing=ALL-UNNAMED --add-opens=java.desktop/javax.swing=ALL-UNNAMED --add-opens=java.desktop/javax.swing.tree=ALL-UNNAMED --add-opens=java.desktop/javax.swing.plaf.basic=ALL-UNNAMED --add-opens=java.desktop/javax.swing.plaf.synth=ALL-UNNAMED --add-opens=java.desktop/javax.swing.plaf.basic=ALL-UNNAMED --add-opens=java.desktop/javax.swing=ALL-UNNAMED --add-opens=java.desktop/javax.swing.tree=ALL-UNNAMED --add-opens=java.desktop/java.awt.event=ALL-UNNAMED --add-exports=java.desktop/javax.swing.plaf.synth=ALL-UNNAMED --add-exports=java.base/java.nio=ALL-UNNAMED --add-exports=java.desktop/sun.swing=ALL-UNNAMED --add-exports=java.desktop/javax.swing=ALL-UNNAMED --add-exports=java.desktop/javax.swing.tree=ALL-UNNAMED --add-exports=java.desktop/javax.swing.plaf.basic=ALL-UNNAMED --add-exports=java.desktop/sun.swing=ALL-UNNAMED --add-exports=java.desktop/sun.swing.table=ALL-UNNAMED --add-exports=java.desktop/sun.swing.plaf.synth=ALL-UNNAMED --add-exports=java.desktop/sun.awt.shell=ALL-UNNAMED --add-exports=java.base/sun.security.action=ALL-UNNAMED --add-exports=java.desktop/sun.font=ALL-UNNAMED -XX:NewSize=80m -XX:MaxNewSize=80m -Xms812m -Xmx6144m -Xss10m 

Host: 11th Gen Intel(R) Core(TM) i7-1165G7 @ 2.80GHz, 8 cores, 35G,  Windows 11 , 64 bit Build 26100 (10.0.26100.7920)
Time: Sat Mar 21 12:38:41 2026 Pacific Daylight Time elapsed time: 51483.205076 seconds (0d 14h 18m 3s)

---------------  T H R E A D  ---------------

Current thread (0x000001c15ecf4c50):  JavaThread "AWT-EventQueue-0"        [_thread_in_native, id=28968, stack(0x000000bdda700000,0x000000bddb100000) (10240K)]

Stack: [0x000000bdda700000,0x000000bddb100000],  sp=0x000000bddb0fea60,  free space=10234k
Native frames: (J=compiled Java code, j=interpreted, Vv=VM code, C=native code)
C  0x00007ff9c6245325
C  0x00007ff9c6244442
C  0x00007ff9c645043f
C  0x000001c1091a0248

The last pc belongs to native nmethod (printed below).
Java frames: (J=compiled Java code, j=interpreted, Vv=VM code)
J 20873  ui.data.srcscan.srcscani.EditorAssist_createParseInfoIter(JLjava/lang/String;)J (0 bytes) @ 0x000001c1091a01ad [0x000001c1091a0140+0x000000000000006d]
J 75496 c2 ui.h.a.c.agN(Ljava/lang/String;)J (23 bytes) @ 0x000001c108d35994 [0x000001c108d35880+0x0000000000000114]
J 72328 c1 ui.h.a.d.jIK()V (275 bytes) @ 0x000001c1009a8654 [0x000001c1009a7cc0+0x0000000000000994]
J 74512 c1 ui.views.W.a.a.mIM()V (36 bytes) @ 0x000001c100bd13dc [0x000001c100bd0f60+0x000000000000047c]
J 74500 c1 ui.views.W.a.a.mII()V (47 bytes) @ 0x000001c100bd5a24 [0x000001c100bd52c0+0x0000000000000764]
J 74499 c1 ui.views.W.a.i.finished()V (81 bytes) @ 0x000001c100bd61ec [0x000001c100bd6000+0x00000000000001ec]
J 21927 c2 ui.frmwork.C.run()V (15 bytes) @ 0x000001c10920c388 [0x000001c10920a900+0x0000000000001a88]
J 12763 c2 java.awt.EventQueue.dispatchEvent(Ljava/awt/AWTEvent;)V java.desktop@21.0.1 (80 bytes) @ 0x000001c1083e70a4 [0x000001c1083e6a20+0x0000000000000684]
J 25115 c2 java.awt.EventDispatchThread.pumpOneEventForFilters(I)V java.desktop@21.0.1 (106 bytes) @ 0x000001c10948fdd8 [0x000001c10948f880+0x0000000000000558]
J 17204% c2 java.awt.EventDispatchThread.pumpEventsForFilter(ILjava/awt/Conditional;Ljava/awt/EventFilter;)V java.desktop@21.0.1 (47 bytes) @ 0x000001c108ad065c [0x000001c108ad05c0+0x000000000000009c]
j  java.awt.EventDispatchThread.pumpEventsForHierarchy(ILjava/awt/Conditional;Ljava/awt/Component;)V+11 java.desktop@21.0.1
j  java.awt.EventDispatchThread.pumpEvents(ILjava/awt/Conditional;)V+4 java.desktop@21.0.1
j  java.awt.EventDispatchThread.pumpEvents(Ljava/awt/Conditional;)V+3 java.desktop@21.0.1
j  java.awt.EventDispatchThread.run()V+9 java.desktop@21.0.1
v  ~StubRoutines::call_stub 0x000001c1075310e7

siginfo: EXCEPTION_ACCESS_VIOLATION (0xc0000005), reading address 0xffffffffffffffff


Registers:
RAX=0x0000000000000001, RBX=0x000001c1a02254c8, RCX=0x000001c197d8b410, RDX=0x80002c00533ea439
RSP=0x000000bddb0fea60, RBP=0x000000bddb0fecd0, RSI=0x0000000000000000, RDI=0x000001c183e1a980
R8 =0x0000000000000000, R9 =0x000000bdcf61c000, R10=0x000001c16b480000, R11=0x00007ffad2e613c1
R12=0x000001c180fe68c0, R13=0x0000000000000064, R14=0x0000000000000000, R15=0x000001c199c97850
RIP=0x00007ff9c6245325, EFLAGS=0x0000000000010256


Register to memory mapping:

RAX=0x0000000000000001 is an unknown value
RBX=0x000001c1a02254c8 points into unknown readable memory: 0x80002c00533ea439 | 39 a4 3e 53 00 2c 00 80
RCX=0x000001c197d8b410 points into unknown readable memory: 0x0000000000000000 | 00 00 00 00 00 00 00 00
RDX=0x80002c00533ea439 is an unknown value
RSP=0x000000bddb0fea60 is pointing into the stack for thread: 0x000001c15ecf4c50
RBP=0x000000bddb0fecd0 is pointing into the stack for thread: 0x000001c15ecf4c50
RSI=0x0 is null
RDI=0x000001c183e1a980 points into unknown readable memory: 0x00007ff9c66619e0 | e0 19 66 c6 f9 7f 00 00
R8 =0x0 is null
R9 =0x000000bdcf61c000 points into unknown readable memory: 0x0000000000000000 | 00 00 00 00 00 00 00 00
R10=0x000001c16b480000 points into unknown readable memory: 0x0000000000000000 | 00 00 00 00 00 00 00 00
R11=0x00007ffad2e613c1 VCRUNTIME140.dll
R12=0x000001c180fe68c0 points into unknown readable memory: 0x000001c18cfa6e50 | 50 6e fa 8c c1 01 00 00
R13=0x0000000000000064 is an unknown value
R14=0x0 is null
R15=0x000001c199c97850 points into unknown readable memory: 0x0055005c003a0043 | 43 00 3a 00 5c 00 55 00

Top of Stack: (sp=0x000000bddb0fea60)
0x000000bddb0fea60:   0000000000000000 000001c100000000
0x000000bddb0fea70:   000001c1a02254c0 000001c16b570000
0x000000bddb0fea80:   0000000000000000 00007ffade17cd24
0x000000bddb0fea90:   0000000000000000 000000000000000f
0x000000bddb0feaa0:   000001c19908fa00 000000bddb0fecd0
0x000000bddb0feab0:   0000000000000000 000000000000000f
0x000000bddb0feac0:   0000c2fcba101b9f 000001c183e1a980
0x000000bddb0fead0:   000001c180fe68c0 000001c183e1a980
0x000000bddb0feae0:   000000bddb0fecd0 00007ff9c6244442
0x000000bddb0feaf0:   000001c167e40c00 00007ff9c6663438
0x000000bddb0feb00:   0000000000000080 000000bddb0febf0
0x000000bddb0feb10:   0000000000000000 0000000000000000
0x000000bddb0feb20:   73726573555c3a43 445c687065684b5c
0x000000bddb0feb30:   73746e656d75636f 7463656a6f72505c
0x000000bddb0feb40:   6c6f6f6863535c73 000001c180fe68c0
0x000000bddb0feb50:   34344543455c5550 50435f42414c5f39
0x000000bddb0feb60:   63656a6f72705c55 6a6f72705c315f74
0x000000bddb0feb70:   72732e315f746365 315f6d69735c7363
0x000000bddb0feb80:   7570635c77656e5c 76656c5f706f745f
0x000000bddb0feb90:   62747365745f6c65 6468762e68636e65
0x000000bddb0feba0:   000001c199c97850 0000000000000000
0x000000bddb0febb0:   00000006af85edb8 000001c180fe68c0
0x000000bddb0febc0:   00007ffadb6788b0 00007ffadb550139
0x000000bddb0febd0:   000001c199c97850 000000000000007f
0x000000bddb0febe0:   0000000000000064 000001c180fe68c0
0x000000bddb0febf0:   000001c199c97850 0000000000000000
0x000000bddb0fec00:   000001c15ecf4c50 00007ffadb55e0fb
0x000000bddb0fec10:   000001c16b570000 00007ffa00000000
0x000000bddb0fec20:   0000c2fcba101b0f 00007ff9c604b441
0x000000bddb0fec30:   000001c199c97850 000000000000007f
0x000000bddb0fec40:   0000000000000064 000001c180fe68c0
0x000000bddb0fec50:   000001c15ecf5008 0000000000000000 

Instructions: (pc=0x00007ff9c6245325)
0x00007ff9c6245225:   c1 48 83 c0 f8 48 83 f8 1f 76 07 ff 15 6a a6 40
0x00007ff9c6245235:   00 cc e8 b4 93 2e 00 48 c7 44 24 38 00 00 00 00
0x00007ff9c6245245:   48 c7 44 24 40 0f 00 00 00 c6 44 24 28 00 48 8b
0x00007ff9c6245255:   cb e8 d1 89 2e 00 48 8b c6 48 8b 4c 24 48 48 33
0x00007ff9c6245265:   cc e8 55 9c 2e 00 48 8b 9c 24 88 00 00 00 48 83
0x00007ff9c6245275:   c4 50 5f 5e 5d c3 8b c8 e8 b0 89 2e 00 cc cc cc
0x00007ff9c6245285:   cc cc cc cc cc cc cc cc cc cc cc b8 02 00 00 00
0x00007ff9c6245295:   c3 cc cc cc cc cc cc cc cc cc cc 8b 01 90 c3 cc
0x00007ff9c62452a5:   cc cc cc cc cc cc cc cc cc cc cc 48 89 5c 24 18
0x00007ff9c62452b5:   48 89 6c 24 20 56 57 41 56 48 83 ec 70 48 8b 05
0x00007ff9c62452c5:   0f b6 5f 00 48 33 c4 48 89 44 24 60 48 8b ea 48
0x00007ff9c62452d5:   8b f9 48 8b 01 ff 50 08 8b f0 85 c0 0f 85 24 01
0x00007ff9c62452e5:   00 00 48 8b 5f 08 48 83 c3 08 48 3b 5f 10 0f 84
0x00007ff9c62452f5:   12 01 00 00 45 33 f6 0f 1f 40 00 48 8b 13 4c 89
0x00007ff9c6245305:   74 24 20 4c 89 74 24 30 48 c7 44 24 38 0f 00 00
0x00007ff9c6245315:   00 c6 44 24 20 00 49 c7 c0 ff ff ff ff 49 ff c0
0x00007ff9c6245325:   42 80 3c 02 00 75 f6 48 8d 4c 24 20 e8 ca 98 df
0x00007ff9c6245335:   ff 90 48 8d 54 24 20 48 8d 4c 24 40 ff 15 a1 a9
0x00007ff9c6245345:   40 00 90 48 8b d5 48 8d 4c 24 40 ff 15 4a ae 40
0x00007ff9c6245355:   00 84 c0 75 55 48 8d 4c 24 40 ff 15 8b a9 40 00
0x00007ff9c6245365:   90 48 8b 54 24 38 48 83 fa 10 72 2e 48 ff c2 48
0x00007ff9c6245375:   8b 4c 24 20 48 8b c1 48 81 fa 00 10 00 00 72 15
0x00007ff9c6245385:   48 83 c2 27 48 8b 49 f8 48 2b c1 48 83 c0 f8 48
0x00007ff9c6245395:   83 f8 1f 77 65 e8 51 92 2e 00 48 83 c3 08 48 3b
0x00007ff9c62453a5:   5f 10 0f 85 53 ff ff ff eb 5c 48 8b 07 48 8d 54
0x00007ff9c62453b5:   24 20 48 8b cf ff 50 08 8b f0 48 8d 4c 24 40 ff
0x00007ff9c62453c5:   15 26 a9 40 00 90 48 8b 54 24 38 48 83 fa 10 72
0x00007ff9c62453d5:   35 48 ff c2 48 8b 4c 24 20 48 8b c1 48 81 fa 00
0x00007ff9c62453e5:   10 00 00 72 1c 48 83 c2 27 48 8b 49 f8 48 2b c1
0x00007ff9c62453f5:   48 83 c0 f8 48 83 f8 1f 76 07 ff 15 9b a4 40 00
0x00007ff9c6245405:   cc e8 e5 91 2e 00 8b c6 48 8b 4c 24 60 48 33 cc
0x00007ff9c6245415:   e8 a6 9a 2e 00 4c 8d 5c 24 70 49 8b 5b 30 49 8b 


Stack slot to memory mapping:

stack at sp + 0 slots: 0x0 is null
stack at sp + 1 slots: 0x000001c100000000 points into unknown readable memory: 0x000000000000000c | 0c 00 00 00 00 00 00 00
stack at sp + 2 slots: 0x000001c1a02254c0 points into unknown readable memory: 0x000001c1986ef2f0 | f0 f2 6e 98 c1 01 00 00
stack at sp + 3 slots: 0x000001c16b570000 points into unknown readable memory: 0x0000000000000000 | 00 00 00 00 00 00 00 00
stack at sp + 4 slots: 0x0 is null
stack at sp + 5 slots: 0x00007ffade17cd24 ntdll.dll
stack at sp + 6 slots: 0x0 is null
stack at sp + 7 slots: 0x000000000000000f is an unknown value


Compiled method (n/a) 51483351 20873     n 0       ui.data.srcscan.srcscani::EditorAssist_createParseInfoIter (native)
 total in heap  [0x000001c10919ff90,0x000001c1091a0390] = 1024
 relocation     [0x000001c1091a00f0,0x000001c1091a0128] = 56
 main code      [0x000001c1091a0140,0x000001c1091a0384] = 580
 stub code      [0x000001c1091a0384,0x000001c1091a0388] = 4
 oops           [0x000001c1091a0388,0x000001c1091a0390] = 8

[Constant Pool (empty)]

[MachCode]
[Entry Point]
  # {method} {0x000001c15c29ed58} 'EditorAssist_createParseInfoIter' '(JLjava/lang/String;)J' in 'ui/data/srcscan/srcscani'
  # parm0:    rdx:rdx   = long
  # parm1:    r8:r8     = 'java/lang/String'
  #           [sp+0x70]  (sp of caller)
  0x000001c1091a0140: 448b 5208 | 49bb 0000 | 0018 c101 | 0000 4d03 | d349 3bc2 | 0f84 0600 

  0x000001c1091a0158: ;   {runtime_call ic_miss_stub}
  0x000001c1091a0158: 0000 e921 | e83d fe90 
[Verified Entry Point]
  0x000001c1091a0160: 8984 2400 | 80ff ff55 | 488b ec48 | 83ec 6090 | 4181 7f20 | ed02 0000 

  0x000001c1091a0178: ;   {runtime_call StubRoutines (final stubs)}
  0x000001c1091a0178: 7405 e801 | 5c3c fe4c | 8944 2428 | 4983 f800 | 4c8d 4c24 | 284c 0f44 | 4c24 284c 

  0x000001c1091a0194: ;   {oop(a 'java/lang/Class'{0x0000000681fcfaf0} = 'ui/data/srcscan/srcscani')}
  0x000001c1091a0194: 8bc2 49be | f0fa fc81 | 0600 0000 | 4c89 7424 | 504c 8d74 | 2450 498b | d6c5 f877 

  0x000001c1091a01b0: ;   {internal_word}
  0x000001c1091a01b0: 49ba ad01 | 1a09 c101 | 0000 4d89 | 97a0 0300 | 0049 89a7 | 9803 0000 

  0x000001c1091a01c8: ;   {external_word}
  0x000001c1091a01c8: 49ba ae9a | c111 fa7f | 0000 4180 | 3a00 0f84 | 4e00 0000 | 5241 5041 

  0x000001c1091a01e0: ;   {metadata({method} {0x000001c15c29ed58} 'EditorAssist_createParseInfoIter' '(JLjava/lang/String;)J' in 'ui/data/srcscan/srcscani')}
  0x000001c1091a01e0: 5148 ba50 | ed29 5cc1 | 0100 0049 | 8bcf 4883 | ec20 40f6 | c40f 0f84 | 1900 0000 | 4883 ec08 
  0x000001c1091a0200: ;   {runtime_call}
  0x000001c1091a0200: 48b8 a0d6 | 6b11 fa7f | 0000 ffd0 | 4883 c408 | e90c 0000 

  0x000001c1091a0214: ;   {runtime_call}
  0x000001c1091a0214: 0048 b8a0 | d66b 11fa | 7f00 00ff | d048 83c4 | 2041 5941 | 585a 498d | 8fb8 0300 | 0041 c787 
  0x000001c1091a0234: 4c04 0000 | 0400 0000 

  0x000001c1091a023c: ;   {runtime_call}
  0x000001c1091a023c: 48b8 6001 | 45c6 f97f | 0000 ffd0 | c5f8 7741 | c787 4c04 | 0000 0500 | 0000 f083 | 4424 c000 
  0x000001c1091a025c: 493b af50 | 0400 000f | 870e 0000 | 0041 83bf | 4804 0000 | 000f 842b | 0000 00c5 | f877 4889 
  0x000001c1091a027c: 45f8 498b | cf4c 8be4 | 4883 ec20 | 4883 e4f0 

  0x000001c1091a028c: ;   {runtime_call}
  0x000001c1091a028c: 48b8 2099 | 3711 fa7f | 0000 ffd0 | 498b e44d | 33e4 488b | 45f8 41c7 | 874c 0400 | 0008 0000 
  0x000001c1091a02ac: 0041 83bf | c804 0000 | 020f 849c 

  0x000001c1091a02b8: ;   {external_word}
  0x000001c1091a02b8: 0000 0049 | baae 9ac1 | 11fa 7f00 | 0041 803a | 000f 844c | 0000 0048 

  0x000001c1091a02d0: ;   {metadata({method} {0x000001c15c29ed58} 'EditorAssist_createParseInfoIter' '(JLjava/lang/String;)J' in 'ui/data/srcscan/srcscani')}
  0x000001c1091a02d0: 8945 f848 | ba50 ed29 | 5cc1 0100 | 0049 8bcf | 4883 ec20 | 40f6 c40f | 0f84 1900 | 0000 4883 
  0x000001c1091a02f0: ;   {runtime_call}
  0x000001c1091a02f0: ec08 48b8 | a0d6 6b11 | fa7f 0000 | ffd0 4883 | c408 e90c 

  0x000001c1091a0304: ;   {runtime_call}
  0x000001c1091a0304: 0000 0048 | b8a0 d66b | 11fa 7f00 | 00ff d048 | 83c4 2048 | 8b45 f849 | c787 9803 | 0000 0000 
  0x000001c1091a0324: 0000 49c7 | 87a0 0300 | 0000 0000 | 00c5 f877 | 498b 8f28 | 0400 00c7 | 8100 0100 | 0000 0000 
  0x000001c1091a0344: 00c9 4983 | 7f08 000f | 8501 0000 

  0x000001c1091a0350: ;   {runtime_call StubRoutines (initial stubs)}
  0x000001c1091a0350: 00c3 e9a9 | 0b39 fec5 | f877 4889 | 45f8 4c8b | e448 83ec | 2048 83e4 

  0x000001c1091a0368: ;   {runtime_call}
  0x000001c1091a0368: f048 b880 | 0e6c 11fa | 7f00 00ff | d049 8be4 | 4d33 e448 | 8b45 f8e9 | 37ff ffff 
[Stub Code]
  0x000001c1091a0384: f4f4 f4f4 
[/MachCode]


Compiled method (c2) 51483359 75496   !   4       ui.h.a.c::agN (23 bytes)
 total in heap  [0x000001c108d35690,0x000001c108d36190] = 2816
 relocation     [0x000001c108d357f0,0x000001c108d35868] = 120
 main code      [0x000001c108d35880,0x000001c108d35cf8] = 1144
 stub code      [0x000001c108d35cf8,0x000001c108d35d30] = 56
 oops           [0x000001c108d35d30,0x000001c108d35d58] = 40
 metadata       [0x000001c108d35d58,0x000001c108d35de8] = 144
 scopes data    [0x000001c108d35de8,0x000001c108d36018] = 560
 scopes pcs     [0x000001c108d36018,0x000001c108d36128] = 272
 dependencies   [0x000001c108d36128,0x000001c108d36138] = 16
 handler table  [0x000001c108d36138,0x000001c108d36168] = 48
 nul chk table  [0x000001c108d36168,0x000001c108d36190] = 40

[Constant Pool (empty)]

[MachCode]
[Entry Point]
  # {method} {0x000001c15bb671a8} 'agN' '(Ljava/lang/String;)J' in 'ui/h/a/c'
  # this:     rdx:rdx   = 'ui/h/a/c'
  # parm0:    r8:r8     = 'java/lang/String'
  #           [sp+0x50]  (sp of caller)
  0x000001c108d35880: 448b 5208 | 49bb 0000 | 0018 c101 | 0000 4d03 | d349 3bc2 

  0x000001c108d35894: ;   {runtime_call ic_miss_stub}
  0x000001c108d35894: 0f85 e690 | 84fe 6690 | 0f1f 4000 
[Verified Entry Point]
  0x000001c108d358a0: 8984 2400 | 80ff ff55 | 4883 ec40 | 4181 7f20 | ed02 0000 | 0f85 2d04 | 0000 4889 | 5424 104c 
  0x000001c108d358c0: 8944 2420 

  0x000001c108d358c4: ; implicit exception: dispatches to 0x000001c108d35b54
  0x000001c108d358c4: 458b 5814 

  0x000001c108d358c8: ; implicit exception: dispatches to 0x000001c108d35c64
  0x000001c108d358c8: 478b 44dc | 0c45 85c0 | 0f86 7e02 | 0000 4c8b | 5424 2045 | 0fbe 4a10 | c4c2 32f7 | e885 ed0f 
  0x000001c108d358e8: 8e7b 0200 | 0045 33c0 | 4489 4424 | 1845 85c9 | 0f85 ef00 | 0000 478b | 54dc 0c44 | 8b4c 2418 
  0x000001c108d35908: 453b ca0f | 83c7 0100 | 008b 6c24 | 1841 3bea | 0f83 fa01 | 0000 4f8d | 14dc 450f | b654 2a10 
  0x000001c108d35928: 4533 db45 | 85db 0f85 | 6701 0000 

  0x000001c108d35934: ;   {oop(a 'java/lang/CharacterDataLatin1'{0x00000006815902b8})}
  0x000001c108d35934: 48bd b802 | 5981 0600 | 0000 448b 

  0x000001c108d35940: ;   {metadata('java/lang/CharacterDataLatin1')}
  0x000001c108d35940: 5d08 4181 | fb60 f002 | 000f 85d4 | 0000 0041 | 81fa 0001 | 0000 0f83 | 4e01 0000 

  0x000001c108d3595c: ;   {oop([I{0x000000068158fea8})}
  0x000001c108d3595c: 49bb a8fe | 5881 0600 | 0000 478b | 5493 1041 | 83e2 1f41 | bb00 7000 | 00c4 422a | f7d3 41f6 
  0x000001c108d3597c: c201 752f | 4c8b 5424 | 1049 8b52 | 184c 8b44 

  0x000001c108d3598c: ;   {static_call}
  0x000001c108d3598c: 2420 90e8 

  0x000001c108d35990: ; ImmutableOopMap {}
                      ;*invokestatic EditorAssist_createParseInfoIter {reexecute=0 rethrow=0 return_oop=0}
                      ; - ui.h.a.c::agN@14 (line 228)
  0x000001c108d35990: cca7 4600 

  0x000001c108d35994: ;   {other}
  0x000001c108d35994: 0f1f 8400 | 0403 0000 | 4883 c440 

  0x000001c108d359a0: ;   {poll_return}
  0x000001c108d359a0: 5d49 3ba7 | 5004 0000 | 0f87 2303 | 0000 c34c | 8b54 2420 | 458b 5a14 | 8b4c 2418 | ffc1 4d8b 
  0x000001c108d359c0: 8758 0400 

  0x000001c108d359c4: ; ImmutableOopMap {r10=Oop r11=NarrowOop [16]=Oop [32]=Oop }
                      ;*goto {reexecute=1 rethrow=0 return_oop=0}
                      ; - (reexecute) ui.utils.ar::ako@26 (line 3052)
                      ; - ui.utils.ar::kT@12 (line 2973)
                      ; - ui.h.a.c::agN@1 (line 224)
                      ;   {poll}
  0x000001c108d359c4: 0041 8500 

  0x000001c108d359c8: ; implicit exception: dispatches to 0x000001c108d35c7c
  0x000001c108d359c8: 478b 54dc | 0c4c 8b44 | 2420 450f | be48 10c4 | c232 f7ea | 3bcd 0f8d | 9801 0000 | 894c 2418 
  0x000001c108d359e8: e908 ffff | ff49 8bd3 | 48c1 e203 | 448b 4424 | 1848 8b6c | 2410 48ff | 7424 2048 

  0x000001c108d35a04: ;   {static_call}
  0x000001c108d35a04: 8f04 24e8 

  0x000001c108d35a08: ; ImmutableOopMap {rbp=Oop [0]=Oop [16]=Oop [32]=Oop }
                      ;*invokestatic charAt {reexecute=0 rethrow=0 return_oop=0}
                      ; - java.lang.String::charAt@21 (line 1557)
                      ; - ui.utils.ar::ako@12 (line 3053)
                      ; - ui.utils.ar::kT@12 (line 2973)
                      ; - ui.h.a.c::agN@1 (line 224)
  0x000001c108d35a08: 749e 84fe 

  0x000001c108d35a0c: ;   {other}
  0x000001c108d35a0c: 0f1f 8400 | 7c03 0002 | 448b d841 | c1eb 0844 | 8bd0 e908 

  0x000001c108d35a20: ;   {metadata('java/lang/CharacterData00')}
  0x000001c108d35a20: ffff ff41 | 81fb c0ea | 1a00 0f85 | e001 0000 | 458b da41 | d1eb 458b | ca41 c1f9 | 0541 83e3 
  0x000001c108d35a40: ;   {oop([C{0x00000006831db848})}
  0x000001c108d35a40: 0f49 b848 | b81d 8306 | 0000 0043 | 0fb7 6c48 | 1041 0beb | 81fd a017 | 0000 0f83 | 3c01 0000 
  0x000001c108d35a60: 4183 e201 

  0x000001c108d35a64: ;   {oop([C{0x00000006831d88f8})}
  0x000001c108d35a64: 49bb f888 | 1d83 0600 | 0000 410f | b76c 6b10 | 410b ea81 | fd20 0400 | 000f 8355 

  0x000001c108d35a80: ;   {oop([I{0x00000006831d7868})}
  0x000001c108d35a80: 0100 0049 | ba68 781d | 8306 0000 | 0045 8b54 | aa10 4183 | e21f e9d4 

  0x000001c108d35a98: ;   {oop(a 'java/lang/CharacterData00'{0x00000006831de700})}
  0x000001c108d35a98: feff ff48 | bd00 e71d | 8306 0000 | 00e9 94fe | ffff bae4 | ffff ff8b | 6c24 184c | 8b5c 2410 
  0x000001c108d35ab8: 4c89 1c24 | 48ff 7424 | 2048 8f44 | 2408 4489 

  0x000001c108d35ac8: ;   {runtime_call UncommonTrapBlob}
  0x000001c108d35ac8: 5424 18e8 

  0x000001c108d35acc: ; ImmutableOopMap {[0]=Oop [8]=Oop }
                      ;*iaload {reexecute=0 rethrow=0 return_oop=0}
                      ; - java.lang.CharacterDataLatin1::getProperties@7 (line 74)
                      ; - java.lang.CharacterDataLatin1::getType@2 (line 110)
                      ; - java.lang.Character::getType@5 (line 11557)
                      ; - java.lang.Character::isSpaceChar@4 (line 11355)
                      ; - java.lang.Character::isSpaceChar@1 (line 11330)
                      ; - ui.utils.ar::t@1 (line 3047)
                      ; - ui.utils.ar::ako@15 (line 3053)
                      ; - ui.utils.ar::kT@12 (line 2973)
                      ; - ui.h.a.c::agN@1 (line 224)
  0x000001c108d35acc: 3022 85fe 

  0x000001c108d35ad0: ;   {other}
  0x000001c108d35ad0: 0f1f 8400 | 4004 0003 | bae4 ffff | ff44 891c | 2448 8944 | 24f8 8b44 | 2418 8944 | 2404 488b 
  0x000001c108d35af0: 4424 f848 | 8944 24f8 | 8b44 2418 | 8944 2408 | 488b 4424 | f844 8954 

  0x000001c108d35b08: ;   {runtime_call UncommonTrapBlob}
  0x000001c108d35b08: 240c 90e8 

  0x000001c108d35b0c: ; ImmutableOopMap {[0]=NarrowOop [16]=Oop [32]=Oop }
                      ;*invokestatic checkIndex {reexecute=0 rethrow=0 return_oop=0}
                      ; - java.lang.String::checkIndex@5 (line 4828)
                      ; - java.lang.StringLatin1::charAt@3 (line 46)
                      ; - java.lang.String::charAt@12 (line 1555)
                      ; - ui.utils.ar::ako@12 (line 3053)
                      ; - ui.utils.ar::kT@12 (line 2973)
                      ; - ui.h.a.c::agN@1 (line 224)
  0x000001c108d35b0c: f021 85fe 

  0x000001c108d35b10: ;   {other}
  0x000001c108d35b10: 0f1f 8400 | 8004 0004 | bae4 ffff | ff48 8944 | 24f8 8b44 | 2418 8904 | 2448 8b44 | 24f8 4489 
  0x000001c108d35b30: 5c24 044c | 8b54 2410 | 4c89 5424 | 0848 ff74 | 2420 488f 

  0x000001c108d35b44: ;   {runtime_call UncommonTrapBlob}
  0x000001c108d35b44: 4424 10e8 

  0x000001c108d35b48: ; ImmutableOopMap {[4]=NarrowOop [8]=Oop [16]=Oop }
                      ;*baload {reexecute=0 rethrow=0 return_oop=0}
                      ; - java.lang.StringLatin1::charAt@8 (line 47)
                      ; - java.lang.String::charAt@12 (line 1555)
                      ; - ui.utils.ar::ako@12 (line 3053)
                      ; - ui.utils.ar::kT@12 (line 2973)
                      ; - ui.h.a.c::agN@1 (line 224)
  0x000001c108d35b48: b421 85fe 

  0x000001c108d35b4c: ;   {other}
  0x000001c108d35b4c: 0f1f 8400 | bc04 0005 | ba45 ffff 

  0x000001c108d35b58: ;   {runtime_call UncommonTrapBlob}
  0x000001c108d35b58: ff66 90e8 

  0x000001c108d35b5c: ; ImmutableOopMap {}
                      ;*ifne {reexecute=1 rethrow=0 return_oop=0}
                      ; - (reexecute) ui.h.a.c::agN@4 (line 224)
  0x000001c108d35b5c: a021 85fe 

  0x000001c108d35b60: ;   {other}
  0x000001c108d35b60: 0f1f 8400 | d004 0006 | ba45 ffff 

  0x000001c108d35b6c: ;   {runtime_call UncommonTrapBlob}
  0x000001c108d35b6c: ff66 90e8 

  0x000001c108d35b70: ; ImmutableOopMap {[16]=Oop [32]=Oop }
                      ;*if_icmpge {reexecute=1 rethrow=0 return_oop=0}
                      ; - (reexecute) ui.utils.ar::ako@7 (line 3052)
                      ; - ui.utils.ar::kT@12 (line 2973)
                      ; - ui.h.a.c::agN@1 (line 224)
  0x000001c108d35b70: 8c21 85fe 

  0x000001c108d35b74: ;   {other}
  0x000001c108d35b74: 0f1f 8400 | e404 0007 | ba45 ffff | ff89 0c24 | 4c8b 5424 | 104c 8954 

  0x000001c108d35b8c: ;   {runtime_call UncommonTrapBlob}
  0x000001c108d35b8c: 2408 90e8 

  0x000001c108d35b90: ; ImmutableOopMap {[8]=Oop [32]=Oop }
                      ;*if_icmpge {reexecute=1 rethrow=0 return_oop=0}
                      ; - (reexecute) ui.utils.ar::ako@7 (line 3052)
                      ; - ui.utils.ar::kT@12 (line 2973)
                      ; - ui.h.a.c::agN@1 (line 224)
  0x000001c108d35b90: 6c21 85fe 

  0x000001c108d35b94: ;   {other}
  0x000001c108d35b94: 0f1f 8400 | 0405 0008 | bae4 ffff | ff48 8944 | 24f8 8b44 | 2418 8904 | 2448 8b44 | 24f8 4c8b 
  0x000001c108d35bb4: 5c24 104c | 895c 2408 | 48ff 7424 | 2048 8f44 | 2410 4489 

  0x000001c108d35bc8: ;   {runtime_call UncommonTrapBlob}
  0x000001c108d35bc8: 5424 04e8 

  0x000001c108d35bcc: ; ImmutableOopMap {[8]=Oop [16]=Oop }
                      ;*caload {reexecute=0 rethrow=0 return_oop=0}
                      ; - java.lang.CharacterData00::getProperties@23 (line 73)
                      ; - java.lang.CharacterData00::getType@2 (line 84)
                      ; - java.lang.Character::getType@5 (line 11557)
                      ; - java.lang.Character::isSpaceChar@4 (line 11355)
                      ; - java.lang.Character::isSpaceChar@1 (line 11330)
                      ; - ui.utils.ar::t@1 (line 3047)
                      ; - ui.utils.ar::ako@15 (line 3053)
                      ; - ui.utils.ar::kT@12 (line 2973)
                      ; - ui.h.a.c::agN@1 (line 224)
  0x000001c108d35bcc: 3021 85fe 

  0x000001c108d35bd0: ;   {other}
  0x000001c108d35bd0: 0f1f 8400 | 4005 0009 | bae4 ffff | ff48 8944 | 24f8 8b44 | 2418 8904 | 2448 8b44 | 24f8 4c8b 
  0x000001c108d35bf0: 5424 104c | 8954 2408 | 48ff 7424 | 2048 8f44 

  0x000001c108d35c00: ;   {runtime_call UncommonTrapBlob}
  0x000001c108d35c00: 2410 90e8 

  0x000001c108d35c04: ; ImmutableOopMap {[8]=Oop [16]=Oop }
                      ;*iaload {reexecute=0 rethrow=0 return_oop=0}
                      ; - java.lang.CharacterData00::getProperties@28 (line 73)
                      ; - java.lang.CharacterData00::getType@2 (line 84)
                      ; - java.lang.Character::getType@5 (line 11557)
                      ; - java.lang.Character::isSpaceChar@4 (line 11355)
                      ; - java.lang.Character::isSpaceChar@1 (line 11330)
                      ; - ui.utils.ar::t@1 (line 3047)
                      ; - ui.utils.ar::ako@15 (line 3053)
                      ; - ui.utils.ar::kT@12 (line 2973)
                      ; - ui.h.a.c::agN@1 (line 224)
  0x000001c108d35c04: f820 85fe 

  0x000001c108d35c08: ;   {other}
  0x000001c108d35c08: 0f1f 8400 | 7805 000a | bac6 ffff | ff48 8944 | 24f8 8b44 | 2418 8904 | 2448 8b44 | 24f8 4c8b 
  0x000001c108d35c28: 5c24 104c | 895c 2408 | 48ff 7424 | 2048 8f44 | 2410 4489 

  0x000001c108d35c3c: ;   {runtime_call UncommonTrapBlob}
  0x000001c108d35c3c: 5424 04e8 

  0x000001c108d35c40: ; ImmutableOopMap {rbp=Oop [8]=Oop [16]=Oop }
                      ;*invokevirtual getType {reexecute=0 rethrow=0 return_oop=0}
                      ; - java.lang.Character::getType@5 (line 11557)
                      ; - java.lang.Character::isSpaceChar@4 (line 11355)
                      ; - java.lang.Character::isSpaceChar@1 (line 11330)
                      ; - ui.utils.ar::t@1 (line 3047)
                      ; - ui.utils.ar::ako@15 (line 3053)
                      ; - ui.utils.ar::kT@12 (line 2973)
                      ; - ui.h.a.c::agN@1 (line 224)
  0x000001c108d35c40: bc20 85fe 

  0x000001c108d35c44: ;   {other}
  0x000001c108d35c44: 0f1f 8400 | b405 000b | baf6 ffff | ff48 8b6c 

  0x000001c108d35c54: ;   {runtime_call UncommonTrapBlob}
  0x000001c108d35c54: 2410 90e8 

  0x000001c108d35c58: ; ImmutableOopMap {rbp=Oop [32]=Oop }
                      ;*arraylength {reexecute=0 rethrow=0 return_oop=0}
                      ; - java.lang.StringLatin1::charAt@2 (line 46)
                      ; - java.lang.String::charAt@12 (line 1555)
                      ; - ui.utils.ar::ako@12 (line 3053)
                      ; - ui.utils.ar::kT@12 (line 2973)
                      ; - ui.h.a.c::agN@1 (line 224)
  0x000001c108d35c58: a420 85fe 

  0x000001c108d35c5c: ;   {other}
  0x000001c108d35c5c: 0f1f 8400 | cc05 000c | baf6 ffff | ff48 8b6c 

  0x000001c108d35c6c: ;   {runtime_call UncommonTrapBlob}
  0x000001c108d35c6c: 2410 90e8 

  0x000001c108d35c70: ; ImmutableOopMap {rbp=Oop [32]=Oop }
                      ;*arraylength {reexecute=0 rethrow=0 return_oop=0}
                      ; - java.lang.String::isEmpty@4 (line 1532)
                      ; - ui.utils.ar::kT@5 (line 2973)
                      ; - ui.h.a.c::agN@1 (line 224)
  0x000001c108d35c70: 8c20 85fe 

  0x000001c108d35c74: ;   {other}
  0x000001c108d35c74: 0f1f 8400 | e405 000d | baf6 ffff | ff48 8b6c 

  0x000001c108d35c84: ;   {runtime_call UncommonTrapBlob}
  0x000001c108d35c84: 2410 90e8 

  0x000001c108d35c88: ; ImmutableOopMap {rbp=Oop [32]=Oop }
                      ;*arraylength {reexecute=0 rethrow=0 return_oop=0}
                      ; - java.lang.String::length@4 (line 1519)
                      ; - ui.utils.ar::ako@4 (line 3052)
                      ; - ui.utils.ar::kT@12 (line 2973)
                      ; - ui.h.a.c::agN@1 (line 224)
  0x000001c108d35c88: 7420 85fe 

  0x000001c108d35c8c: ;   {other}
  0x000001c108d35c8c: 0f1f 8400 | fc05 000e | 488b d0eb | 2e44 8b50 

  0x000001c108d35c9c: ;   {metadata('java/lang/Exception')}
  0x000001c108d35c9c: 0849 bbb8 | c000 18c1 | 0100 0049 | b800 0000 | 18c1 0100 | 004d 03c2 | 4d8b 5040 | 4d3b d375 
  0x000001c108d35cbc: 0733 c0e9 | d8fc ffff | 488b d048 | 83c4 405d 

  0x000001c108d35ccc: ;   {runtime_call _rethrow_Java}
  0x000001c108d35ccc: e92f 3a93 

  0x000001c108d35cd0: ;   {internal_word}
  0x000001c108d35cd0: fe49 baa1 | 59d3 08c1 | 0100 004d | 8997 6804 

  0x000001c108d35ce0: ;   {runtime_call SafepointBlob}
  0x000001c108d35ce0: 0000 e999 

  0x000001c108d35ce4: ;   {runtime_call StubRoutines (final stubs)}
  0x000001c108d35ce4: 0e85 fee8 | 9400 83fe | e9c9 fbff | fff4 f4f4 | f4f4 f4f4 
[Stub Code]
  0x000001c108d35cf8: ;   {no_reloc}
  0x000001c108d35cf8: 48bb 0000 | 0000 0000 

  0x000001c108d35d00: ;   {runtime_call}
  0x000001c108d35d00: 0000 e9fb 

  0x000001c108d35d04: ;   {static_stub}
  0x000001c108d35d04: ffff ff48 | bb00 0000 | 0000 0000 

  0x000001c108d35d10: ;   {runtime_call}
  0x000001c108d35d10: 00e9 fbff 

  0x000001c108d35d14: ;   {runtime_call ExceptionBlob}
  0x000001c108d35d14: ffff e965 | ac92 fee8 | 0000 0000 | 4883 2c24 

  0x000001c108d35d24: ;   {runtime_call DeoptimizationBlob}
  0x000001c108d35d24: 05e9 f622 | 85fe f4f4 | f4f4 f4f4 
[/MachCode]


Compiled method (c1) 51483368 72328   !   3       ui.h.a.d::jIK (275 bytes)
 total in heap  [0x000001c1009a7790,0x000001c1009abc10] = 17536
 relocation     [0x000001c1009a78f0,0x000001c1009a7cb8] = 968
 main code      [0x000001c1009a7cc0,0x000001c1009aa5b0] = 10480
 stub code      [0x000001c1009aa5b0,0x000001c1009aa778] = 456
 oops           [0x000001c1009aa778,0x000001c1009aa788] = 16
 metadata       [0x000001c1009aa788,0x000001c1009aa8b8] = 304
 scopes data    [0x000001c1009aa8b8,0x000001c1009ab170] = 2232
 scopes pcs     [0x000001c1009ab170,0x000001c1009ab7a0] = 1584
 dependencies   [0x000001c1009ab7a0,0x000001c1009ab7c0] = 32
 handler table  [0x000001c1009ab7c0,0x000001c1009abb80] = 960
 nul chk table  [0x000001c1009abb80,0x000001c1009abc10] = 144

[Constant Pool (empty)]

[MachCode]
[Entry Point]
  # {method} {0x000001c15c29b698} 'jIK' '()V' in 'ui/h/a/d'
  #           [sp+0x180]  (sp of caller)
  0x000001c1009a7cc0: 448b 5208 | 49bb 0000 | 0018 c101 | 0000 4d03 | d34c 3bd0 

  0x000001c1009a7cd4: ;   {runtime_call ic_miss_stub}
  0x000001c1009a7cd4: 0f85 a66c | bd06 660f | 1f44 0000 
[Verified Entry Point]
  0x000001c1009a7ce0: 8984 2400 | 80ff ff55 | 4881 ec70 | 0100 0090 | 4181 7f20 | ed02 0000 

  0x000001c1009a7cf8: ;   {runtime_call StubRoutines (final stubs)}
  0x000001c1009a7cf8: 7405 e881 | e0bb 0648 | 8994 24f0 

  0x000001c1009a7d04: ;   {metadata(method data for {method} {0x000001c15c29b698} 'jIK' '()V' in 'ui/h/a/d')}
  0x000001c1009a7d04: 0000 0048 | be00 8082 | 93c1 0100 | 008b becc | 0000 0083 | c702 89be | cc00 0000 | 81e7 fe07 
  0x000001c1009a7d24: 0000 83ff | 000f 8499 | 2200 008b | 7210 48c1 | e603 8b76 | 2448 c1e6 | 0348 3b06 

  0x000001c1009a7d40: ;   {metadata(method data for {method} {0x000001c15c29b698} 'jIK' '()V' in 'ui/h/a/d')}
  0x000001c1009a7d40: 488b fe48 | bb00 8082 | 93c1 0100 | 008b 7f08 | 49ba 0000 | 0018 c101 | 0000 4903 | fa48 3bbb 
  0x000001c1009a7d60: 2001 0000 | 750d 4883 | 8328 0100 | 0001 e960 | 0000 0048 | 3bbb 3001 | 0000 750d | 4883 8338 
  0x000001c1009a7d80: 0100 0001 | e94a 0000 | 0048 83bb | 2001 0000 | 0075 1748 | 89bb 2001 | 0000 48c7 | 8328 0100 
  0x000001c1009a7da0: 0001 0000 | 00e9 2900 | 0000 4883 | bb30 0100 | 0000 7517 | 4889 bb30 | 0100 0048 | c783 3801 
  0x000001c1009a7dc0: 0000 0100 | 0000 e908 | 0000 0048 | 8383 1001 

  0x000001c1009a7dd0: ;   {metadata(method data for {method} {0x000001c15bb70218} 'jKU' '()Ljava/util/Set;' in 'ui/h/c/l')}
  0x000001c1009a7dd0: 0000 0148 | bf48 7882 | 93c1 0100 | 008b 9fcc | 0000 0083 | c302 899f | cc00 0000 | 81e3 feff 
  0x000001c1009a7df0: 1f00 83fb | 000f 84f8 | 2100 008b | 760c 48c1 | e603 483b | 0648 8bfe 

  0x000001c1009a7e08: ;   {metadata(method data for {method} {0x000001c15bb70218} 'jKU' '()Ljava/util/Set;' in 'ui/h/c/l')}
  0x000001c1009a7e08: 48bb 4878 | 8293 c101 | 0000 8b7f | 0849 ba00 | 0000 18c1 | 0100 0049 | 03fa 483b | bb20 0100 
  0x000001c1009a7e28: 0075 0d48 | 8383 2801 | 0000 01e9 | 6000 0000 | 483b bb30 | 0100 0075 | 0d48 8383 | 3801 0000 
  0x000001c1009a7e48: 01e9 4a00 | 0000 4883 | bb20 0100 | 0000 7517 | 4889 bb20 | 0100 0048 | c783 2801 | 0000 0100 
  0x000001c1009a7e68: 0000 e929 | 0000 0048 | 83bb 3001 | 0000 0075 | 1748 89bb | 3001 0000 | 48c7 8338 | 0100 0001 
  0x000001c1009a7e88: 0000 00e9 | 0800 0000 | 4883 8310 | 0100 0001 | 488b d666 | 9048 b8b0 | cb08 18c1 

  0x000001c1009a7ea4: ;   {virtual_call}
  0x000001c1009a7ea4: 0100 00e8 

  0x000001c1009a7ea8: ; ImmutableOopMap {[240]=Oop }
                      ;*invokeinterface keySet {reexecute=0 rethrow=0 return_oop=0}
                      ; - ui.h.c.l::jKU@4 (line 26)
                      ; - ui.h.a.d::jIK@7 (line 61)
  0x000001c1009a7ea8: f469 2107 

  0x000001c1009a7eac: ;   {other}
  0x000001c1009a7eac: 0f1f 8400 | 1c07 0000 

  0x000001c1009a7eb4: ; implicit exception: dispatches to 0x000001c1009aa019
  0x000001c1009a7eb4: 483b 0048 

  0x000001c1009a7eb8: ;   {metadata(method data for {method} {0x000001c15c29b698} 'jIK' '()V' in 'ui/h/a/d')}
  0x000001c1009a7eb8: 8bd0 48be | 0080 8293 | c101 0000 | 8b52 0849 | ba00 0000 | 18c1 0100 | 0049 03d2 | 483b 9658 
  0x000001c1009a7ed8: 0100 0075 | 0d48 8386 | 6001 0000 | 01e9 6000 | 0000 483b | 9668 0100 | 0075 0d48 | 8386 7001 
  0x000001c1009a7ef8: 0000 01e9 | 4a00 0000 | 4883 be58 | 0100 0000 | 7517 4889 | 9658 0100 | 0048 c786 | 6001 0000 
  0x000001c1009a7f18: 0100 0000 | e929 0000 | 0048 83be | 6801 0000 | 0075 1748 | 8996 6801 | 0000 48c7 | 8670 0100 
  0x000001c1009a7f38: 0001 0000 | 00e9 0800 | 0000 4883 | 8648 0100 | 0001 488b | d048 b8b8 | 381a 18c1 

  0x000001c1009a7f54: ;   {virtual_call}
  0x000001c1009a7f54: 0100 00e8 

  0x000001c1009a7f58: ; ImmutableOopMap {[240]=Oop }
                      ;*invokeinterface iterator {reexecute=0 rethrow=0 return_oop=0}
                      ; - ui.h.a.d::jIK@10 (line 61)
  0x000001c1009a7f58: e4b0 b908 

  0x000001c1009a7f5c: ;   {other}
  0x000001c1009a7f5c: 0f1f 8400 | cc07 0001 | 4889 8424 | f800 0000 | 0f1f 4000 

  0x000001c1009a7f70: ; implicit exception: dispatches to 0x000001c1009aa01e
  0x000001c1009a7f70: 483b 0048 

  0x000001c1009a7f74: ;   {metadata(method data for {method} {0x000001c15c29b698} 'jIK' '()V' in 'ui/h/a/d')}
  0x000001c1009a7f74: 8bf0 48bf | 0080 8293 | c101 0000 | 8b76 0849 | ba00 0000 | 18c1 0100 | 0049 03f2 | 483b b790 
  0x000001c1009a7f94: 0100 0075 | 0d48 8387 | 9801 0000 | 01e9 6000 | 0000 483b | b7a0 0100 | 0075 0d48 | 8387 a801 
  0x000001c1009a7fb4: 0000 01e9 | 4a00 0000 | 4883 bf90 | 0100 0000 | 7517 4889 | b790 0100 | 0048 c787 | 9801 0000 
  0x000001c1009a7fd4: 0100 0000 | e929 0000 | 0048 83bf | a001 0000 | 0075 1748 | 89b7 a001 | 0000 48c7 | 87a8 0100 
  0x000001c1009a7ff4: 0001 0000 | 00e9 0800 | 0000 4883 | 8780 0100 | 0001 488b | d00f 1f40 | 0048 b870 | 7b1a 18c1 
  0x000001c1009a8014: ;   {virtual_call}
  0x000001c1009a8014: 0100 00e8 

  0x000001c1009a8018: ; ImmutableOopMap {[240]=Oop [248]=Oop }
                      ;*invokeinterface hasNext {reexecute=0 rethrow=0 return_oop=0}
                      ; - ui.h.a.d::jIK@17 (line 61)
  0x000001c1009a8018: 8453 1907 

  0x000001c1009a801c: ;   {other}
  0x000001c1009a801c: 0f1f 8400 | 8c08 0002 

  0x000001c1009a8024: ;   {metadata(method data for {method} {0x000001c15c29b698} 'jIK' '()V' in 'ui/h/a/d')}
  0x000001c1009a8024: 83f8 0048 | ba00 8082 | 93c1 0100 | 0048 beb8 | 0100 0000 | 0000 000f | 840a 0000 | 0048 bec8 
  0x000001c1009a8044: 0100 0000 | 0000 0048 | 8b3c 3248 | 8d7f 0148 | 893c 320f | 8455 1f00 | 0048 8b84 | 24f8 0000 
  0x000001c1009a8064: ;   {metadata(method data for {method} {0x000001c15c29b698} 'jIK' '()V' in 'ui/h/a/d')}
  0x000001c1009a8064: 0048 be00 | 8082 93c1 | 0100 008b | 4008 49ba | 0000 0018 | c101 0000 | 4903 c248 | 3b86 e801 
  0x000001c1009a8084: 0000 750d | 4883 86f0 | 0100 0001 | e960 0000 | 0048 3b86 | f801 0000 | 750d 4883 | 8600 0200 
  0x000001c1009a80a4: 0001 e94a | 0000 0048 | 83be e801 | 0000 0075 | 1748 8986 | e801 0000 | 48c7 86f0 | 0100 0001 
  0x000001c1009a80c4: 0000 00e9 | 2900 0000 | 4883 bef8 | 0100 0000 | 7517 4889 | 86f8 0100 | 0048 c786 | 0002 0000 
  0x000001c1009a80e4: 0100 0000 | e908 0000 | 0048 8386 | d801 0000 | 0148 8b94 | 24f8 0000 | 0048 b870 | 7b1a 18c1 
  0x000001c1009a8104: ;   {virtual_call}
  0x000001c1009a8104: 0100 00e8 

  0x000001c1009a8108: ; ImmutableOopMap {[240]=Oop [248]=Oop }
                      ;*invokeinterface next {reexecute=0 rethrow=0 return_oop=0}
                      ; - ui.h.a.d::jIK@26 (line 61)
  0x000001c1009a8108: b406 1a07 

  0x000001c1009a810c: ;   {other}
  0x000001c1009a810c: 0f1f 8400 | 7c09 0003 | 4883 f800 

  0x000001c1009a8118: ;   {metadata(method data for {method} {0x000001c15c29b698} 'jIK' '()V' in 'ui/h/a/d')}
  0x000001c1009a8118: 7516 48bf | 0080 8293 | c101 0000 | 808f 0902 | 0000 01e9 | cc00 0000 

  0x000001c1009a8130: ;   {metadata('java/net/URI')}
  0x000001c1009a8130: 48bb 584b | 1418 c101 | 0000 8b50 | 0849 ba00 | 0000 18c1 | 0100 0049 | 03d2 483b | da0f 858d 
  0x000001c1009a8150: ;   {metadata(method data for {method} {0x000001c15c29b698} 'jIK' '()V' in 'ui/h/a/d')}
  0x000001c1009a8150: 0000 0048 | bf00 8082 | 93c1 0100 | 008b 5808 | 49ba 0000 | 0018 c101 | 0000 4903 | da48 3b9f 
  0x000001c1009a8170: 2002 0000 | 750d 4883 | 8728 0200 | 0001 e979 | 0000 0048 | 3b9f 3002 | 0000 750d | 4883 8738 
  0x000001c1009a8190: 0200 0001 | e963 0000 | 0048 83bf | 2002 0000 | 0075 1748 | 899f 2002 | 0000 48c7 | 8728 0200 
  0x000001c1009a81b0: 0001 0000 | 00e9 4200 | 0000 4883 | bf30 0200 | 0000 7517 | 4889 9f30 | 0200 0048 | c787 3802 
  0x000001c1009a81d0: 0000 0100 | 0000 e921 | 0000 00e9 | 1c00 0000 

  0x000001c1009a81e0: ;   {metadata(method data for {method} {0x000001c15c29b698} 'jIK' '()V' in 'ui/h/a/d')}
  0x000001c1009a81e0: 48bf 0080 | 8293 c101 | 0000 4883 | af10 0200 | 0001 e92c | 1e00 00e9 | 0000 0000 

  0x000001c1009a81fc: ;   {metadata(method data for {method} {0x000001c15c29b698} 'jIK' '()V' in 'ui/h/a/d')}
  0x000001c1009a81fc: 488b f048 | ba00 8082 | 93c1 0100 | 0048 8382 | 4802 0000 

  0x000001c1009a8210: ;   {metadata(method data for {method} {0x000001c1181fa918} 'get' '(Ljava/net/URI;)Ljava/nio/file/Path;' in 'java/nio/file/Paths')}
  0x000001c1009a8210: 0148 baf8 | 577c 93c1 | 0100 008b | bacc 0000 | 0083 c702 | 89ba cc00 | 0000 81e7 | feff 1f00 
  0x000001c1009a8230: 83ff 000f | 84f3 1d00 

  0x000001c1009a8238: ;   {metadata(method data for {method} {0x000001c1181fa918} 'get' '(Ljava/net/URI;)Ljava/nio/file/Path;' in 'java/nio/file/Paths')}
  0x000001c1009a8238: 0048 baf8 | 577c 93c1 | 0100 0048 | 8382 1001 | 0000 0148 | 8bd6 4889 | b424 0001 

  0x000001c1009a8254: ;   {static_call}
  0x000001c1009a8254: 0000 90e8 

  0x000001c1009a8258: ; ImmutableOopMap {[240]=Oop [248]=Oop [256]=Oop }
                      ;*invokestatic of {reexecute=0 rethrow=0 return_oop=0}
                      ; - java.nio.file.Paths::get@1 (line 98)
                      ; - ui.h.a.d::jIK@36 (line 62)
  0x000001c1009a8258: a4b0 2a07 

  0x000001c1009a825c: ;   {other}
  0x000001c1009a825c: 0f1f 8400 | cc0a 0004 | 4883 f800 | 0f84 2900 

  0x000001c1009a826c: ;   {metadata('sun/nio/fs/WindowsPath')}
  0x000001c1009a826c: 0000 48bf | d09a 3818 | c101 0000 | 8b70 0849 | ba00 0000 | 18c1 0100 | 0049 03f2 | 483b 7e38 
  0x000001c1009a828c: 0f85 bb1d | 0000 e900 | 0000 004c | 8bc0 483b | 004c 8bc0 

  0x000001c1009a82a0: ;   {metadata(method data for {method} {0x000001c15c29b698} 'jIK' '()V' in 'ui/h/a/d')}
  0x000001c1009a82a0: 48ba 0080 | 8293 c101 | 0000 458b | 4008 49ba | 0000 0018 | c101 0000 | 4d03 c24c | 3b82 6802 
  0x000001c1009a82c0: 0000 750d | 4883 8270 | 0200 0001 | e960 0000 | 004c 3b82 | 7802 0000 | 750d 4883 | 8280 0200 
  0x000001c1009a82e0: 0001 e94a | 0000 0048 | 83ba 6802 | 0000 0075 | 174c 8982 | 6802 0000 | 48c7 8270 | 0200 0001 
  0x000001c1009a8300: 0000 00e9 | 2900 0000 | 4883 ba78 | 0200 0000 | 7517 4c89 | 8278 0200 | 0048 c782 | 8002 0000 
  0x000001c1009a8320: 0100 0000 | e908 0000 | 0048 8382 | 5802 0000 | 018b 701c | 48c1 e603 | 488b 9424 | f000 0000 
  0x000001c1009a8340: ;   {metadata(method data for {method} {0x000001c15c29b698} 'jIK' '()V' in 'ui/h/a/d')}
  0x000001c1009a8340: 49b8 0080 | 8293 c101 | 0000 8b52 | 0849 ba00 | 0000 18c1 | 0100 0049 | 03d2 493b | 90a0 0200 
  0x000001c1009a8360: 0075 0d49 | 8380 a802 | 0000 01e9 | 6000 0000 | 493b 90b0 | 0200 0075 | 0d49 8380 | b802 0000 
  0x000001c1009a8380: 01e9 4a00 | 0000 4983 | b8a0 0200 | 0000 7517 | 4989 90a0 | 0200 0049 | c780 a802 | 0000 0100 
  0x000001c1009a83a0: 0000 e929 | 0000 0049 | 83b8 b002 | 0000 0075 | 1749 8990 | b002 0000 | 49c7 80b8 | 0200 0001 
  0x000001c1009a83c0: 0000 00e9 | 0800 0000 | 4983 8090 | 0200 0001 

  0x000001c1009a83d0: ;   {metadata(method data for {method} {0x000001c15bb702c0} 'v' '(Ljava/net/URI;)Ljava/util/List;' in 'ui/h/c/l')}
  0x000001c1009a83d0: 49b8 b0fd | 6293 c101 | 0000 418b | 90cc 0000 | 0083 c202 | 4189 90cc | 0000 0081 | e2fe ff1f 
  0x000001c1009a83f0: 0083 fa00 | 0f84 5d1c | 0000 488b | 9424 f000 | 0000 8b7a | 0c48 c1e7 | 0348 3b07 

  0x000001c1009a840c: ;   {metadata(method data for {method} {0x000001c15bb702c0} 'v' '(Ljava/net/URI;)Ljava/util/List;' in 'ui/h/c/l')}
  0x000001c1009a840c: 4c8b c748 | bbb0 fd62 | 93c1 0100 | 0045 8b40 | 0849 ba00 | 0000 18c1 | 0100 004d | 03c2 4c3b 
  0x000001c1009a842c: 8320 0100 | 0075 0d48 | 8383 2801 | 0000 01e9 | 6000 0000 | 4c3b 8330 | 0100 0075 | 0d48 8383 
  0x000001c1009a844c: 3801 0000 | 01e9 4a00 | 0000 4883 | bb20 0100 | 0000 7517 | 4c89 8320 | 0100 0048 | c783 2801 
  0x000001c1009a846c: 0000 0100 | 0000 e929 | 0000 0048 | 83bb 3001 | 0000 0075 | 174c 8983 | 3001 0000 | 48c7 8338 
  0x000001c1009a848c: 0100 0001 | 0000 00e9 | 0800 0000 | 4883 8310 | 0100 0001 | 4c8b 8424 | 0001 0000 | 488b d748 
  0x000001c1009a84ac: 89b4 2408 | 0100 0066 | 9048 b8b0 | cb08 18c1 

  0x000001c1009a84bc: ;   {virtual_call}
  0x000001c1009a84bc: 0100 00e8 

  0x000001c1009a84c0: ; ImmutableOopMap {[240]=Oop [248]=Oop [264]=Oop }
                      ;*invokeinterface get {reexecute=0 rethrow=0 return_oop=0}
                      ; - ui.h.c.l::v@5 (line 30)
                      ; - ui.h.a.d::jIK@47 (line 63)
  0x000001c1009a84c0: fc07 e207 

  0x000001c1009a84c4: ;   {other}
  0x000001c1009a84c4: 0f1f 8400 | 340d 0005 | 4883 f800 

  0x000001c1009a84d0: ;   {metadata(method data for {method} {0x000001c15bb702c0} 'v' '(Ljava/net/URI;)Ljava/util/List;' in 'ui/h/c/l')}
  0x000001c1009a84d0: 7516 48ba | b0fd 6293 | c101 0000 | 808a 4101 | 0000 01e9 | e800 0000 

  0x000001c1009a84e8: ;   {metadata('java/util/List')}
  0x000001c1009a84e8: 48bf d08c | 0518 c101 | 0000 8b50 | 0849 ba00 | 0000 18c1 | 0100 0049 | 03d2 483b | 7a20 0f84 
  0x000001c1009a8508: 1b00 0000 | 483b d70f | 8412 0000 

  0x000001c1009a8514: ;   {runtime_call slow_subtype_check Runtime1 stub}
  0x000001c1009a8514: 0052 57e8 | 6431 cb06 | 5a5a 83fa | 000f 848d 

  0x000001c1009a8524: ;   {metadata(method data for {method} {0x000001c15bb702c0} 'v' '(Ljava/net/URI;)Ljava/util/List;' in 'ui/h/c/l')}
  0x000001c1009a8524: 0000 0048 | bab0 fd62 | 93c1 0100 | 008b 7808 | 49ba 0000 | 0018 c101 | 0000 4903 | fa48 3bba 
  0x000001c1009a8544: 5801 0000 | 750d 4883 | 8260 0100 | 0001 e979 | 0000 0048 | 3bba 6801 | 0000 750d | 4883 8270 
  0x000001c1009a8564: 0100 0001 | e963 0000 | 0048 83ba | 5801 0000 | 0075 1748 | 89ba 5801 | 0000 48c7 | 8260 0100 
  0x000001c1009a8584: 0001 0000 | 00e9 4200 | 0000 4883 | ba68 0100 | 0000 7517 | 4889 ba68 | 0100 0048 | c782 7001 
  0x000001c1009a85a4: 0000 0100 | 0000 e921 | 0000 00e9 | 1c00 0000 

  0x000001c1009a85b4: ;   {metadata(method data for {method} {0x000001c15bb702c0} 'v' '(Ljava/net/URI;)Ljava/util/List;' in 'ui/h/c/l')}
  0x000001c1009a85b4: 48ba b0fd | 6293 c101 | 0000 4883 | aa48 0100 | 0001 e9b2 | 1a00 00e9 | 0000 0000 | 488b f048 
  0x000001c1009a85d4: 89b4 2410 | 0100 0048 

  0x000001c1009a85dc: ;   {metadata(method data for {method} {0x000001c15c29b698} 'jIK' '()V' in 'ui/h/a/d')}
  0x000001c1009a85dc: 83fe 0049 | b800 8082 | 93c1 0100 | 0048 bad8 | 0200 0000 | 0000 000f | 840a 0000 | 0048 bac8 
  0x000001c1009a85fc: 0200 0000 | 0000 0049 | 8b3c 1048 | 8d7f 0149 | 893c 100f | 844e 1900 | 0048 8bb4 | 2408 0100 
  0x000001c1009a861c: 0048 8b94 | 24f0 0000 | 008b 5a10 | 48c1 e303 

  0x000001c1009a862c: ; implicit exception: dispatches to 0x000001c1009aa086
  0x000001c1009a862c: 483b 034c 

  0x000001c1009a8630: ;   {metadata(method data for {method} {0x000001c15c29b698} 'jIK' '()V' in 'ui/h/a/d')}
  0x000001c1009a8630: 8bc3 48b8 | 0080 8293 | c101 0000 | 4883 8000 | 0300 0001 | 4c8b c648 | 8bd3 0f1f 

  0x000001c1009a864c: ;   {optimized virtual_call}
  0x000001c1009a864c: 4400 00e8 

  0x000001c1009a8650: ; ImmutableOopMap {[240]=Oop [248]=Oop [272]=Oop }
                      ;*invokevirtual agN {reexecute=0 rethrow=0 return_oop=0}
                      ; - ui.h.a.d::jIK@68 (line 68)
  0x000001c1009a8650: 4cd2 3808 

  0x000001c1009a8654: ;   {other}
  0x000001c1009a8654: 0f1f 8400 | c40e 0006 | 4889 8424 | 1801 0000 | be00 0000 | 0089 b424 | 2001 0000 | 488b 9424 
  0x000001c1009a8674: f000 0000 | 48bb 0000 | 0000 0000 | 0000 488b | c848 3bcb 

  0x000001c1009a8688: ;   {metadata(method data for {method} {0x000001c15c29b698} 'jIK' '()V' in 'ui/h/a/d')}
  0x000001c1009a8688: 48bb 0080 | 8293 c101 | 0000 48b9 | 3803 0000 | 0000 0000 | 0f84 0a00 | 0000 48b9 | 4803 0000 
  0x000001c1009a86a8: 0000 0000 | 4c8b 040b | 4d8d 4001 | 4c89 040b | 0f84 cf16 | 0000 8b5a | 1048 c1e3 | 0348 3b03 
  0x000001c1009a86c8: ;   {metadata(method data for {method} {0x000001c15c29b698} 'jIK' '()V' in 'ui/h/a/d')}
  0x000001c1009a86c8: 48b9 0080 | 8293 c101 | 0000 4883 | 8158 0300 

  0x000001c1009a86d8: ;   {metadata(method data for {method} {0x000001c15bb67260} 'ef' '(J)Z' in 'ui/h/a/c')}
  0x000001c1009a86d8: 0001 48bb | e07d 7793 | c101 0000 | 8b8b cc00 | 0000 83c1 | 0289 8bcc | 0000 0081 | e1fe ff1f 
  0x000001c1009a86f8: 0083 f900 | 0f84 8e19 

  0x000001c1009a8700: ;   {metadata(method data for {method} {0x000001c15bb67260} 'ef' '(J)Z' in 'ui/h/a/c')}
  0x000001c1009a8700: 0000 48bb | e07d 7793 | c101 0000 | 4883 8310 | 0100 0001 

  0x000001c1009a8714: ;   {static_call}
  0x000001c1009a8714: 488b d0e8 

  0x000001c1009a8718: ; ImmutableOopMap {[240]=Oop [248]=Oop [272]=Oop }
                      ;*invokestatic ParseInfoIter_hasNext {reexecute=0 rethrow=0 return_oop=0}
                      ; - ui.h.a.c::ef@1 (line 238)
                      ; - ui.h.a.d::jIK@86 (line 69)
  0x000001c1009a8718: 44df 4808 

  0x000001c1009a871c: ;   {other}
  0x000001c1009a871c: 0f1f 8400 | 8c0f 0007 | 83e0 0183 

  0x000001c1009a8728: ;   {metadata(method data for {method} {0x000001c15c29b698} 'jIK' '()V' in 'ui/h/a/d')}
  0x000001c1009a8728: f800 48ba | 0080 8293 | c101 0000 | 48be 9003 | 0000 0000 | 0000 0f84 | 0a00 0000 | 48be a003 
  0x000001c1009a8748: 0000 0000 | 0000 488b | 3c32 488d | 7f01 4889 | 3c32 0f84 | 2d16 0000 | 488b 9424 | f000 0000 
  0x000001c1009a8768: 8b72 1048 | c1e6 0348 

  0x000001c1009a8770: ;   {metadata(method data for {method} {0x000001c15c29b698} 'jIK' '()V' in 'ui/h/a/d')}
  0x000001c1009a8770: 3b06 48bf | 0080 8293 | c101 0000 | 4883 87b0 | 0300 0001 

  0x000001c1009a8784: ;   {metadata(method data for {method} {0x000001c15bb67300} 'eg' '(J)J' in 'ui/h/a/c')}
  0x000001c1009a8784: 48be 20db | 7a93 c101 | 0000 8bbe | cc00 0000 | 83c7 0289 | becc 0000 | 0081 e7fe | ff1f 0083 
  0x000001c1009a87a4: ff00 0f84 | 0a19 0000 

  0x000001c1009a87ac: ;   {metadata(method data for {method} {0x000001c15bb67300} 'eg' '(J)J' in 'ui/h/a/c')}
  0x000001c1009a87ac: 48be 20db | 7a93 c101 | 0000 4883 | 8610 0100 | 0001 488b | 9424 1801 

  0x000001c1009a87c4: ;   {static_call}
  0x000001c1009a87c4: 0000 90e8 

  0x000001c1009a87c8: ; ImmutableOopMap {[240]=Oop [248]=Oop [272]=Oop }
                      ;*invokestatic ParseInfoIter_next {reexecute=0 rethrow=0 return_oop=0}
                      ; - ui.h.a.c::eg@1 (line 242)
                      ; - ui.h.a.d::jIK@98 (line 70)
  0x000001c1009a87c8: 147e 5e08 

  0x000001c1009a87cc: ;   {other}
  0x000001c1009a87cc: 0f1f 8400 | 3c10 0008 | 488b d848 | ba00 0000 | 0000 0000 | 0048 8bf3 | 483b f2be | ffff ffff 
  0x000001c1009a87ec: 7c08 400f | 95c6 400f | b6f6 488b | f348 3bf2 

  0x000001c1009a87fc: ;   {metadata(method data for {method} {0x000001c15c29b698} 'jIK' '()V' in 'ui/h/a/d')}
  0x000001c1009a87fc: 48ba 0080 | 8293 c101 | 0000 48be | f803 0000 | 0000 0000 | 0f85 0a00 | 0000 48be | e803 0000 
  0x000001c1009a881c: 0000 0000 | 488b 3c32 | 488d 7f01 | 4889 3c32 | 0f85 0c00 | 0000 8bb4 | 2420 0100 | 00e9 9614 
  0x000001c1009a883c: ;   {metadata('ui/h/a/h')}
  0x000001c1009a883c: 0000 48ba | c07b b419 | c101 0000 | 498b 87b8 | 0100 0048 | 8d78 1849 | 3bbf c801 | 0000 0f87 
  0x000001c1009a885c: 7718 0000 | 4989 bfb8 | 0100 0048 | c700 0100 | 0000 488b | ca49 ba00 | 0000 18c1 | 0100 0049 
  0x000001c1009a887c: 2bca 8948 | 0848 33c9 | 8948 0c48 | 33c9 4889 | 4810 4889 | 8424 2801 | 0000 488b 

  0x000001c1009a8898: ;   {metadata(method data for {method} {0x000001c15c29b698} 'jIK' '()V' in 'ui/h/a/d')}
  0x000001c1009a8898: f048 bf00 | 8082 93c1 | 0100 0048 | 8387 0804 

  0x000001c1009a88a8: ;   {metadata(method data for {method} {0x000001c1934c36b8} '<init>' '(J)V' in 'ui/h/a/h')}
  0x000001c1009a88a8: 0000 0148 | be90 dc7a | 93c1 0100 | 008b becc | 0000 0083 | c702 89be | cc00 0000 | 81e7 feff 
  0x000001c1009a88c8: 1f00 83ff | 000f 8411 | 1800 0048 

  0x000001c1009a88d4: ;   {metadata(method data for {method} {0x000001c1934c36b8} '<init>' '(J)V' in 'ui/h/a/h')}
  0x000001c1009a88d4: 8bf0 48bf | 90dc 7a93 | c101 0000 | 4883 8710 | 0100 0001 

  0x000001c1009a88e8: ;   {metadata(method data for {method} {0x000001c1594412f8} '<init>' '(J)V' in 'ui/data/common/H')}
  0x000001c1009a88e8: 48be f0ba | 4b5b c101 | 0000 8bbe | cc00 0000 | 83c7 0289 | becc 0000 | 0081 e7fe | ff1f 0083 
  0x000001c1009a8908: ff00 0f84 | f517 0000 

  0x000001c1009a8910: ;   {metadata(method data for {method} {0x000001c1594412f8} '<init>' '(J)V' in 'ui/data/common/H')}
  0x000001c1009a8910: 488b f048 | bff0 ba4b | 5bc1 0100 | 0048 8387 | 1001 0000 

  0x000001c1009a8924: ;   {metadata(method data for {method} {0x000001c118479fd0} '<init>' '()V' in 'java/lang/Object')}
  0x000001c1009a8924: 0148 be50 | 7500 59c1 | 0100 008b | becc 0000 | 0083 c702 | 89be cc00 | 0000 81e7 | feff 1f00 
  0x000001c1009a8944: 83ff 000f | 84d9 1700 | 0048 8958 | 1048 be00 | 0000 0000 | 0000 0048 

  0x000001c1009a895c: ;   {metadata(method data for {method} {0x000001c1594412f8} '<init>' '(J)V' in 'ui/data/common/H')}
  0x000001c1009a895c: 3bde 48be | f0ba 4b5b | c101 0000 | 48bf 2001 | 0000 0000 | 0000 0f85 | 0a00 0000 | 48bf 3001 
  0x000001c1009a897c: 0000 0000 | 0000 488b | 1c3e 488d | 5b01 4889 | 1c3e 0f85 | 3405 0000 

  0x000001c1009a8994: ;   {metadata(method data for {method} {0x000001c1594412f8} '<init>' '(J)V' in 'ui/data/common/H')}
  0x000001c1009a8994: 48be f0ba | 4b5b c101 | 0000 4883 | 8640 0100 

  0x000001c1009a89a4: ;   {metadata(method data for {method} {0x000001c1594977a8} 'bC' '(Ljava/lang/String;Z)V' in 'ui/utils/x')}
  0x000001c1009a89a4: 0001 48be | 1846 ad5b | c101 0000 | 8bbe cc00 | 0000 83c7 | 0289 becc | 0000 0081 | e7fe ff1f 
  0x000001c1009a89c4: 0083 ff00 | 0f84 7917 

  0x000001c1009a89cc: ;   {metadata(method data for {method} {0x000001c1594977a8} 'bC' '(Ljava/lang/String;Z)V' in 'ui/utils/x')}
  0x000001c1009a89cc: 0000 48be | 1846 ad5b | c101 0000 | ff86 2001 

  0x000001c1009a89dc: ;   {metadata(method data for {method} {0x000001c1594977a8} 'bC' '(Ljava/lang/String;Z)V' in 'ui/utils/x')}
  0x000001c1009a89dc: 0000 48be | 1846 ad5b | c101 0000 | 4883 8630 | 0100 0001 | 0f1f 8000 

  0x000001c1009a89f4: ;   {static_call}
  0x000001c1009a89f4: 0000 00e8 

  0x000001c1009a89f8: ; ImmutableOopMap {[240]=Oop [248]=Oop [272]=Oop [296]=Oop }
                      ;*invokestatic jOC {reexecute=0 rethrow=0 return_oop=0}
                      ; - ui.utils.x::bC@4 (line 2896)
                      ; - ui.data.common.H::<init>@21 (line 35)
                      ; - ui.h.a.h::<init>@2 (line 13)
                      ; - ui.h.a.d::jIK@116 (line 72)
  0x000001c1009a89f8: 846e bd06 

  0x000001c1009a89fc: ;   {other}
  0x000001c1009a89fc: 0f1f 8400 | 6c12 0009 

  0x000001c1009a8a04: ;   {metadata(method data for {method} {0x000001c1594977a8} 'bC' '(Ljava/lang/String;Z)V' in 'ui/utils/x')}
  0x000001c1009a8a04: 83f8 0048 | ba18 46ad | 5bc1 0100 | 0048 be40 | 0100 0000 | 0000 000f | 840a 0000 | 0048 be50 
  0x000001c1009a8a24: 0100 0000 | 0000 0048 | 8b3c 3248 | 8d7f 0148 | 893c 320f | 84be 0100 

  0x000001c1009a8a3c: ;   {metadata(method data for {method} {0x000001c1594977a8} 'bC' '(Ljava/lang/String;Z)V' in 'ui/utils/x')}
  0x000001c1009a8a3c: 0048 ba18 | 46ad 5bc1 | 0100 0048 | 8382 6001 

  0x000001c1009a8a4c: ;   {metadata(method data for {method} {0x000001c15a045f88} 'aib' '(Ljava/lang/String;)V' in 'ui/utils/e/c')}
  0x000001c1009a8a4c: 0000 0148 | ba00 59ad | 5bc1 0100 | 008b b2cc | 0000 0083 | c602 89b2 | cc00 0000 | 81e6 feff 
  0x000001c1009a8a6c: 1f00 83fe | 000f 84f1 | 1600 0090 

  0x000001c1009a8a78: ;   {no_reloc}
  0x000001c1009a8a78: e91b 1700 | 0000 0000 | 0000 498b | 87b8 0100 | 0048 8d78 | 2849 3bbf | c801 0000 | 0f87 0817 
  0x000001c1009a8a98: 0000 4989 | bfb8 0100 | 0048 c700 | 0100 0000 | 488b ca49 | ba00 0000 | 18c1 0100 | 0049 2bca 
  0x000001c1009a8ab8: 8948 0848 | 33c9 8948 | 0c48 33c9 | 4889 4810 | 4889 4818 | 4889 4820 

  0x000001c1009a8ad0: ;   {metadata(method data for {method} {0x000001c15a045f88} 'aib' '(Ljava/lang/String;)V' in 'ui/utils/e/c')}
  0x000001c1009a8ad0: 4c8b c048 | ba00 59ad | 5bc1 0100 | 0048 8382 | 1001 0000 

  0x000001c1009a8ae4: ;   {oop("Error: Wrapper with null DB pointer"{0x000000068219cdb8})}
  0x000001c1009a8ae4: 0149 b8b8 | cd19 8206 | 0000 0048 | 8bd0 4889 | 8424 3001 | 0000 0f1f 

  0x000001c1009a8afc: ;   {optimized virtual_call}
  0x000001c1009a8afc: 4400 00e8 

  0x000001c1009a8b00: ; ImmutableOopMap {[240]=Oop [248]=Oop [272]=Oop [296]=Oop [304]=Oop }
                      ;*invokespecial <init> {reexecute=0 rethrow=0 return_oop=0}
                      ; - ui.utils.e.c::aib@5 (line 843)
                      ; - ui.utils.x::bC@11 (line 2897)
                      ; - ui.data.common.H::<init>@21 (line 35)
                      ; - ui.h.a.h::<init>@2 (line 13)
                      ; - ui.h.a.d::jIK@116 (line 72)
  0x000001c1009a8b00: 7c63 bd06 

  0x000001c1009a8b04: ;   {other}
  0x000001c1009a8b04: 0f1f 8400 | 7413 000a 

  0x000001c1009a8b0c: ;   {metadata(method data for {method} {0x000001c15a045f88} 'aib' '(Ljava/lang/String;)V' in 'ui/utils/e/c')}
  0x000001c1009a8b0c: 48b8 0059 | ad5b c101 | 0000 4883 | 8020 0100 

  0x000001c1009a8b1c: ;   {oop(a 'java/lang/Class'{0x0000000680acc4a8} = 'ui/utils/e/c')}
  0x000001c1009a8b1c: 0001 48ba | a8c4 ac80 | 0600 0000 | 4c8d 8424 | 5001 0000 | 4989 5008 

  0x000001c1009a8b34: ; implicit exception: dispatches to 0x000001c1009aa1af
  0x000001c1009a8b34: 488b 0248 | 83c8 0149 | 8900 f04c | 0fb1 020f | 8412 0000 | 0048 2bc4 | 4825 07f0 | ffff 4989 
  0x000001c1009a8b54: 000f 8559 | 1600 0049 | ff87 5005 

  0x000001c1009a8b60: ;   {metadata(method data for {method} {0x000001c15a043940} 'debug' '(Ljava/lang/Exception;)V' in 'ui/utils/e/c')}
  0x000001c1009a8b60: 0000 48ba | 705a ad5b | c101 0000 | 448b 82cc | 0000 0041 | 83c0 0244 | 8982 cc00 | 0000 4181 
  0x000001c1009a8b80: e0fe ff1f | 0041 83f8 | 000f 8438 

  0x000001c1009a8b8c: ;   {metadata(method data for {method} {0x000001c15a043940} 'debug' '(Ljava/lang/Exception;)V' in 'ui/utils/e/c')}
  0x000001c1009a8b8c: 1600 0048 | ba70 5aad | 5bc1 0100 | 0048 8382 | 1001 0000 | 0148 8b94 | 2430 0100 | 0041 b801 
  0x000001c1009a8bac: ;   {static_call}
  0x000001c1009a8bac: 0000 00e8 

  0x000001c1009a8bb0: ; ImmutableOopMap {[240]=Oop [248]=Oop [272]=Oop [296]=Oop [344]=Oop }
                      ;*invokestatic c {reexecute=0 rethrow=0 return_oop=0}
                      ; - ui.utils.e.c::debug@2 (line 232)
                      ; - ui.utils.e.c::aib@10 (line 844)
                      ; - ui.utils.x::bC@11 (line 2897)
                      ; - ui.data.common.H::<init>@21 (line 35)
                      ; - ui.h.a.h::<init>@2 (line 13)
                      ; - ui.h.a.d::jIK@116 (line 72)
  0x000001c1009a8bb0: cc6c bd06 

  0x000001c1009a8bb4: ;   {other}
  0x000001c1009a8bb4: 0f1f 8400 | 2414 000b | 488d 8424 | 5001 0000 | 488b 1048 | 85d2 0f84 | 0f00 0000 | 4c8b 4008 
  0x000001c1009a8bd4: f049 0fb1 | 100f 8509 | 1600 0049 | ff8f 5005 

  0x000001c1009a8be4: ;   {metadata(method data for {method} {0x000001c1594977a8} 'bC' '(Ljava/lang/String;Z)V' in 'ui/utils/x')}
  0x000001c1009a8be4: 0000 48ba | 1846 ad5b | c101 0000 | ff82 7001 | 0000 e9cd | 0200 000f | 1f44 0000 

  0x000001c1009a8c00: ;   {no_reloc}
  0x000001c1009a8c00: e908 1600 | 0090 9090 

  0x000001c1009a8c08: ;   {oop("Error: Wrapper with null DB pointer"{0x000000068219cdb8})}
  0x000001c1009a8c08: 9090 48ba | b8cd 1982 | 0600 0000 

  0x000001c1009a8c14: ;   {static_call}
  0x000001c1009a8c14: 6666 90e8 

  0x000001c1009a8c18: ; ImmutableOopMap {[240]=Oop [248]=Oop [272]=Oop [296]=Oop }
                      ;*invokedynamic {reexecute=0 rethrow=0 return_oop=0}
                      ; - ui.utils.x::bC@18 (line 2899)
                      ; - ui.data.common.H::<init>@21 (line 35)
                      ; - ui.h.a.h::<init>@2 (line 13)
                      ; - ui.h.a.d::jIK@116 (line 72)
  0x000001c1009a8c18: 646c bd06 

  0x000001c1009a8c1c: ;   {other}
  0x000001c1009a8c1c: 0f1f 8400 | 8c14 000c 

  0x000001c1009a8c24: ;   {metadata(method data for {method} {0x000001c1594977a8} 'bC' '(Ljava/lang/String;Z)V' in 'ui/utils/x')}
  0x000001c1009a8c24: 48ba 1846 | ad5b c101 | 0000 488d | 92a8 0100 | 004c 8bc0 | 4d85 c075 | 0448 830a 

  0x000001c1009a8c40: ;   {metadata(method data for {method} {0x000001c1594977a8} 'bC' '(Ljava/lang/String;Z)V' in 'ui/utils/x')}
  0x000001c1009a8c40: 0148 ba18 | 46ad 5bc1 | 0100 0048 | 8382 b801 

  0x000001c1009a8c50: ;   {metadata(method data for {method} {0x000001c159493140} 'log' '(Ljava/lang/String;)V' in 'ui/utils/x')}
  0x000001c1009a8c50: 0000 0148 | ba28 48ad | 5bc1 0100 | 0044 8b82 | cc00 0000 | 4183 c002 | 4489 82cc | 0000 0041 
  0x000001c1009a8c70: 81e0 feff | 1f00 4183 | f800 0f84 | 9715 0000 

  0x000001c1009a8c80: ;   {metadata(method data for {method} {0x000001c159493140} 'log' '(Ljava/lang/String;)V' in 'ui/utils/x')}
  0x000001c1009a8c80: 48ba 2848 | ad5b c101 | 0000 4883 | 8210 0100 

  0x000001c1009a8c90: ;   {metadata(method data for {method} {0x000001c159f50da8} 'acU' '(Ljava/lang/String;)Ljava/lang/StringBuilder;' in 'ui/frmwork/str/robot/m')}
  0x000001c1009a8c90: 0001 48ba | 9849 ad5b | c101 0000 | 448b 82cc | 0000 0041 | 83c0 0244 | 8982 cc00 | 0000 4181 
  0x000001c1009a8cb0: e0fe ff1f | 0041 83f8 | 000f 8479 

  0x000001c1009a8cbc: ;   {metadata(method data for {method} {0x000001c159f50da8} 'acU' '(Ljava/lang/String;)Ljava/lang/StringBuilder;' in 'ui/frmwork/str/robot/m')}
  0x000001c1009a8cbc: 1500 0048 | ba98 49ad | 5bc1 0100 | 0048 8382 | 4801 0000 

  0x000001c1009a8cd0: ;   {oop(nullptr)}
  0x000001c1009a8cd0: 0148 ba00 | 0000 0000 | 0000 004c 

  0x000001c1009a8cdc: ;   {static_call}
  0x000001c1009a8cdc: 8bc0 90e8 

  0x000001c1009a8ce0: ; ImmutableOopMap {[240]=Oop [248]=Oop [272]=Oop [296]=Oop }
                      ;*invokestatic ee {reexecute=0 rethrow=0 return_oop=0}
                      ; - ui.frmwork.str.robot.m::acU@5 (line 278)
                      ; - ui.utils.x::log@1 (line 2111)
                      ; - ui.utils.x::bC@23 (line 2899)
                      ; - ui.data.common.H::<init>@21 (line 35)
                      ; - ui.h.a.h::<init>@2 (line 13)
                      ; - ui.h.a.d::jIK@116 (line 72)
  0x000001c1009a8ce0: 9c6b bd06 

  0x000001c1009a8ce4: ;   {other}
  0x000001c1009a8ce4: 0f1f 8400 | 5415 000d 

  0x000001c1009a8cec: ;   {metadata(method data for {method} {0x000001c159493140} 'log' '(Ljava/lang/String;)V' in 'ui/utils/x')}
  0x000001c1009a8cec: 488b d048 | b828 48ad | 5bc1 0100 | 0048 8380 | 2001 0000 

  0x000001c1009a8d00: ;   {oop(a 'java/lang/Class'{0x0000000680acc068} = 'ui/frmwork/str/a')}
  0x000001c1009a8d00: 0149 b868 | c0ac 8006 | 0000 0048 | 8db4 2450 | 0100 004c | 8946 0849 | 8b00 4883 | c801 4889 
  0x000001c1009a8d20: 06f0 490f | b130 0f84 | 1200 0000 | 482b c448 | 2507 f0ff | ff48 8906 | 0f85 2015 | 0000 49ff 
  0x000001c1009a8d40: 8750 0500 

  0x000001c1009a8d44: ;   {metadata(method data for {method} {0x000001c15a035f38} 'l' '(Ljava/lang/StringBuilder;)V' in 'ui/frmwork/str/a')}
  0x000001c1009a8d44: 0048 b848 | 52ad 5bc1 | 0100 0044 | 8b80 cc00 | 0000 4183 | c002 4489 | 80cc 0000 | 0041 81e0 
  0x000001c1009a8d64: feff 1f00 | 4183 f800 | 0f84 ff14 | 0000 4883 

  0x000001c1009a8d74: ;   {metadata(method data for {method} {0x000001c15a035f38} 'l' '(Ljava/lang/StringBuilder;)V' in 'ui/frmwork/str/a')}
  0x000001c1009a8d74: fa00 48b8 | 4852 ad5b | c101 0000 | 49b8 1001 | 0000 0000 | 0000 0f85 | 0a00 0000 | 49b8 2001 
  0x000001c1009a8d94: 0000 0000 | 0000 4a8b | 3400 488d | 7601 4a89 | 3400 0f85 | 3900 0000 

  0x000001c1009a8dac: ;   {oop(a 'java/lang/Class'{0x0000000680acc068} = 'ui/frmwork/str/a')}
  0x000001c1009a8dac: 48b8 68c0 | ac80 0600 | 0000 488d | 8424 5001 | 0000 488b | 1048 85d2 | 0f84 0f00 | 0000 4c8b 
  0x000001c1009a8dcc: 4008 f049 | 0fb1 100f | 85b9 1400 | 0049 ff8f | 5005 0000 | e9e3 0000 

  0x000001c1009a8de4: ;   {metadata(method data for {method} {0x000001c15a035f38} 'l' '(Ljava/lang/StringBuilder;)V' in 'ui/frmwork/str/a')}
  0x000001c1009a8de4: 0049 b848 | 52ad 5bc1 | 0100 0049 | 8380 3001 

  0x000001c1009a8df4: ;   {metadata(method data for {method} {0x000001c15a0368d8} 'm' '(Ljava/lang/StringBuilder;)V' in 'ui/frmwork/str/a')}
  0x000001c1009a8df4: 0000 0149 | b8c8 53ad | 5bc1 0100 | 0041 8bb0 | cc00 0000 | 83c6 0241 | 89b0 cc00 | 0000 81e6 
  0x000001c1009a8e14: feff 1f00 | 83fe 000f | 8487 1400 

  0x000001c1009a8e20: ;   {metadata(method data for {method} {0x000001c15a0368d8} 'm' '(Ljava/lang/StringBuilder;)V' in 'ui/frmwork/str/a')}
  0x000001c1009a8e20: 0049 b8c8 | 53ad 5bc1 | 0100 0049 | 8380 1001 

  0x000001c1009a8e30: ;   {metadata(method data for {method} {0x000001c159490148} 'jPn' '()Z' in 'ui/utils/x')}
  0x000001c1009a8e30: 0000 0149 | b838 55ad | 5bc1 0100 | 0041 8bb0 | cc00 0000 | 83c6 0241 | 89b0 cc00 | 0000 81e6 
  0x000001c1009a8e50: feff 1f00 | 83fe 000f | 846c 1400 

  0x000001c1009a8e5c: ;   {oop(a 'java/lang/Class'{0x00000006811594b8} = 'ui/utils/x')}
  0x000001c1009a8e5c: 0049 b8b8 | 9415 8106 | 0000 0045 | 0fbe 80f9 

  0x000001c1009a8e6c: ;   {metadata(method data for {method} {0x000001c15a0368d8} 'm' '(Ljava/lang/StringBuilder;)V' in 'ui/frmwork/str/a')}
  0x000001c1009a8e6c: 0000 0048 | bec8 53ad | 5bc1 0100 | 0048 8386 | 2001 0000 | 0141 83e0 

  0x000001c1009a8e84: ;   {static_call}
  0x000001c1009a8e84: 0166 90e8 

  0x000001c1009a8e88: ; ImmutableOopMap {[240]=Oop [248]=Oop [272]=Oop [296]=Oop [344]=Oop }
                      ;*invokestatic b {reexecute=0 rethrow=0 return_oop=0}
                      ; - ui.frmwork.str.a::m@4 (line 545)
                      ; - ui.frmwork.str.a::l@6 (line 393)
                      ; - ui.utils.x::log@4 (line 2111)
                      ; - ui.utils.x::bC@23 (line 2899)
                      ; - ui.data.common.H::<init>@21 (line 35)
                      ; - ui.h.a.h::<init>@2 (line 13)
                      ; - ui.h.a.d::jIK@116 (line 72)
  0x000001c1009a8e88: f469 bd06 

  0x000001c1009a8e8c: ;   {other}
  0x000001c1009a8e8c: 0f1f 8400 | fc16 000e 

  0x000001c1009a8e94: ;   {oop(a 'java/lang/Class'{0x0000000680acc068} = 'ui/frmwork/str/a')}
  0x000001c1009a8e94: 48b8 68c0 | ac80 0600 | 0000 488d | 8424 5001 | 0000 488b | 1048 85d2 | 0f84 0f00 | 0000 488b 
  0x000001c1009a8eb4: 7008 f048 | 0fb1 160f | 8529 1400 | 0049 ff8f | 5005 0000 

  0x000001c1009a8ec8: ;   {metadata(method data for {method} {0x000001c1594412f8} '<init>' '(J)V' in 'ui/data/common/H')}
  0x000001c1009a8ec8: 48ba f0ba | 4b5b c101 | 0000 4883 | 8250 0100 | 0001 ba00 

  0x000001c1009a8edc: ;   {static_call}
  0x000001c1009a8edc: 0000 00e8 

  0x000001c1009a8ee0: ; ImmutableOopMap {[240]=Oop [248]=Oop [272]=Oop [296]=Oop }
                      ;*invokestatic HT {reexecute=0 rethrow=0 return_oop=0}
                      ; - ui.data.common.H::<init>@25 (line 55)
                      ; - ui.h.a.h::<init>@2 (line 13)
                      ; - ui.h.a.d::jIK@116 (line 72)
  0x000001c1009a8ee0: 9c57 7707 

  0x000001c1009a8ee4: ;   {other}
  0x000001c1009a8ee4: 0f1f 8400 | 5417 000f 

  0x000001c1009a8eec: ;   {metadata(method data for {method} {0x000001c15c29b698} 'jIK' '()V' in 'ui/h/a/d')}
  0x000001c1009a8eec: 48ba 0080 | 8293 c101 | 0000 ff82 | 2804 0000 | 488b 8424 | 2801 0000 

  0x000001c1009a8f04: ;   {metadata(method data for {method} {0x000001c15c29b698} 'jIK' '()V' in 'ui/h/a/d')}
  0x000001c1009a8f04: 488b d048 | be00 8082 | 93c1 0100 | 0048 8386 | 5004 0000 

  0x000001c1009a8f18: ;   {metadata(method data for {method} {0x000001c1934c3758} 'jIV' '()I' in 'ui/h/a/h')}
  0x000001c1009a8f18: 0148 ba60 | e97b 93c1 | 0100 008b | b2cc 0000 | 0083 c602 | 89b2 cc00 | 0000 81e6 | feff 1f00 
  0x000001c1009a8f38: 83fe 000f | 84bf 1300 | 0048 8bd0 

  0x000001c1009a8f44: ;   {metadata(method data for {method} {0x000001c1934c3758} 'jIV' '()I' in 'ui/h/a/h')}
  0x000001c1009a8f44: 48be 60e9 | 7b93 c101 | 0000 8b52 | 0849 ba00 | 0000 18c1 | 0100 0049 | 03d2 483b | 9620 0100 
  0x000001c1009a8f64: 0075 0d48 | 8386 2801 | 0000 01e9 | 6000 0000 | 483b 9630 | 0100 0075 | 0d48 8386 | 3801 0000 
  0x000001c1009a8f84: 01e9 4a00 | 0000 4883 | be20 0100 | 0000 7517 | 4889 9620 | 0100 0048 | c786 2801 | 0000 0100 
  0x000001c1009a8fa4: 0000 e929 | 0000 0048 | 83be 3001 | 0000 0075 | 1748 8996 | 3001 0000 | 48c7 8638 | 0100 0001 
  0x000001c1009a8fc4: 0000 00e9 | 0800 0000 | 4883 8610 | 0100 0001 | 488b 5010 

  0x000001c1009a8fd8: ;   {metadata(method data for {method} {0x000001c1934c3758} 'jIV' '()I' in 'ui/h/a/h')}
  0x000001c1009a8fd8: 48be 60e9 | 7b93 c101 | 0000 4883 | 8648 0100 | 0001 0f1f 

  0x000001c1009a8fec: ;   {static_call}
  0x000001c1009a8fec: 4400 00e8 

  0x000001c1009a8ff0: ; ImmutableOopMap {[240]=Oop [248]=Oop [272]=Oop [296]=Oop }
                      ;*invokestatic get_EditorAssist_ParseInfo_startOffset {reexecute=0 rethrow=0 return_oop=0}
                      ; - ui.h.a.h::jIV@4 (line 17)
                      ; - ui.h.a.d::jIK@128 (line 74)
  0x000001c1009a8ff0: 6c2d 6408 

  0x000001c1009a8ff4: ;   {other}
  0x000001c1009a8ff4: 0f1f 8400 | 6418 0010 | ffc8 8984 | 2424 0100 | 0048 8b94 | 2428 0100 

  0x000001c1009a900c: ;   {metadata(method data for {method} {0x000001c15c29b698} 'jIK' '()V' in 'ui/h/a/d')}
  0x000001c1009a900c: 0048 be00 | 8082 93c1 | 0100 0048 | 8386 8804 

  0x000001c1009a901c: ;   {metadata(method data for {method} {0x000001c1934c37f8} 'jIW' '()I' in 'ui/h/a/h')}
  0x000001c1009a901c: 0000 0148 | baf8 ea7b | 93c1 0100 | 008b b2cc | 0000 0083 | c602 89b2 | cc00 0000 | 81e6 feff 
  0x000001c1009a903c: 1f00 83fe | 000f 84da | 1200 0048 | 8b94 2428 

  0x000001c1009a904c: ;   {metadata(method data for {method} {0x000001c1934c37f8} 'jIW' '()I' in 'ui/h/a/h')}
  0x000001c1009a904c: 0100 0048 | bef8 ea7b | 93c1 0100 | 008b 5208 | 49ba 0000 | 0018 c101 | 0000 4903 | d248 3b96 
  0x000001c1009a906c: 2001 0000 | 750d 4883 | 8628 0100 | 0001 e960 | 0000 0048 | 3b96 3001 | 0000 750d | 4883 8638 
  0x000001c1009a908c: 0100 0001 | e94a 0000 | 0048 83be | 2001 0000 | 0075 1748 | 8996 2001 | 0000 48c7 | 8628 0100 
  0x000001c1009a90ac: 0001 0000 | 00e9 2900 | 0000 4883 | be30 0100 | 0000 7517 | 4889 9630 | 0100 0048 | c786 3801 
  0x000001c1009a90cc: 0000 0100 | 0000 e908 | 0000 0048 | 8386 1001 | 0000 0148 | 8bb4 2428 | 0100 0048 

  0x000001c1009a90e8: ;   {metadata(method data for {method} {0x000001c1934c37f8} 'jIW' '()I' in 'ui/h/a/h')}
  0x000001c1009a90e8: 8b56 1048 | bff8 ea7b | 93c1 0100 | 0048 8387 | 4801 0000 

  0x000001c1009a90fc: ;   {static_call}
  0x000001c1009a90fc: 0166 90e8 

  0x000001c1009a9100: ; ImmutableOopMap {[240]=Oop [248]=Oop [272]=Oop [296]=Oop }
                      ;*invokestatic get_EditorAssist_ParseInfo_endOffset {reexecute=0 rethrow=0 return_oop=0}
                      ; - ui.h.a.h::jIW@4 (line 21)
                      ; - ui.h.a.d::jIK@137 (line 75)
  0x000001c1009a9100: 5c30 6408 

  0x000001c1009a9104: ;   {other}
  0x000001c1009a9104: 0f1f 8400 | 7419 0011 | ffc8 8bb4 | 2424 0100 | 0083 fe00 | ba02 0000 | 000f 8c05 | 0000 00ba 
  0x000001c1009a9124: 0000 0000 

  0x000001c1009a9128: ;   {metadata(method data for {method} {0x000001c15c29b698} 'jIK' '()V' in 'ui/h/a/d')}
  0x000001c1009a9128: 48bf 0080 | 8293 c101 | 0000 8b9f | d000 0000 | 03da 899f | d000 0000 | 83fa 000f | 8505 0000 
  0x000001c1009a9148: 00bb 0200 | 0000 81e3 | fe3f 0000 | 83fb 000f | 84e5 1100 | 004d 8b97 

  0x000001c1009a9160: ; ImmutableOopMap {[240]=Oop [248]=Oop [272]=Oop [296]=Oop }
                      ;*iflt {reexecute=1 rethrow=0 return_oop=0}
                      ; - (reexecute) ui.h.a.d::jIK@146 (line 76)
  0x000001c1009a9160: 5804 0000 

  0x000001c1009a9164: ;   {poll}
  0x000001c1009a9164: 4185 0283 

  0x000001c1009a9168: ;   {metadata(method data for {method} {0x000001c15c29b698} 'jIK' '()V' in 'ui/h/a/d')}
  0x000001c1009a9168: fe00 48ba | 0080 8293 | c101 0000 | 48bf a804 | 0000 0000 | 0000 0f8c | 0a00 0000 | 48bf b804 
  0x000001c1009a9188: 0000 0000 | 0000 488b | 1c3a 488d | 5b01 4889 | 1c3a 0f8c | 270b 0000 

  0x000001c1009a91a0: ;   {metadata(method data for {method} {0x000001c15c29b698} 'jIK' '()V' in 'ui/h/a/d')}
  0x000001c1009a91a0: 83f8 0048 | ba00 8082 | 93c1 0100 | 0048 bfd8 | 0400 0000 | 0000 000f | 8c0a 0000 | 0048 bfc8 
  0x000001c1009a91c0: 0400 0000 | 0000 0048 | 8b1c 3a48 | 8d5b 0148 | 891c 3a0f | 8c55 0b00 | 0089 8424 | 3801 0000 
  0x000001c1009a91e0: 488b 8424 | 2801 0000 

  0x000001c1009a91e8: ;   {metadata(method data for {method} {0x000001c15c29b698} 'jIK' '()V' in 'ui/h/a/d')}
  0x000001c1009a91e8: 488b d048 | bb00 8082 | 93c1 0100 | 0048 8383 | 1805 0000 

  0x000001c1009a91fc: ;   {metadata(method data for {method} {0x000001c1934c3898} 'bCN' '()I' in 'ui/h/a/h')}
  0x000001c1009a91fc: 0148 ba90 | ec7b 93c1 | 0100 008b | 9acc 0000 | 0083 c302 | 899a cc00 | 0000 81e3 | feff 1f00 
  0x000001c1009a921c: 83fb 000f | 843e 1100 | 0048 8bd0 

  0x000001c1009a9228: ;   {metadata(method data for {method} {0x000001c1934c3898} 'bCN' '()I' in 'ui/h/a/h')}
  0x000001c1009a9228: 48bb 90ec | 7b93 c101 | 0000 8b52 | 0849 ba00 | 0000 18c1 | 0100 0049 | 03d2 483b | 9320 0100 
  0x000001c1009a9248: 0075 0d48 | 8383 2801 | 0000 01e9 | 6000 0000 | 483b 9330 | 0100 0075 | 0d48 8383 | 3801 0000 
  0x000001c1009a9268: 01e9 4a00 | 0000 4883 | bb20 0100 | 0000 7517 | 4889 9320 | 0100 0048 | c783 2801 | 0000 0100 
  0x000001c1009a9288: 0000 e929 | 0000 0048 | 83bb 3001 | 0000 0075 | 1748 8993 | 3001 0000 | 48c7 8338 | 0100 0001 
  0x000001c1009a92a8: 0000 00e9 | 0800 0000 | 4883 8310 | 0100 0001 | 488b 5010 

  0x000001c1009a92bc: ;   {metadata(method data for {method} {0x000001c1934c3898} 'bCN' '()I' in 'ui/h/a/h')}
  0x000001c1009a92bc: 48bb 90ec | 7b93 c101 | 0000 4883 | 8348 0100 

  0x000001c1009a92cc: ;   {static_call}
  0x000001c1009a92cc: 0001 90e8 

  0x000001c1009a92d0: ; ImmutableOopMap {[240]=Oop [248]=Oop [272]=Oop [296]=Oop }
                      ;*invokestatic get_EditorAssist_ParseInfo_type {reexecute=0 rethrow=0 return_oop=0}
                      ; - ui.h.a.h::bCN@4 (line 25)
                      ; - ui.h.a.d::jIK@159 (line 78)
  0x000001c1009a92d0: 8c32 6408 

  0x000001c1009a92d4: ;   {other}
  0x000001c1009a92d4: 0f1f 8400 | 441b 0013 | 488b 9424 | 2801 0000 

  0x000001c1009a92e4: ;   {metadata(method data for {method} {0x000001c15c29b698} 'jIK' '()V' in 'ui/h/a/d')}
  0x000001c1009a92e4: 48be 0080 | 8293 c101 | 0000 4883 | 8650 0500 

  0x000001c1009a92f4: ;   {metadata(method data for {method} {0x000001c1934c3938} 'getMessage' '()Ljava/lang/String;' in 'ui/h/a/h')}
  0x000001c1009a92f4: 0001 48ba | 28ee 7b93 | c101 0000 | 8bb2 cc00 | 0000 83c6 | 0289 b2cc | 0000 0081 | e6fe ff1f 
  0x000001c1009a9314: 0083 fe00 | 0f84 6610 | 0000 488b | 9424 2801 

  0x000001c1009a9324: ;   {metadata(method data for {method} {0x000001c1934c3938} 'getMessage' '()Ljava/lang/String;' in 'ui/h/a/h')}
  0x000001c1009a9324: 0000 48be | 28ee 7b93 | c101 0000 | 8b52 0849 | ba00 0000 | 18c1 0100 | 0049 03d2 | 483b 9620 
  0x000001c1009a9344: 0100 0075 | 0d48 8386 | 2801 0000 | 01e9 6000 | 0000 483b | 9630 0100 | 0075 0d48 | 8386 3801 
  0x000001c1009a9364: 0000 01e9 | 4a00 0000 | 4883 be20 | 0100 0000 | 7517 4889 | 9620 0100 | 0048 c786 | 2801 0000 
  0x000001c1009a9384: 0100 0000 | e929 0000 | 0048 83be | 3001 0000 | 0075 1748 | 8996 3001 | 0000 48c7 | 8638 0100 
  0x000001c1009a93a4: 0001 0000 | 00e9 0800 | 0000 4883 | 8610 0100 | 0001 488b | b424 2801 | 0000 488b 

  0x000001c1009a93c0: ;   {metadata(method data for {method} {0x000001c1934c3938} 'getMessage' '()Ljava/lang/String;' in 'ui/h/a/h')}
  0x000001c1009a93c0: 5610 48be | 28ee 7b93 | c101 0000 | 4883 8648 | 0100 0001 | 8984 243c | 0100 000f 

  0x000001c1009a93dc: ;   {static_call}
  0x000001c1009a93dc: 1f40 00e8 

  0x000001c1009a93e0: ; ImmutableOopMap {[240]=Oop [248]=Oop [272]=Oop }
                      ;*invokestatic get_EditorAssist_ParseInfo_message {reexecute=0 rethrow=0 return_oop=0}
                      ; - ui.h.a.h::getMessage@4 (line 29)
                      ; - ui.h.a.d::jIK@166 (line 79)
  0x000001c1009a93e0: 7c35 6408 

  0x000001c1009a93e4: ;   {other}
  0x000001c1009a93e4: 0f1f 8400 | 541c 0014 

  0x000001c1009a93ec: ; implicit exception: dispatches to 0x000001c1009aa3a5
  0x000001c1009a93ec: 483b 004c 

  0x000001c1009a93f0: ;   {metadata(method data for {method} {0x000001c15c29b698} 'jIK' '()V' in 'ui/h/a/d')}
  0x000001c1009a93f0: 8bc0 49b9 | 0080 8293 | c101 0000 | 4983 8170 | 0500 0001 

  0x000001c1009a9404: ;   {oop("\x0A"{0x0000000681c9f198})}
  0x000001c1009a9404: 49b8 98f1 | c981 0600 

  0x000001c1009a940c: ;   {oop(""{0x0000000681857f10})}
  0x000001c1009a940c: 0000 49b9 | 107f 8581 | 0600 0000 | 488b d00f 

  0x000001c1009a941c: ;   {optimized virtual_call}
  0x000001c1009a941c: 1f40 00e8 

  0x000001c1009a9420: ; ImmutableOopMap {[240]=Oop [248]=Oop [272]=Oop }
                      ;*invokevirtual replace {reexecute=0 rethrow=0 return_oop=0}
                      ; - ui.h.a.d::jIK@177 (line 82)
  0x000001c1009a9420: 1c4f 2e08 

  0x000001c1009a9424: ;   {other}
  0x000001c1009a9424: 0f1f 8400 | 941c 0015 

  0x000001c1009a942c: ; implicit exception: dispatches to 0x000001c1009aa3aa
  0x000001c1009a942c: 483b 004c 

  0x000001c1009a9430: ;   {metadata(method data for {method} {0x000001c15c29b698} 'jIK' '()V' in 'ui/h/a/d')}
  0x000001c1009a9430: 8bc0 49b9 | 0080 8293 | c101 0000 | 4983 81a8 | 0500 0001 

  0x000001c1009a9444: ;   {oop("<"{0x0000000681c9bf00})}
  0x000001c1009a9444: 49b8 00bf | c981 0600 

  0x000001c1009a944c: ;   {oop("&lt;"{0x0000000680818350})}
  0x000001c1009a944c: 0000 49b9 | 5083 8180 | 0600 0000 | 488b d00f 

  0x000001c1009a945c: ;   {optimized virtual_call}
  0x000001c1009a945c: 1f40 00e8 

  0x000001c1009a9460: ; ImmutableOopMap {[240]=Oop [248]=Oop [272]=Oop }
                      ;*invokevirtual replace {reexecute=0 rethrow=0 return_oop=0}
                      ; - ui.h.a.d::jIK@188 (line 84)
  0x000001c1009a9460: dc4e 2e08 

  0x000001c1009a9464: ;   {other}
  0x000001c1009a9464: 0f1f 8400 | d41c 0016 

  0x000001c1009a946c: ; implicit exception: dispatches to 0x000001c1009aa3af
  0x000001c1009a946c: 483b 004c 

  0x000001c1009a9470: ;   {metadata(method data for {method} {0x000001c15c29b698} 'jIK' '()V' in 'ui/h/a/d')}
  0x000001c1009a9470: 8bc0 49b9 | 0080 8293 | c101 0000 | 4983 81e0 | 0500 0001 

  0x000001c1009a9484: ;   {oop(">"{0x0000000681c9bed0})}
  0x000001c1009a9484: 49b8 d0be | c981 0600 

  0x000001c1009a948c: ;   {oop("&gt;"{0x0000000680818320})}
  0x000001c1009a948c: 0000 49b9 | 2083 8180 | 0600 0000 | 488b d00f 

  0x000001c1009a949c: ;   {optimized virtual_call}
  0x000001c1009a949c: 1f40 00e8 

  0x000001c1009a94a0: ; ImmutableOopMap {[240]=Oop [248]=Oop [272]=Oop }
                      ;*invokevirtual replace {reexecute=0 rethrow=0 return_oop=0}
                      ; - ui.h.a.d::jIK@199 (line 85)
  0x000001c1009a94a0: 9c4e 2e08 

  0x000001c1009a94a4: ;   {other}
  0x000001c1009a94a4: 0f1f 8400 | 141d 0017 | 488b d848 | 8b94 24f0 

  0x000001c1009a94b4: ;   {metadata(method data for {method} {0x000001c15c29b698} 'jIK' '()V' in 'ui/h/a/d')}
  0x000001c1009a94b4: 0000 0048 | be00 8082 | 93c1 0100 | 008b 5208 | 49ba 0000 | 0018 c101 | 0000 4903 | d248 3b96 
  0x000001c1009a94d4: 2806 0000 | 750d 4883 | 8630 0600 | 0001 e960 | 0000 0048 | 3b96 3806 | 0000 750d | 4883 8640 
  0x000001c1009a94f4: 0600 0001 | e94a 0000 | 0048 83be | 2806 0000 | 0075 1748 | 8996 2806 | 0000 48c7 | 8630 0600 
  0x000001c1009a9514: 0001 0000 | 00e9 2900 | 0000 4883 | be38 0600 | 0000 7517 | 4889 9638 | 0600 0048 | c786 4006 
  0x000001c1009a9534: 0000 0100 | 0000 e908 | 0000 0048 | 8386 1806 

  0x000001c1009a9544: ;   {metadata(method data for {method} {0x000001c15bb70048} 'jIM' '()I' in 'ui/h/c/l')}
  0x000001c1009a9544: 0000 0148 | bad8 ae80 | 93c1 0100 | 008b b2cc | 0000 0083 | c602 89b2 | cc00 0000 | 81e6 feff 
  0x000001c1009a9564: 1f00 83fe | 000f 8445 | 0e00 0044 | 8b9c 243c | 0100 0041 

  0x000001c1009a9578: ;   {metadata(method data for {method} {0x000001c15c29b698} 'jIK' '()V' in 'ui/h/a/d')}
  0x000001c1009a9578: 83fb 0148 | ba00 8082 | 93c1 0100 | 0048 be50 | 0600 0000 | 0000 000f | 840a 0000 | 0048 be60 
  0x000001c1009a9598: 0600 0000 | 0000 0048 | 8b3c 3248 | 8d7f 0148 | 893c 320f | 8400 0200 | 0048 8b94 | 24f0 0000 
  0x000001c1009a95b8: ;   {metadata(method data for {method} {0x000001c15c29b698} 'jIK' '()V' in 'ui/h/a/d')}
  0x000001c1009a95b8: 0048 be00 | 8082 93c1 | 0100 008b | 5208 49ba | 0000 0018 | c101 0000 | 4903 d248 | 3b96 8006 
  0x000001c1009a95d8: 0000 750d | 4883 8688 | 0600 0001 | e960 0000 | 0048 3b96 | 9006 0000 | 750d 4883 | 8698 0600 
  0x000001c1009a95f8: 0001 e94a | 0000 0048 | 83be 8006 | 0000 0075 | 1748 8996 | 8006 0000 | 48c7 8688 | 0600 0001 
  0x000001c1009a9618: 0000 00e9 | 2900 0000 | 4883 be90 | 0600 0000 | 7517 4889 | 9690 0600 | 0048 c786 | 9806 0000 
  0x000001c1009a9638: 0100 0000 | e908 0000 | 0048 8386 | 7006 0000 

  0x000001c1009a9648: ;   {metadata(method data for {method} {0x000001c15bb700e0} 'jIN' '()I' in 'ui/h/c/l')}
  0x000001c1009a9648: 0148 bad0 | 7982 93c1 | 0100 008b | b2cc 0000 | 0083 c602 | 89b2 cc00 | 0000 81e6 | feff 1f00 
  0x000001c1009a9668: 83fe 000f | 8464 0d00 | 0041 83fb 

  0x000001c1009a9674: ;   {metadata(method data for {method} {0x000001c15c29b698} 'jIK' '()V' in 'ui/h/a/d')}
  0x000001c1009a9674: 0248 ba00 | 8082 93c1 | 0100 0048 | bea8 0600 | 0000 0000 | 000f 840a | 0000 0048 | beb8 0600 
  0x000001c1009a9694: 0000 0000 | 0048 8b3c | 3248 8d7f | 0148 893c | 320f 8406 | 0100 0048 | 8b94 24f0 

  0x000001c1009a96b0: ;   {metadata(method data for {method} {0x000001c15c29b698} 'jIK' '()V' in 'ui/h/a/d')}
  0x000001c1009a96b0: 0000 0048 | be00 8082 | 93c1 0100 | 008b 5208 | 49ba 0000 | 0018 c101 | 0000 4903 | d248 3b96 
  0x000001c1009a96d0: d806 0000 | 750d 4883 | 86e0 0600 | 0001 e960 | 0000 0048 | 3b96 e806 | 0000 750d | 4883 86f0 
  0x000001c1009a96f0: 0600 0001 | e94a 0000 | 0048 83be | d806 0000 | 0075 1748 | 8996 d806 | 0000 48c7 | 86e0 0600 
  0x000001c1009a9710: 0001 0000 | 00e9 2900 | 0000 4883 | bee8 0600 | 0000 7517 | 4889 96e8 | 0600 0048 | c786 f006 
  0x000001c1009a9730: 0000 0100 | 0000 e908 | 0000 0048 | 8386 c806 

  0x000001c1009a9740: ;   {metadata(method data for {method} {0x000001c15bb70178} 'jIO' '()I' in 'ui/h/c/l')}
  0x000001c1009a9740: 0000 0148 | baf8 7a82 | 93c1 0100 | 008b b2cc | 0000 0083 | c602 89b2 | cc00 0000 | 81e6 feff 
  0x000001c1009a9760: 1f00 83fe | 000f 848b | 0c00 0041 

  0x000001c1009a976c: ;   {metadata(method data for {method} {0x000001c15c29b698} 'jIK' '()V' in 'ui/h/a/d')}
  0x000001c1009a976c: 83fb 0348 | ba00 8082 | 93c1 0100 | 0048 be10 | 0700 0000 | 0000 000f | 840a 0000 | 0048 be00 
  0x000001c1009a978c: 0700 0000 | 0000 0048 | 8b3c 3248 | 8d7f 0148 | 893c 320f | 840c 0000 | 008b b424 | 2001 0000 
  0x000001c1009a97ac: e923 0500 | 0044 8bac | 2438 0100 | 0044 8b8c | 2424 0100 | 008b b424 | 2001 0000 

  0x000001c1009a97c8: ;   {metadata('ui/h/c/j')}
  0x000001c1009a97c8: ffc6 48ba | 18da b219 | c101 0000 | 89b4 2448 | 0100 0049 | 8b87 b801 | 0000 488d | 7828 493b 
  0x000001c1009a97e8: bfc8 0100 | 000f 8724 | 0c00 0049 | 89bf b801 | 0000 48c7 | 0001 0000 | 0048 8bca | 49ba 0000 
  0x000001c1009a9808: 0018 c101 | 0000 492b | ca89 4808 | 4833 c989 | 480c 4833 | c948 8948 | 1048 8948 | 1848 8948 
  0x000001c1009a9828: 2048 8984 | 2440 0100 | 004c 8bc0 

  0x000001c1009a9834: ;   {metadata(method data for {method} {0x000001c15c29b698} 'jIK' '()V' in 'ui/h/a/d')}
  0x000001c1009a9834: 48bf 0080 | 8293 c101 | 0000 4883 | 8720 0700 

  0x000001c1009a9844: ;   {oop(a 'ui/h/c/j$a'{0x0000000682621a70})}
  0x000001c1009a9844: 0001 49b8 | 701a 6282 | 0600 0000 | 498b fd49 | 8bf3 488b | cb48 8bd0 

  0x000001c1009a985c: ;   {optimized virtual_call}
  0x000001c1009a985c: 6666 90e8 

  0x000001c1009a9860: ; ImmutableOopMap {[240]=Oop [248]=Oop [272]=Oop [320]=Oop }
                      ;*invokespecial <init> {reexecute=0 rethrow=0 return_oop=0}
                      ; - ui.h.a.d::jIK@252 (line 88)
  0x000001c1009a9860: dcd4 8208 

  0x000001c1009a9864: ;   {other}
  0x000001c1009a9864: 0f1f 8400 | d420 0018 | 488b 9424 | f000 0000 

  0x000001c1009a9874: ;   {metadata(method data for {method} {0x000001c15c29b698} 'jIK' '()V' in 'ui/h/a/d')}
  0x000001c1009a9874: 48be 0080 | 8293 c101 | 0000 8b52 | 0849 ba00 | 0000 18c1 | 0100 0049 | 03d2 483b | 9640 0700 
  0x000001c1009a9894: 0075 0d48 | 8386 4807 | 0000 01e9 | 6000 0000 | 483b 9650 | 0700 0075 | 0d48 8386 | 5807 0000 
  0x000001c1009a98b4: 01e9 4a00 | 0000 4883 | be40 0700 | 0000 7517 | 4889 9640 | 0700 0048 | c786 4807 | 0000 0100 
  0x000001c1009a98d4: 0000 e929 | 0000 0048 | 83be 5007 | 0000 0075 | 1748 8996 | 5007 0000 | 48c7 8658 | 0700 0001 
  0x000001c1009a98f4: 0000 00e9 | 0800 0000 | 4883 8630 | 0700 0001 

  0x000001c1009a9904: ;   {metadata(method data for {method} {0x000001c15bb70948} 'a' '(Ljava/util/List;Lui/h/c/j;)V' in 'ui/h/c/l')}
  0x000001c1009a9904: 48ba f89d | 7793 c101 | 0000 8bb2 | cc00 0000 | 83c6 0289 | b2cc 0000 | 0081 e6fe | ff1f 0083 
  0x000001c1009a9924: fe00 0f84 | f80a 0000 | be00 0000 | 00e9 8102 | 0000 6690 | 4c8b 8424 | 1001 0000 

  0x000001c1009a9940: ;   {metadata(method data for {method} {0x000001c15bb70948} 'a' '(Ljava/util/List;Lui/h/c/j;)V' in 'ui/h/c/l')}
  0x000001c1009a9940: 48ba f89d | 7793 c101 | 0000 458b | 4008 49ba | 0000 0018 | c101 0000 | 4d03 c24c | 3b82 7801 
  0x000001c1009a9960: 0000 750d | 4883 8280 | 0100 0001 | e960 0000 | 004c 3b82 | 8801 0000 | 750d 4883 | 8290 0100 
  0x000001c1009a9980: 0001 e94a | 0000 0048 | 83ba 7801 | 0000 0075 | 174c 8982 | 7801 0000 | 48c7 8280 | 0100 0001 
  0x000001c1009a99a0: 0000 00e9 | 2900 0000 | 4883 ba88 | 0100 0000 | 7517 4c89 | 8288 0100 | 0048 c782 | 9001 0000 
  0x000001c1009a99c0: 0100 0000 | e908 0000 | 0048 8382 | 6801 0000 | 014c 8bc6 | 488b 9424 | 1001 0000 | 89b4 244c 
  0x000001c1009a99e0: 0100 0066 | 9048 b848 | ad0b 18c1 

  0x000001c1009a99ec: ;   {virtual_call}
  0x000001c1009a99ec: 0100 00e8 

  0x000001c1009a99f0: ; ImmutableOopMap {[240]=Oop [248]=Oop [272]=Oop [320]=Oop }
                      ;*invokeinterface get {reexecute=0 rethrow=0 return_oop=0}
                      ; - ui.h.c.l::a@14 (line 91)
                      ; - ui.h.a.d::jIK@255 (line 88)
  0x000001c1009a99f0: ace8 1b07 

  0x000001c1009a99f4: ;   {other}
  0x000001c1009a99f4: 0f1f 8400 | 6422 0019 | 4883 f800 

  0x000001c1009a9a00: ;   {metadata(method data for {method} {0x000001c15bb70948} 'a' '(Ljava/util/List;Lui/h/c/j;)V' in 'ui/h/c/l')}
  0x000001c1009a9a00: 7516 48be | f89d 7793 | c101 0000 | 808e 9901 | 0000 01e9 | e800 0000 

  0x000001c1009a9a18: ;   {metadata('ui/h/c/k')}
  0x000001c1009a9a18: 48bf 303b | 6b19 c101 | 0000 8b70 | 0849 ba00 | 0000 18c1 | 0100 0049 | 03f2 483b | 7e20 0f84 
  0x000001c1009a9a38: 1b00 0000 | 483b f70f | 8412 0000 

  0x000001c1009a9a44: ;   {runtime_call slow_subtype_check Runtime1 stub}
  0x000001c1009a9a44: 0056 57e8 | 341c cb06 | 5e5e 83fe | 000f 848d 

  0x000001c1009a9a54: ;   {metadata(method data for {method} {0x000001c15bb70948} 'a' '(Ljava/util/List;Lui/h/c/j;)V' in 'ui/h/c/l')}
  0x000001c1009a9a54: 0000 0048 | bef8 9d77 | 93c1 0100 | 008b 7808 | 49ba 0000 | 0018 c101 | 0000 4903 | fa48 3bbe 
  0x000001c1009a9a74: b001 0000 | 750d 4883 | 86b8 0100 | 0001 e979 | 0000 0048 | 3bbe c001 | 0000 750d | 4883 86c8 
  0x000001c1009a9a94: 0100 0001 | e963 0000 | 0048 83be | b001 0000 | 0075 1748 | 89be b001 | 0000 48c7 | 86b8 0100 
  0x000001c1009a9ab4: 0001 0000 | 00e9 4200 | 0000 4883 | bec0 0100 | 0000 7517 | 4889 bec0 | 0100 0048 | c786 c801 
  0x000001c1009a9ad4: 0000 0100 | 0000 e921 | 0000 00e9 | 1c00 0000 

  0x000001c1009a9ae4: ;   {metadata(method data for {method} {0x000001c15bb70948} 'a' '(Ljava/util/List;Lui/h/c/j;)V' in 'ui/h/c/l')}
  0x000001c1009a9ae4: 48be f89d | 7793 c101 | 0000 4883 | aea0 0100 | 0001 e94a | 0900 00e9 | 0000 0000 | 488b d048 
  0x000001c1009a9b04: 83fa 000f | 8429 0000 

  0x000001c1009a9b0c: ;   {metadata('ui/views/W/a/a$b')}
  0x000001c1009a9b0c: 0048 bbb8 | 74b1 19c1 | 0100 008b | 7a08 49ba | 0000 0018 | c101 0000 | 4903 fa48 | 3b5f 380f 
  0x000001c1009a9b2c: 851d 0900 | 00e9 0000 | 0000 4c8b | c248 3b02 

  0x000001c1009a9b3c: ;   {metadata(method data for {method} {0x000001c15bb70948} 'a' '(Ljava/util/List;Lui/h/c/j;)V' in 'ui/h/c/l')}
  0x000001c1009a9b3c: 4c8b c248 | bef8 9d77 | 93c1 0100 | 0048 8386 | f001 0000 | 014c 8b84 | 2440 0100 | 0066 0f1f 
  0x000001c1009a9b5c: ;   {optimized virtual_call}
  0x000001c1009a9b5c: 4400 00e8 

  0x000001c1009a9b60: ; ImmutableOopMap {[240]=Oop [248]=Oop [272]=Oop [320]=Oop }
                      ;*invokeinterface a {reexecute=0 rethrow=0 return_oop=0}
                      ; - ui.h.c.l::a@23 (line 91)
                      ; - ui.h.a.d::jIK@255 (line 88)
  0x000001c1009a9b60: 1c67 a108 

  0x000001c1009a9b64: ;   {other}
  0x000001c1009a9b64: 0f1f 8400 | d423 001a | 8bb4 244c | 0100 00ff 

  0x000001c1009a9b74: ;   {metadata(method data for {method} {0x000001c15bb70948} 'a' '(Ljava/util/List;Lui/h/c/j;)V' in 'ui/h/c/l')}
  0x000001c1009a9b74: c648 b8f8 | 9d77 93c1 | 0100 008b | 90d0 0000 | 0083 c202 | 8990 d000 | 0000 81e2 | fe3f 0000 
  0x000001c1009a9b94: 83fa 000f | 84bb 0800 | 004d 8b97 

  0x000001c1009a9ba0: ; ImmutableOopMap {[240]=Oop [248]=Oop [272]=Oop [320]=Oop }
                      ;*goto {reexecute=1 rethrow=0 return_oop=0}
                      ; - (reexecute) ui.h.c.l::a@31 (line 90)
                      ; - ui.h.a.d::jIK@255 (line 88)
  0x000001c1009a9ba0: 5804 0000 

  0x000001c1009a9ba4: ;   {poll}
  0x000001c1009a9ba4: 4185 0248 | b8f8 9d77 | 93c1 0100 | 00ff 8010 | 0200 0089 | b424 4c01 | 0000 488b | b424 1001 
  0x000001c1009a9bc4: 0000 483b | 0648 8bd6 

  0x000001c1009a9bcc: ;   {metadata(method data for {method} {0x000001c15bb70948} 'a' '(Ljava/util/List;Lui/h/c/j;)V' in 'ui/h/c/l')}
  0x000001c1009a9bcc: 48bb f89d | 7793 c101 | 0000 8b52 | 0849 ba00 | 0000 18c1 | 0100 0049 | 03d2 483b | 9320 0100 
  0x000001c1009a9bec: 0075 0d48 | 8383 2801 | 0000 01e9 | 6000 0000 | 483b 9330 | 0100 0075 | 0d48 8383 | 3801 0000 
  0x000001c1009a9c0c: 01e9 4a00 | 0000 4883 | bb20 0100 | 0000 7517 | 4889 9320 | 0100 0048 | c783 2801 | 0000 0100 
  0x000001c1009a9c2c: 0000 e929 | 0000 0048 | 83bb 3001 | 0000 0075 | 1748 8993 | 3001 0000 | 48c7 8338 | 0100 0001 
  0x000001c1009a9c4c: 0000 00e9 | 0800 0000 | 4883 8310 | 0100 0001 | 488b d666 | 0f1f 4400 | 0048 b848 | ad0b 18c1 
  0x000001c1009a9c6c: ;   {virtual_call}
  0x000001c1009a9c6c: 0100 00e8 

  0x000001c1009a9c70: ; ImmutableOopMap {[240]=Oop [248]=Oop [272]=Oop [320]=Oop }
                      ;*invokeinterface size {reexecute=0 rethrow=0 return_oop=0}
                      ; - ui.h.c.l::a@4 (line 90)
                      ; - ui.h.a.d::jIK@255 (line 88)
  0x000001c1009a9c70: ac94 1307 

  0x000001c1009a9c74: ;   {other}
  0x000001c1009a9c74: 0f1f 8400 | e424 001c | 8bb4 244c | 0100 003b 

  0x000001c1009a9c84: ;   {metadata(method data for {method} {0x000001c15bb70948} 'a' '(Ljava/util/List;Lui/h/c/j;)V' in 'ui/h/c/l')}
  0x000001c1009a9c84: f049 b8f8 | 9d77 93c1 | 0100 0048 | ba58 0100 | 0000 0000 | 000f 8c0a | 0000 0048 | ba48 0100 
  0x000001c1009a9ca4: 0000 0000 | 0049 8b3c | 1048 8d7f | 0149 893c | 100f 8c7d | fcff ff8b | b424 4801 | 0000 e90d 
  0x000001c1009a9cc4: 0000 0048 | 8b84 2418 | 0100 00e9 | 9ce9 ffff 

  0x000001c1009a9cd4: ;   {metadata(method data for {method} {0x000001c15c29b698} 'jIK' '()V' in 'ui/h/a/d')}
  0x000001c1009a9cd4: 48b8 0080 | 8293 c101 | 0000 8b90 | d000 0000 | 83c2 0289 | 90d0 0000 | 0081 e2fe | 3f00 0083 
  0x000001c1009a9cf4: fa00 0f84 | 8207 0000 | 4d8b 9758 

  0x000001c1009a9d00: ; ImmutableOopMap {[240]=Oop [248]=Oop [272]=Oop }
                      ;*goto {reexecute=1 rethrow=0 return_oop=0}
                      ; - (reexecute) ui.h.a.d::jIK@258 (line 93)
                      ;   {poll}
  0x000001c1009a9d00: 0400 0041 

  0x000001c1009a9d04: ;   {metadata(method data for {method} {0x000001c15c29b698} 'jIK' '()V' in 'ui/h/a/d')}
  0x000001c1009a9d04: 8502 48b8 | 0080 8293 | c101 0000 | ff80 6807 | 0000 4c8b | c644 8984 | 2420 0100 | 0048 8b84 
  0x000001c1009a9d24: 2418 0100 | 00e9 42e9 | ffff 448b | 8424 2001 

  0x000001c1009a9d34: ;   {metadata(method data for {method} {0x000001c15c29b698} 'jIK' '()V' in 'ui/h/a/d')}
  0x000001c1009a9d34: 0000 48b8 | 0080 8293 | c101 0000 | 8b90 d000 | 0000 83c2 | 0289 90d0 | 0000 0081 | e2fe 3f00 
  0x000001c1009a9d54: 0083 fa00 | 0f84 4107 | 0000 4d8b | 9758 0400 

  0x000001c1009a9d64: ; ImmutableOopMap {[240]=Oop [248]=Oop [272]=Oop }
                      ;*goto {reexecute=1 rethrow=0 return_oop=0}
                      ; - (reexecute) ui.h.a.d::jIK@154 (line 77)
                      ;   {poll}
  0x000001c1009a9d64: 0041 8502 

  0x000001c1009a9d68: ;   {metadata(method data for {method} {0x000001c15c29b698} 'jIK' '()V' in 'ui/h/a/d')}
  0x000001c1009a9d68: 48b8 0080 | 8293 c101 | 0000 ff80 | e804 0000 | 4489 8424 | 2001 0000 | 488b 8424 | 1801 0000 
  0x000001c1009a9d88: e9e3 e8ff 

  0x000001c1009a9d8c: ;   {metadata(method data for {method} {0x000001c15c29b698} 'jIK' '()V' in 'ui/h/a/d')}
  0x000001c1009a9d8c: ff48 b800 | 8082 93c1 | 0100 00ff | 8080 0700 | 00e9 7201 | 0000 488b | b424 2801 | 0000 498b 
  0x000001c1009a9dac: 8700 0500 | 004d 33d2 | 4d89 9700 | 0500 004d | 33d2 4d89 | 9708 0500 | 0048 8bd0 

  0x000001c1009a9dc8: ;   {oop(a 'java/lang/Class'{0x0000000680acc068} = 'ui/frmwork/str/a')}
  0x000001c1009a9dc8: 48b8 68c0 | ac80 0600 | 0000 488d | 8424 5001 | 0000 4c8b | 084d 85c9 | 0f84 0f00 | 0000 488b 
  0x000001c1009a9de8: 7808 f04c | 0fb1 0f0f | 85cb 0600 | 0049 ff8f | 5005 0000 

  0x000001c1009a9dfc: ; ImmutableOopMap {rsi=Oop rax=Oop [240]=Oop [248]=Oop [272]=Oop [296]=Oop }
                      ;*invokestatic l {reexecute=0 rethrow=0 return_oop=0}
                      ; - ui.utils.x::log@4 (line 2111)
                      ; - ui.utils.x::bC@23 (line 2899)
                      ; - ui.data.common.H::<init>@21 (line 35)
                      ; - ui.h.a.h::<init>@2 (line 13)
                      ; - ui.h.a.d::jIK@116 (line 72)
                      ;   {section_word}
  0x000001c1009a9dfc: 488b c248 | baff 9d9a | 00c1 0100 

  0x000001c1009a9e08: ;   {runtime_call handle_exception_nofpu Runtime1 stub}
  0x000001c1009a9e08: 00e8 7205 | cb06 9048 | 8bb4 2428 | 0100 0048 | 8bbc 2418 | 0100 004c | 8b8c 2410 | 0100 0049 
  0x000001c1009a9e28: 8b87 0005 | 0000 4d33 | d24d 8997 | 0005 0000 | 4d33 d24d | 8997 0805 | 0000 488b 

  0x000001c1009a9e44: ;   {oop(a 'java/lang/Class'{0x0000000680acc4a8} = 'ui/utils/e/c')}
  0x000001c1009a9e44: d048 b8a8 | c4ac 8006 | 0000 0048 | 8d84 2450 | 0100 0048 | 8b18 4885 | db0f 840f | 0000 0048 
  0x000001c1009a9e64: 8b48 08f0 | 480f b119 | 0f85 6406 | 0000 49ff | 8f50 0500 

  0x000001c1009a9e78: ; ImmutableOopMap {r9=Oop rsi=Oop rax=Oop [240]=Oop [248]=Oop [272]=Oop [296]=Oop }
                      ;*invokestatic debug {reexecute=0 rethrow=0 return_oop=0}
                      ; - ui.utils.e.c::aib@10 (line 844)
                      ; - ui.utils.x::bC@11 (line 2897)
                      ; - ui.data.common.H::<init>@21 (line 35)
                      ; - ui.h.a.h::<init>@2 (line 13)
                      ; - ui.h.a.d::jIK@116 (line 72)
  0x000001c1009a9e78: 0048 8bc2 

  0x000001c1009a9e7c: ;   {section_word}
  0x000001c1009a9e7c: 48ba 7c9e | 9a00 c101 

  0x000001c1009a9e84: ;   {runtime_call handle_exception_nofpu Runtime1 stub}
  0x000001c1009a9e84: 0000 e8f5 | 04cb 0690 | 498b 8700 | 0500 004d | 33d2 4d89 | 9700 0500 | 004d 33d2 | 4d89 9708 
  0x000001c1009a9ea4: ;   {metadata(method data for {method} {0x000001c15c29b698} 'jIK' '()V' in 'ui/h/a/d')}
  0x000001c1009a9ea4: 0500 0048 | ba00 8082 | 93c1 0100 | 0048 8382 | 9807 0000 

  0x000001c1009a9eb8: ;   {metadata(method data for {method} {0x000001c159493348} 'o' '(Ljava/lang/Exception;)V' in 'ui/utils/x')}
  0x000001c1009a9eb8: 0148 ba88 | ca31 93c1 | 0100 0044 | 8b82 cc00 | 0000 4183 | c002 4489 | 82cc 0000 | 0041 81e0 
  0x000001c1009a9ed8: feff 1f00 | 4183 f800 | 0f84 0606 

  0x000001c1009a9ee4: ;   {metadata(method data for {method} {0x000001c159493348} 'o' '(Ljava/lang/Exception;)V' in 'ui/utils/x')}
  0x000001c1009a9ee4: 0000 48ba | 88ca 3193 | c101 0000 | 4883 8210 | 0100 0001 | 488b d041 | b800 0000 | 0041 b900 
  0x000001c1009a9f04: ;   {static_call}
  0x000001c1009a9f04: 0000 00e8 

  0x000001c1009a9f08: ; ImmutableOopMap {[240]=Oop [248]=Oop }
                      ;*invokestatic a {reexecute=0 rethrow=0 return_oop=0}
                      ; - ui.utils.x::o@3 (line 2128)
                      ; - ui.h.a.d::jIK@268 (line 96)
  0x000001c1009a9f08: 7459 bd06 

  0x000001c1009a9f0c: ;   {other}
  0x000001c1009a9f0c: 0f1f 8400 | 7c27 0021 

  0x000001c1009a9f14: ;   {metadata(method data for {method} {0x000001c15c29b698} 'jIK' '()V' in 'ui/h/a/d')}
  0x000001c1009a9f14: 48be 0080 | 8293 c101 | 0000 8bbe | d000 0000 | 83c7 0289 | bed0 0000 | 0081 e7fe | 3f00 0083 
  0x000001c1009a9f34: ff00 0f84 | d105 0000 | 4d8b 9758 

  0x000001c1009a9f40: ; ImmutableOopMap {[240]=Oop [248]=Oop }
                      ;*goto {reexecute=1 rethrow=0 return_oop=0}
                      ; - (reexecute) ui.h.a.d::jIK@271 (line 98)
                      ;   {poll}
  0x000001c1009a9f40: 0400 0041 

  0x000001c1009a9f44: ;   {metadata(method data for {method} {0x000001c15c29b698} 'jIK' '()V' in 'ui/h/a/d')}
  0x000001c1009a9f44: 8502 48be | 0080 8293 | c101 0000 | ff86 a807 | 0000 488b | 8424 f800 | 0000 e90d 

  0x000001c1009a9f60: ;   {metadata(method data for {method} {0x000001c15c29b698} 'jIK' '()V' in 'ui/h/a/d')}
  0x000001c1009a9f60: e0ff ff48 | be00 8082 | 93c1 0100 | 008b bed0 | 0000 0083 | c702 89be | d000 0000 | 81e7 fe3f 
  0x000001c1009a9f80: 0000 83ff | 000f 84a3 | 0500 004d | 8b97 5804 

  0x000001c1009a9f90: ; ImmutableOopMap {[240]=Oop [248]=Oop }
                      ;*goto {reexecute=1 rethrow=0 return_oop=0}
                      ; - (reexecute) ui.h.a.d::jIK@57 (line 65)
                      ;   {poll}
  0x000001c1009a9f90: 0000 4185 

  0x000001c1009a9f94: ;   {metadata(method data for {method} {0x000001c15c29b698} 'jIK' '()V' in 'ui/h/a/d')}
  0x000001c1009a9f94: 0248 be00 | 8082 93c1 | 0100 00ff | 86e8 0200 | 0048 8b84 | 24f8 0000 | 00e9 bedf | ffff 4881 
  0x000001c1009a9fb4: c470 0100 

  0x000001c1009a9fb8: ;   {poll_return}
  0x000001c1009a9fb8: 005d 493b | a750 0400 | 000f 8788 | 0500 00c3 

  0x000001c1009a9fc8: ;   {metadata({method} {0x000001c15c29b698} 'jIK' '()V' in 'ui/h/a/d')}
  0x000001c1009a9fc8: 49ba 90b6 | 295c c101 | 0000 4c89 | 5424 0848 | c704 24ff 

  0x000001c1009a9fdc: ;   {runtime_call counter_overflow Runtime1 stub}
  0x000001c1009a9fdc: ffff ffe8 

  0x000001c1009a9fe0: ; ImmutableOopMap {rdx=Oop [240]=Oop }
                      ;*synchronization entry
                      ; - ui.h.a.d::jIK@-1 (line 61)
  0x000001c1009a9fe0: 1c47 cb06 | e946 ddff 

  0x000001c1009a9fe8: ;   {runtime_call throw_null_pointer_exception Runtime1 stub}
  0x000001c1009a9fe8: ffe8 320c 

  0x000001c1009a9fec: ; ImmutableOopMap {rdx=Oop [240]=Oop }
                      ;*getfield tcd {reexecute=1 rethrow=0 return_oop=0}
                      ; - (reexecute) ui.h.a.d::jIK@4 (line 61)
                      ;   {runtime_call throw_null_pointer_exception Runtime1 stub}
  0x000001c1009a9fec: ca06 e82d 

  0x000001c1009a9ff0: ; ImmutableOopMap {rdx=Oop rsi=Oop [240]=Oop }
                      ;*invokevirtual jKU {reexecute=0 rethrow=0 return_oop=0}
                      ; - ui.h.a.d::jIK@7 (line 61)
                      ;   {metadata({method} {0x000001c15bb70218} 'jKU' '()Ljava/util/Set;' in 'ui/h/c/l')}
  0x000001c1009a9ff0: 0cca 0649 | ba10 02b7 | 5bc1 0100 | 004c 8954 | 2408 48c7 | 0424 ffff 

  0x000001c1009aa008: ;   {runtime_call counter_overflow Runtime1 stub}
  0x000001c1009aa008: ffff e8f1 

  0x000001c1009aa00c: ; ImmutableOopMap {rdx=Oop rsi=Oop [240]=Oop }
                      ;*synchronization entry
                      ; - ui.h.c.l::jKU@-1 (line 26)
                      ; - ui.h.a.d::jIK@7 (line 61)
  0x000001c1009aa00c: 46cb 06e9 | e7dd ffff 

  0x000001c1009aa014: ;   {runtime_call throw_null_pointer_exception Runtime1 stub}
  0x000001c1009aa014: e807 0cca 

  0x000001c1009aa018: ; ImmutableOopMap {rdx=Oop rsi=Oop [240]=Oop }
                      ;*invokeinterface keySet {reexecute=0 rethrow=0 return_oop=0}
                      ; - ui.h.c.l::jKU@4 (line 26)
                      ; - ui.h.a.d::jIK@7 (line 61)
                      ;   {runtime_call throw_null_pointer_exception Runtime1 stub}
  0x000001c1009aa018: 06e8 020c 

  0x000001c1009aa01c: ; ImmutableOopMap {rax=Oop [240]=Oop }
                      ;*invokeinterface iterator {reexecute=0 rethrow=0 return_oop=0}
                      ; - ui.h.a.d::jIK@10 (line 61)
                      ;   {runtime_call throw_null_pointer_exception Runtime1 stub}
  0x000001c1009aa01c: ca06 e8fd 

  0x000001c1009aa020: ; ImmutableOopMap {rax=Oop [240]=Oop [248]=Oop }
                      ;*invokeinterface hasNext {reexecute=0 rethrow=0 return_oop=0}
                      ; - ui.h.a.d::jIK@17 (line 61)
  0x000001c1009aa020: 0bca 0648 

  0x000001c1009aa024: ;   {runtime_call throw_class_cast_exception Runtime1 stub}
  0x000001c1009aa024: 8904 24e8 

  0x000001c1009aa028: ; ImmutableOopMap {[240]=Oop [248]=Oop }
                      ;*checkcast {reexecute=0 rethrow=0 return_oop=0}
                      ; - ui.h.a.d::jIK@31 (line 61)
  0x000001c1009aa028: 7410 cb06 

  0x000001c1009aa02c: ;   {metadata({method} {0x000001c1181fa918} 'get' '(Ljava/net/URI;)Ljava/nio/file/Path;' in 'java/nio/file/Paths')}
  0x000001c1009aa02c: 49ba 10a9 | 1f18 c101 | 0000 4c89 | 5424 0848 | c704 24ff 

  0x000001c1009aa040: ;   {runtime_call counter_overflow Runtime1 stub}
  0x000001c1009aa040: ffff ffe8 

  0x000001c1009aa044: ; ImmutableOopMap {rsi=Oop [240]=Oop [248]=Oop }
                      ;*synchronization entry
                      ; - java.nio.file.Paths::get@-1 (line 98)
                      ; - ui.h.a.d::jIK@36 (line 62)
  0x000001c1009aa044: b846 cb06 | e9ec e1ff 

  0x000001c1009aa04c: ;   {runtime_call throw_incompatible_class_change_error Runtime1 stub}
  0x000001c1009aa04c: ffe8 4e13 

  0x000001c1009aa050: ; ImmutableOopMap {rax=Oop [240]=Oop [248]=Oop [256]=Oop }
                      ;*invokeinterface toString {reexecute=0 rethrow=0 return_oop=0}
                      ; - ui.h.a.d::jIK@39 (line 62)
                      ;   {runtime_call throw_null_pointer_exception Runtime1 stub}
  0x000001c1009aa050: cb06 e8c9 

  0x000001c1009aa054: ; ImmutableOopMap {rax=Oop [240]=Oop [248]=Oop [256]=Oop }
                      ;*invokeinterface toString {reexecute=0 rethrow=0 return_oop=0}
                      ; - ui.h.a.d::jIK@39 (line 62)
                      ;   {metadata({method} {0x000001c15bb702c0} 'v' '(Ljava/net/URI;)Ljava/util/List;' in 'ui/h/c/l')}
  0x000001c1009aa054: 0bca 0649 | bab8 02b7 | 5bc1 0100 | 004c 8954 | 2408 48c7 | 0424 ffff 

  0x000001c1009aa06c: ;   {runtime_call counter_overflow Runtime1 stub}
  0x000001c1009aa06c: ffff e88d 

  0x000001c1009aa070: ; ImmutableOopMap {rsi=Oop [240]=Oop [248]=Oop [256]=Oop }
                      ;*synchronization entry
                      ; - ui.h.c.l::v@-1 (line 30)
                      ; - ui.h.a.d::jIK@47 (line 63)
  0x000001c1009aa070: 46cb 06e9 | 82e3 ffff 

  0x000001c1009aa078: ;   {runtime_call throw_null_pointer_exception Runtime1 stub}
  0x000001c1009aa078: e8a3 0bca 

  0x000001c1009aa07c: ; ImmutableOopMap {rsi=Oop rdx=Oop rdi=Oop [240]=Oop [248]=Oop [256]=Oop }
                      ;*invokeinterface get {reexecute=0 rethrow=0 return_oop=0}
                      ; - ui.h.c.l::v@5 (line 30)
                      ; - ui.h.a.d::jIK@47 (line 63)
  0x000001c1009aa07c: 0648 8904 

  0x000001c1009aa080: ;   {runtime_call throw_class_cast_exception Runtime1 stub}
  0x000001c1009aa080: 24e8 1a10 

  0x000001c1009aa084: ; ImmutableOopMap {[240]=Oop [248]=Oop [264]=Oop }
                      ;*checkcast {reexecute=0 rethrow=0 return_oop=0}
                      ; - ui.h.c.l::v@10 (line 30)
                      ; - ui.h.a.d::jIK@47 (line 63)
                      ;   {runtime_call throw_null_pointer_exception Runtime1 stub}
  0x000001c1009aa084: cb06 e895 

  0x000001c1009aa088: ; ImmutableOopMap {rdx=Oop rsi=Oop rbx=Oop [240]=Oop [248]=Oop [272]=Oop }
                      ;*invokevirtual agN {reexecute=0 rethrow=0 return_oop=0}
                      ; - ui.h.a.d::jIK@68 (line 68)
                      ;   {runtime_call throw_null_pointer_exception Runtime1 stub}
  0x000001c1009aa088: 0bca 06e8 

  0x000001c1009aa08c: ; ImmutableOopMap {rdx=Oop rbx=Oop [240]=Oop [248]=Oop [272]=Oop }
                      ;*invokevirtual ef {reexecute=0 rethrow=0 return_oop=0}
                      ; - ui.h.a.d::jIK@86 (line 69)
  0x000001c1009aa08c: 900b ca06 

  0x000001c1009aa090: ;   {metadata({method} {0x000001c15bb67260} 'ef' '(J)Z' in 'ui/h/a/c')}
  0x000001c1009aa090: 49ba 5872 | b65b c101 | 0000 4c89 | 5424 0848 | c704 24ff 

  0x000001c1009aa0a4: ;   {runtime_call counter_overflow Runtime1 stub}
  0x000001c1009aa0a4: ffff ffe8 

  0x000001c1009aa0a8: ; ImmutableOopMap {rdx=Oop [240]=Oop [248]=Oop [272]=Oop }
                      ;*synchronization entry
                      ; - ui.h.a.c::ef@-1 (line 238)
                      ; - ui.h.a.d::jIK@86 (line 69)
  0x000001c1009aa0a8: 5446 cb06 | e951 e6ff 

  0x000001c1009aa0b0: ;   {runtime_call throw_null_pointer_exception Runtime1 stub}
  0x000001c1009aa0b0: ffe8 6a0b 

  0x000001c1009aa0b4: ; ImmutableOopMap {rdx=Oop rsi=Oop [240]=Oop [248]=Oop [272]=Oop }
                      ;*invokevirtual eg {reexecute=0 rethrow=0 return_oop=0}
                      ; - ui.h.a.d::jIK@98 (line 70)
                      ;   {metadata({method} {0x000001c15bb67300} 'eg' '(J)J' in 'ui/h/a/c')}
  0x000001c1009aa0b4: ca06 49ba | f872 b65b | c101 0000 | 4c89 5424 | 0848 c704 | 24ff ffff 

  0x000001c1009aa0cc: ;   {runtime_call counter_overflow Runtime1 stub}
  0x000001c1009aa0cc: ffe8 2e46 

  0x000001c1009aa0d0: ; ImmutableOopMap {rdx=Oop [240]=Oop [248]=Oop [272]=Oop }
                      ;*synchronization entry
                      ; - ui.h.a.c::eg@-1 (line 242)
                      ; - ui.h.a.d::jIK@98 (line 70)
  0x000001c1009aa0d0: cb06 e9d5 | e6ff ff48 

  0x000001c1009aa0d8: ;   {runtime_call fast_new_instance Runtime1 stub}
  0x000001c1009aa0d8: 8bd2 e8a1 

  0x000001c1009aa0dc: ; ImmutableOopMap {[240]=Oop [248]=Oop [272]=Oop }
                      ;*new {reexecute=0 rethrow=0 return_oop=0}
                      ; - ui.h.a.d::jIK@110 (line 72)
  0x000001c1009aa0dc: eeca 06e9 | aae7 ffff 

  0x000001c1009aa0e4: ;   {metadata({method} {0x000001c1934c36b8} '<init>' '(J)V' in 'ui/h/a/h')}
  0x000001c1009aa0e4: 49ba b036 | 4c93 c101 | 0000 4c89 | 5424 0848 | c704 24ff 

  0x000001c1009aa0f8: ;   {runtime_call counter_overflow Runtime1 stub}
  0x000001c1009aa0f8: ffff ffe8 

  0x000001c1009aa0fc: ; ImmutableOopMap {rax=Oop [240]=Oop [248]=Oop [272]=Oop [296]=Oop }
                      ;*synchronization entry
                      ; - ui.h.a.h::<init>@-1 (line 13)
                      ; - ui.h.a.d::jIK@116 (line 72)
  0x000001c1009aa0fc: 0046 cb06 | e9ce e7ff 

  0x000001c1009aa104: ;   {metadata({method} {0x000001c1594412f8} '<init>' '(J)V' in 'ui/data/common/H')}
  0x000001c1009aa104: ff49 baf0 | 1244 59c1 | 0100 004c | 8954 2408 | 48c7 0424 | ffff ffff 

  0x000001c1009aa11c: ;   {runtime_call counter_overflow Runtime1 stub}
  0x000001c1009aa11c: e8df 45cb 

  0x000001c1009aa120: ; ImmutableOopMap {rax=Oop [240]=Oop [248]=Oop [272]=Oop [296]=Oop }
                      ;*synchronization entry
                      ; - ui.data.common.H::<init>@-1 (line 32)
                      ; - ui.h.a.h::<init>@2 (line 13)
                      ; - ui.h.a.d::jIK@116 (line 72)
  0x000001c1009aa120: 06e9 eae7 

  0x000001c1009aa124: ;   {metadata({method} {0x000001c118479fd0} '<init>' '()V' in 'java/lang/Object')}
  0x000001c1009aa124: ffff 49ba | c89f 4718 | c101 0000 | 4c89 5424 | 0848 c704 | 24ff ffff 

  0x000001c1009aa13c: ;   {runtime_call counter_overflow Runtime1 stub}
  0x000001c1009aa13c: ffe8 be45 

  0x000001c1009aa140: ; ImmutableOopMap {rax=Oop [240]=Oop [248]=Oop [272]=Oop [296]=Oop }
                      ;*synchronization entry
                      ; - java.lang.Object::<init>@-1 (line 45)
                      ; - ui.data.common.H::<init>@1 (line 32)
                      ; - ui.h.a.h::<init>@2 (line 13)
                      ; - ui.h.a.d::jIK@116 (line 72)
  0x000001c1009aa140: cb06 e906 

  0x000001c1009aa144: ;   {metadata({method} {0x000001c1594977a8} 'bC' '(Ljava/lang/String;Z)V' in 'ui/utils/x')}
  0x000001c1009aa144: e8ff ff49 | baa0 7749 | 59c1 0100 | 004c 8954 | 2408 48c7 | 0424 ffff 

  0x000001c1009aa15c: ;   {runtime_call counter_overflow Runtime1 stub}
  0x000001c1009aa15c: ffff e89d 

  0x000001c1009aa160: ; ImmutableOopMap {rax=Oop [240]=Oop [248]=Oop [272]=Oop [296]=Oop }
                      ;*synchronization entry
                      ; - ui.utils.x::bC@-1 (line 2896)
                      ; - ui.data.common.H::<init>@21 (line 35)
                      ; - ui.h.a.h::<init>@2 (line 13)
                      ; - ui.h.a.d::jIK@116 (line 72)
  0x000001c1009aa160: 45cb 06e9 | 66e8 ffff 

  0x000001c1009aa168: ;   {metadata({method} {0x000001c15a045f88} 'aib' '(Ljava/lang/String;)V' in 'ui/utils/e/c')}
  0x000001c1009aa168: 49ba 805f | 045a c101 | 0000 4c89 | 5424 0848 | c704 24ff 

  0x000001c1009aa17c: ;   {runtime_call counter_overflow Runtime1 stub}
  0x000001c1009aa17c: ffff ffe8 

  0x000001c1009aa180: ; ImmutableOopMap {[240]=Oop [248]=Oop [272]=Oop [296]=Oop }
                      ;*synchronization entry
                      ; - ui.utils.e.c::aib@-1 (line 843)
                      ; - ui.utils.x::bC@11 (line 2897)
                      ; - ui.data.common.H::<init>@21 (line 35)
                      ; - ui.h.a.h::<init>@2 (line 13)
                      ; - ui.h.a.d::jIK@116 (line 72)
  0x000001c1009aa180: 7c45 cb06 | e9ee e8ff 

  0x000001c1009aa188: ;   {metadata(nullptr)}
  0x000001c1009aa188: ff48 ba00 | 0000 0000 | 0000 00b8 | 000f 050a 

  0x000001c1009aa198: ;   {runtime_call load_klass_patching Runtime1 stub}
  0x000001c1009aa198: e8e3 2ecb 

  0x000001c1009aa19c: ; ImmutableOopMap {[240]=Oop [248]=Oop [272]=Oop [296]=Oop }
                      ;*new {reexecute=1 rethrow=0 return_oop=0}
                      ; - (reexecute) ui.utils.e.c::aib@0 (line 843)
                      ; - ui.utils.x::bC@11 (line 2897)
                      ; - ui.data.common.H::<init>@21 (line 35)
                      ; - ui.h.a.h::<init>@2 (line 13)
                      ; - ui.h.a.d::jIK@116 (line 72)
  0x000001c1009aa19c: 06e9 d6e8 | ffff 488b 

  0x000001c1009aa1a4: ;   {runtime_call fast_new_instance Runtime1 stub}
  0x000001c1009aa1a4: d2e8 d6ed 

  0x000001c1009aa1a8: ; ImmutableOopMap {[240]=Oop [248]=Oop [272]=Oop [296]=Oop }
                      ;*new {reexecute=0 rethrow=0 return_oop=0}
                      ; - ui.utils.e.c::aib@0 (line 843)
                      ; - ui.utils.x::bC@11 (line 2897)
                      ; - ui.data.common.H::<init>@21 (line 35)
                      ; - ui.h.a.h::<init>@2 (line 13)
                      ; - ui.h.a.d::jIK@116 (line 72)
  0x000001c1009aa1a8: ca06 e921 

  0x000001c1009aa1ac: ;   {runtime_call throw_null_pointer_exception Runtime1 stub}
  0x000001c1009aa1ac: e9ff ffe8 

  0x000001c1009aa1b0: ; ImmutableOopMap {rdx=Oop [240]=Oop [248]=Oop [272]=Oop [296]=Oop [304]=Oop }
                      ;*synchronization entry
                      ; - ui.utils.e.c::debug@-1 (line 232)
                      ; - ui.utils.e.c::aib@10 (line 844)
                      ; - ui.utils.x::bC@11 (line 2897)
                      ; - ui.data.common.H::<init>@21 (line 35)
                      ; - ui.h.a.h::<init>@2 (line 13)
                      ; - ui.h.a.d::jIK@116 (line 72)
  0x000001c1009aa1b0: 6c0a ca06 | 4889 5424 | 084c 8904 

  0x000001c1009aa1bc: ;   {runtime_call monitorenter_nofpu Runtime1 stub}
  0x000001c1009aa1bc: 24e8 3e1b 

  0x000001c1009aa1c0: ; ImmutableOopMap {rdx=Oop [240]=Oop [248]=Oop [272]=Oop [296]=Oop [304]=Oop [344]=Oop }
                      ;*synchronization entry
                      ; - ui.utils.e.c::debug@-1 (line 232)
                      ; - ui.utils.e.c::aib@10 (line 844)
                      ; - ui.utils.x::bC@11 (line 2897)
                      ; - ui.data.common.H::<init>@21 (line 35)
                      ; - ui.h.a.h::<init>@2 (line 13)
                      ; - ui.h.a.d::jIK@116 (line 72)
  0x000001c1009aa1c0: cb06 e99b 

  0x000001c1009aa1c4: ;   {metadata({method} {0x000001c15a043940} 'debug' '(Ljava/lang/Exception;)V' in 'ui/utils/e/c')}
  0x000001c1009aa1c4: e9ff ff49 | ba38 3904 | 5ac1 0100 | 004c 8954 | 2408 48c7 | 0424 ffff 

  0x000001c1009aa1dc: ;   {runtime_call counter_overflow Runtime1 stub}
  0x000001c1009aa1dc: ffff e81d 

  0x000001c1009aa1e0: ; ImmutableOopMap {[240]=Oop [248]=Oop [272]=Oop [296]=Oop [304]=Oop [344]=Oop }
                      ;*synchronization entry
                      ; - ui.utils.e.c::debug@-1 (line 232)
                      ; - ui.utils.e.c::aib@10 (line 844)
                      ; - ui.utils.x::bC@11 (line 2897)
                      ; - ui.data.common.H::<init>@21 (line 35)
                      ; - ui.h.a.h::<init>@2 (line 13)
                      ; - ui.h.a.d::jIK@116 (line 72)
  0x000001c1009aa1e0: 45cb 06e9 | a7e9 ffff | 488d 8424 | 5001 0000 | 4889 0424 

  0x000001c1009aa1f4: ;   {runtime_call monitorexit_nofpu Runtime1 stub}
  0x000001c1009aa1f4: e887 21cb | 06e9 e8e9 | ffff 49b8 | 0000 0000 | 0000 0000 | b800 0f05 

  0x000001c1009aa20c: ;   {runtime_call load_appendix_patching Runtime1 stub}
  0x000001c1009aa20c: 0ae8 6e3b 

  0x000001c1009aa210: ; ImmutableOopMap {[240]=Oop [248]=Oop [272]=Oop [296]=Oop }
                      ;*invokedynamic {reexecute=1 rethrow=0 return_oop=0}
                      ; - (reexecute) ui.utils.x::bC@18 (line 2899)
                      ; - ui.data.common.H::<init>@21 (line 35)
                      ; - ui.h.a.h::<init>@2 (line 13)
                      ; - ui.h.a.d::jIK@116 (line 72)
  0x000001c1009aa210: cb06 e9e9 

  0x000001c1009aa214: ;   {metadata({method} {0x000001c159493140} 'log' '(Ljava/lang/String;)V' in 'ui/utils/x')}
  0x000001c1009aa214: e9ff ff49 | ba38 3149 | 59c1 0100 | 004c 8954 | 2408 48c7 | 0424 ffff 

  0x000001c1009aa22c: ;   {runtime_call counter_overflow Runtime1 stub}
  0x000001c1009aa22c: ffff e8cd 

  0x000001c1009aa230: ; ImmutableOopMap {rax=Oop [240]=Oop [248]=Oop [272]=Oop [296]=Oop }
                      ;*synchronization entry
                      ; - ui.utils.x::log@-1 (line 2111)
                      ; - ui.utils.x::bC@23 (line 2899)
                      ; - ui.data.common.H::<init>@21 (line 35)
                      ; - ui.h.a.h::<init>@2 (line 13)
                      ; - ui.h.a.d::jIK@116 (line 72)
  0x000001c1009aa230: 44cb 06e9 | 48ea ffff 

  0x000001c1009aa238: ;   {metadata({method} {0x000001c159f50da8} 'acU' '(Ljava/lang/String;)Ljava/lang/StringBuilder;' in 'ui/frmwork/str/robot/m')}
  0x000001c1009aa238: 49ba a00d | f559 c101 | 0000 4c89 | 5424 0848 | c704 24ff 

  0x000001c1009aa24c: ;   {runtime_call counter_overflow Runtime1 stub}
  0x000001c1009aa24c: ffff ffe8 

  0x000001c1009aa250: ; ImmutableOopMap {rax=Oop [240]=Oop [248]=Oop [272]=Oop [296]=Oop }
                      ;*synchronization entry
                      ; - ui.frmwork.str.robot.m::acU@-1 (line 278)
                      ; - ui.utils.x::log@1 (line 2111)
                      ; - ui.utils.x::bC@23 (line 2899)
                      ; - ui.data.common.H::<init>@21 (line 35)
                      ; - ui.h.a.h::<init>@2 (line 13)
                      ; - ui.h.a.d::jIK@116 (line 72)
  0x000001c1009aa250: ac44 cb06 | e966 eaff 

  0x000001c1009aa258: ;   {runtime_call throw_null_pointer_exception Runtime1 stub}
  0x000001c1009aa258: ffe8 c209 

  0x000001c1009aa25c: ; ImmutableOopMap {rdx=Oop r8=Oop [240]=Oop [248]=Oop [272]=Oop [296]=Oop }
                      ;*synchronization entry
                      ; - ui.frmwork.str.a::l@-1 (line 390)
                      ; - ui.utils.x::log@4 (line 2111)
                      ; - ui.utils.x::bC@23 (line 2899)
                      ; - ui.data.common.H::<init>@21 (line 35)
                      ; - ui.h.a.h::<init>@2 (line 13)
                      ; - ui.h.a.d::jIK@116 (line 72)
  0x000001c1009aa25c: ca06 4c89 | 4424 0848 

  0x000001c1009aa264: ;   {runtime_call monitorenter_nofpu Runtime1 stub}
  0x000001c1009aa264: 8934 24e8 

  0x000001c1009aa268: ; ImmutableOopMap {rdx=Oop r8=Oop [240]=Oop [248]=Oop [272]=Oop [296]=Oop [344]=Oop }
                      ;*synchronization entry
                      ; - ui.frmwork.str.a::l@-1 (line 390)
                      ; - ui.utils.x::log@4 (line 2111)
                      ; - ui.utils.x::bC@23 (line 2899)
                      ; - ui.data.common.H::<init>@21 (line 35)
                      ; - ui.h.a.h::<init>@2 (line 13)
                      ; - ui.h.a.d::jIK@116 (line 72)
  0x000001c1009aa268: 941a cb06 | e9d4 eaff 

  0x000001c1009aa270: ;   {metadata({method} {0x000001c15a035f38} 'l' '(Ljava/lang/StringBuilder;)V' in 'ui/frmwork/str/a')}
  0x000001c1009aa270: ff49 ba30 | 5f03 5ac1 | 0100 004c | 8954 2408 | 48c7 0424 | ffff ffff 

  0x000001c1009aa288: ;   {runtime_call counter_overflow Runtime1 stub}
  0x000001c1009aa288: e873 44cb 

  0x000001c1009aa28c: ; ImmutableOopMap {rdx=Oop [240]=Oop [248]=Oop [272]=Oop [296]=Oop [344]=Oop }
                      ;*synchronization entry
                      ; - ui.frmwork.str.a::l@-1 (line 390)
                      ; - ui.utils.x::log@4 (line 2111)
                      ; - ui.utils.x::bC@23 (line 2899)
                      ; - ui.data.common.H::<init>@21 (line 35)
                      ; - ui.h.a.h::<init>@2 (line 13)
                      ; - ui.h.a.d::jIK@116 (line 72)
  0x000001c1009aa28c: 06e9 e0ea | ffff 488d | 8424 5001 | 0000 4889 

  0x000001c1009aa29c: ;   {runtime_call monitorexit_nofpu Runtime1 stub}
  0x000001c1009aa29c: 0424 e8dd | 20cb 06e9 | 38eb ffff 

  0x000001c1009aa2a8: ;   {metadata({method} {0x000001c15a0368d8} 'm' '(Ljava/lang/StringBuilder;)V' in 'ui/frmwork/str/a')}
  0x000001c1009aa2a8: 49ba d068 | 035a c101 | 0000 4c89 | 5424 0848 | c704 24ff 

  0x000001c1009aa2bc: ;   {runtime_call counter_overflow Runtime1 stub}
  0x000001c1009aa2bc: ffff ffe8 

  0x000001c1009aa2c0: ; ImmutableOopMap {rdx=Oop [240]=Oop [248]=Oop [272]=Oop [296]=Oop [344]=Oop }
                      ;*synchronization entry
                      ; - ui.frmwork.str.a::m@-1 (line 545)
                      ; - ui.frmwork.str.a::l@6 (line 393)
                      ; - ui.utils.x::log@4 (line 2111)
                      ; - ui.utils.x::bC@23 (line 2899)
                      ; - ui.data.common.H::<init>@21 (line 35)
                      ; - ui.h.a.h::<init>@2 (line 13)
                      ; - ui.h.a.d::jIK@116 (line 72)
  0x000001c1009aa2c0: 3c44 cb06 | e958 ebff 

  0x000001c1009aa2c8: ;   {metadata({method} {0x000001c159490148} 'jPn' '()Z' in 'ui/utils/x')}
  0x000001c1009aa2c8: ff49 ba40 | 0149 59c1 | 0100 004c | 8954 2408 | 48c7 0424 | ffff ffff 

  0x000001c1009aa2e0: ;   {runtime_call counter_overflow Runtime1 stub}
  0x000001c1009aa2e0: e81b 44cb 

  0x000001c1009aa2e4: ; ImmutableOopMap {rdx=Oop [240]=Oop [248]=Oop [272]=Oop [296]=Oop [344]=Oop }
                      ;*synchronization entry
                      ; - ui.utils.x::jPn@-1 (line 1756)
                      ; - ui.frmwork.str.a::m@1 (line 545)
                      ; - ui.frmwork.str.a::l@6 (line 393)
                      ; - ui.utils.x::log@4 (line 2111)
                      ; - ui.utils.x::bC@23 (line 2899)
                      ; - ui.data.common.H::<init>@21 (line 35)
                      ; - ui.h.a.h::<init>@2 (line 13)
                      ; - ui.h.a.d::jIK@116 (line 72)
  0x000001c1009aa2e4: 06e9 73eb | ffff 488d | 8424 5001 | 0000 4889 

  0x000001c1009aa2f4: ;   {runtime_call monitorexit_nofpu Runtime1 stub}
  0x000001c1009aa2f4: 0424 e885 | 20cb 06e9 | c8eb ffff 

  0x000001c1009aa300: ;   {metadata({method} {0x000001c1934c3758} 'jIV' '()I' in 'ui/h/a/h')}
  0x000001c1009aa300: 49ba 5037 | 4c93 c101 | 0000 4c89 | 5424 0848 | c704 24ff 

  0x000001c1009aa314: ;   {runtime_call counter_overflow Runtime1 stub}
  0x000001c1009aa314: ffff ffe8 

  0x000001c1009aa318: ; ImmutableOopMap {rax=Oop [240]=Oop [248]=Oop [272]=Oop [296]=Oop }
                      ;*synchronization entry
                      ; - ui.h.a.h::jIV@-1 (line 17)
                      ; - ui.h.a.d::jIK@128 (line 74)
  0x000001c1009aa318: e443 cb06 | e920 ecff 

  0x000001c1009aa320: ;   {metadata({method} {0x000001c1934c37f8} 'jIW' '()I' in 'ui/h/a/h')}
  0x000001c1009aa320: ff49 baf0 | 374c 93c1 | 0100 004c | 8954 2408 | 48c7 0424 | ffff ffff 

  0x000001c1009aa338: ;   {runtime_call counter_overflow Runtime1 stub}
  0x000001c1009aa338: e8c3 43cb 

  0x000001c1009aa33c: ; ImmutableOopMap {[240]=Oop [248]=Oop [272]=Oop [296]=Oop }
                      ;*synchronization entry
                      ; - ui.h.a.h::jIW@-1 (line 21)
                      ; - ui.h.a.d::jIK@137 (line 75)
  0x000001c1009aa33c: 06e9 05ed 

  0x000001c1009aa340: ;   {metadata({method} {0x000001c15c29b698} 'jIK' '()V' in 'ui/h/a/d')}
  0x000001c1009aa340: ffff 49ba | 90b6 295c | c101 0000 | 4c89 5424 | 0848 c704 | 2492 0000 

  0x000001c1009aa358: ;   {runtime_call counter_overflow Runtime1 stub}
  0x000001c1009aa358: 00e8 a243 

  0x000001c1009aa35c: ; ImmutableOopMap {[240]=Oop [248]=Oop [272]=Oop [296]=Oop }
                      ;*iflt {reexecute=1 rethrow=0 return_oop=0}
                      ; - (reexecute) ui.h.a.d::jIK@146 (line 76)
  0x000001c1009aa35c: cb06 e9fa 

  0x000001c1009aa360: ;   {metadata({method} {0x000001c1934c3898} 'bCN' '()I' in 'ui/h/a/h')}
  0x000001c1009aa360: edff ff49 | ba90 384c | 93c1 0100 | 004c 8954 | 2408 48c7 | 0424 ffff 

  0x000001c1009aa378: ;   {runtime_call counter_overflow Runtime1 stub}
  0x000001c1009aa378: ffff e881 

  0x000001c1009aa37c: ; ImmutableOopMap {rax=Oop [240]=Oop [248]=Oop [272]=Oop [296]=Oop }
                      ;*synchronization entry
                      ; - ui.h.a.h::bCN@-1 (line 25)
                      ; - ui.h.a.d::jIK@159 (line 78)
  0x000001c1009aa37c: 43cb 06e9 | a1ee ffff 

  0x000001c1009aa384: ;   {metadata({method} {0x000001c1934c3938} 'getMessage' '()Ljava/lang/String;' in 'ui/h/a/h')}
  0x000001c1009aa384: 49ba 3039 | 4c93 c101 | 0000 4c89 | 5424 0848 | c704 24ff 

  0x000001c1009aa398: ;   {runtime_call counter_overflow Runtime1 stub}
  0x000001c1009aa398: ffff ffe8 

  0x000001c1009aa39c: ; ImmutableOopMap {[240]=Oop [248]=Oop [272]=Oop [296]=Oop }
                      ;*synchronization entry
                      ; - ui.h.a.h::getMessage@-1 (line 29)
                      ; - ui.h.a.d::jIK@166 (line 79)
  0x000001c1009aa39c: 6043 cb06 | e979 efff 

  0x000001c1009aa3a4: ;   {runtime_call throw_null_pointer_exception Runtime1 stub}
  0x000001c1009aa3a4: ffe8 7608 

  0x000001c1009aa3a8: ; ImmutableOopMap {rax=Oop [240]=Oop [248]=Oop [272]=Oop }
                      ;*invokevirtual replace {reexecute=0 rethrow=0 return_oop=0}
                      ; - ui.h.a.d::jIK@177 (line 82)
                      ;   {runtime_call throw_null_pointer_exception Runtime1 stub}
  0x000001c1009aa3a8: ca06 e871 

  0x000001c1009aa3ac: ; ImmutableOopMap {rax=Oop [240]=Oop [248]=Oop [272]=Oop }
                      ;*invokevirtual replace {reexecute=0 rethrow=0 return_oop=0}
                      ; - ui.h.a.d::jIK@188 (line 84)
                      ;   {runtime_call throw_null_pointer_exception Runtime1 stub}
  0x000001c1009aa3ac: 08ca 06e8 

  0x000001c1009aa3b0: ; ImmutableOopMap {rax=Oop [240]=Oop [248]=Oop [272]=Oop }
                      ;*invokevirtual replace {reexecute=0 rethrow=0 return_oop=0}
                      ; - ui.h.a.d::jIK@199 (line 85)
  0x000001c1009aa3b0: 6c08 ca06 

  0x000001c1009aa3b4: ;   {metadata({method} {0x000001c15bb70048} 'jIM' '()I' in 'ui/h/c/l')}
  0x000001c1009aa3b4: 49ba 4000 | b75b c101 | 0000 4c89 | 5424 0848 | c704 24ff 

  0x000001c1009aa3c8: ;   {runtime_call counter_overflow Runtime1 stub}
  0x000001c1009aa3c8: ffff ffe8 

  0x000001c1009aa3cc: ; ImmutableOopMap {rbx=Oop [240]=Oop [248]=Oop [272]=Oop }
                      ;*synchronization entry
                      ; - ui.h.c.l::jIM@-1 (line 14)
                      ; - ui.h.a.d::jIK@207 (line 86)
  0x000001c1009aa3cc: 3043 cb06 | e99a f1ff 

  0x000001c1009aa3d4: ;   {metadata({method} {0x000001c15bb700e0} 'jIN' '()I' in 'ui/h/c/l')}
  0x000001c1009aa3d4: ff49 bad8 | 00b7 5bc1 | 0100 004c | 8954 2408 | 48c7 0424 | ffff ffff 

  0x000001c1009aa3ec: ;   {runtime_call counter_overflow Runtime1 stub}
  0x000001c1009aa3ec: e80f 43cb 

  0x000001c1009aa3f0: ; ImmutableOopMap {rbx=Oop [240]=Oop [248]=Oop [272]=Oop }
                      ;*synchronization entry
                      ; - ui.h.c.l::jIN@-1 (line 18)
                      ; - ui.h.a.d::jIK@216 (line 86)
  0x000001c1009aa3f0: 06e9 7bf2 

  0x000001c1009aa3f4: ;   {metadata({method} {0x000001c15bb70178} 'jIO' '()I' in 'ui/h/c/l')}
  0x000001c1009aa3f4: ffff 49ba | 7001 b75b | c101 0000 | 4c89 5424 | 0848 c704 | 24ff ffff 

  0x000001c1009aa40c: ;   {runtime_call counter_overflow Runtime1 stub}
  0x000001c1009aa40c: ffe8 ee42 

  0x000001c1009aa410: ; ImmutableOopMap {rbx=Oop [240]=Oop [248]=Oop [272]=Oop }
                      ;*synchronization entry
                      ; - ui.h.c.l::jIO@-1 (line 22)
                      ; - ui.h.a.d::jIK@225 (line 86)
  0x000001c1009aa410: cb06 e954 | f3ff ff48 

  0x000001c1009aa418: ;   {runtime_call fast_new_instance Runtime1 stub}
  0x000001c1009aa418: 8bd2 e861 

  0x000001c1009aa41c: ; ImmutableOopMap {rbx=Oop [240]=Oop [248]=Oop [272]=Oop }
                      ;*new {reexecute=0 rethrow=0 return_oop=0}
                      ; - ui.h.a.d::jIK@237 (line 88)
  0x000001c1009aa41c: ebca 06e9 | 05f4 ffff 

  0x000001c1009aa424: ;   {metadata({method} {0x000001c15bb70948} 'a' '(Ljava/util/List;Lui/h/c/j;)V' in 'ui/h/c/l')}
  0x000001c1009aa424: 49ba 4009 | b75b c101 | 0000 4c89 | 5424 0848 | c704 24ff 

  0x000001c1009aa438: ;   {runtime_call counter_overflow Runtime1 stub}
  0x000001c1009aa438: ffff ffe8 

  0x000001c1009aa43c: ; ImmutableOopMap {[240]=Oop [248]=Oop [272]=Oop [320]=Oop }
                      ;*synchronization entry
                      ; - ui.h.c.l::a@-1 (line 90)
                      ; - ui.h.a.d::jIK@255 (line 88)
  0x000001c1009aa43c: c042 cb06 | e9e7 f4ff | ff48 8904 

  0x000001c1009aa448: ;   {runtime_call throw_class_cast_exception Runtime1 stub}
  0x000001c1009aa448: 24e8 520c 

  0x000001c1009aa44c: ; ImmutableOopMap {[240]=Oop [248]=Oop [272]=Oop [320]=Oop }
                      ;*checkcast {reexecute=0 rethrow=0 return_oop=0}
                      ; - ui.h.c.l::a@19 (line 91)
                      ; - ui.h.a.d::jIK@255 (line 88)
                      ;   {runtime_call throw_incompatible_class_change_error Runtime1 stub}
  0x000001c1009aa44c: cb06 e84d 

  0x000001c1009aa450: ; ImmutableOopMap {rdx=Oop [240]=Oop [248]=Oop [272]=Oop [320]=Oop }
                      ;*invokeinterface a {reexecute=0 rethrow=0 return_oop=0}
                      ; - ui.h.c.l::a@23 (line 91)
                      ; - ui.h.a.d::jIK@255 (line 88)
                      ;   {runtime_call throw_null_pointer_exception Runtime1 stub}
  0x000001c1009aa450: 0fcb 06e8 

  0x000001c1009aa454: ; ImmutableOopMap {rdx=Oop [240]=Oop [248]=Oop [272]=Oop [320]=Oop }
                      ;*invokeinterface a {reexecute=0 rethrow=0 return_oop=0}
                      ; - ui.h.c.l::a@23 (line 91)
                      ; - ui.h.a.d::jIK@255 (line 88)
  0x000001c1009aa454: c807 ca06 

  0x000001c1009aa458: ;   {metadata({method} {0x000001c15bb70948} 'a' '(Ljava/util/List;Lui/h/c/j;)V' in 'ui/h/c/l')}
  0x000001c1009aa458: 49ba 4009 | b75b c101 | 0000 4c89 | 5424 0848 | c704 241f 

  0x000001c1009aa46c: ;   {runtime_call counter_overflow Runtime1 stub}
  0x000001c1009aa46c: 0000 00e8 

  0x000001c1009aa470: ; ImmutableOopMap {[240]=Oop [248]=Oop [272]=Oop [320]=Oop }
                      ;*goto {reexecute=1 rethrow=0 return_oop=0}
                      ; - (reexecute) ui.h.c.l::a@31 (line 90)
                      ; - ui.h.a.d::jIK@255 (line 88)
  0x000001c1009aa470: 8c42 cb06 | e924 f7ff 

  0x000001c1009aa478: ;   {runtime_call throw_null_pointer_exception Runtime1 stub}
  0x000001c1009aa478: ffe8 a207 

  0x000001c1009aa47c: ; ImmutableOopMap {rsi=Oop [240]=Oop [248]=Oop [272]=Oop [320]=Oop }
                      ;*invokeinterface size {reexecute=0 rethrow=0 return_oop=0}
                      ; - ui.h.c.l::a@4 (line 90)
                      ; - ui.h.a.d::jIK@255 (line 88)
                      ;   {metadata({method} {0x000001c15c29b698} 'jIK' '()V' in 'ui/h/a/d')}
  0x000001c1009aa47c: ca06 49ba | 90b6 295c | c101 0000 | 4c89 5424 | 0848 c704 | 2402 0100 

  0x000001c1009aa494: ;   {runtime_call counter_overflow Runtime1 stub}
  0x000001c1009aa494: 00e8 6642 

  0x000001c1009aa498: ; ImmutableOopMap {[240]=Oop [248]=Oop [272]=Oop }
                      ;*goto {reexecute=1 rethrow=0 return_oop=0}
                      ; - (reexecute) ui.h.a.d::jIK@258 (line 93)
  0x000001c1009aa498: cb06 e95d 

  0x000001c1009aa49c: ;   {metadata({method} {0x000001c15c29b698} 'jIK' '()V' in 'ui/h/a/d')}
  0x000001c1009aa49c: f8ff ff49 | ba90 b629 | 5cc1 0100 | 004c 8954 | 2408 48c7 | 0424 9a00 

  0x000001c1009aa4b4: ;   {runtime_call counter_overflow Runtime1 stub}
  0x000001c1009aa4b4: 0000 e845 

  0x000001c1009aa4b8: ; ImmutableOopMap {[240]=Oop [248]=Oop [272]=Oop }
                      ;*goto {reexecute=1 rethrow=0 return_oop=0}
                      ; - (reexecute) ui.h.a.d::jIK@154 (line 77)
  0x000001c1009aa4b8: 42cb 06e9 | 9ef8 ffff | 488d 8424 | 5001 0000 | 4889 0424 

  0x000001c1009aa4cc: ;   {runtime_call monitorexit_nofpu Runtime1 stub}
  0x000001c1009aa4cc: e8af 1ecb | 06e9 26f9 | ffff 488d | 8424 5001 | 0000 4889 

  0x000001c1009aa4e0: ;   {runtime_call monitorexit_nofpu Runtime1 stub}
  0x000001c1009aa4e0: 0424 e899 | 1ecb 06e9 | 8df9 ffff 

  0x000001c1009aa4ec: ;   {metadata({method} {0x000001c159493348} 'o' '(Ljava/lang/Exception;)V' in 'ui/utils/x')}
  0x000001c1009aa4ec: 49ba 4033 | 4959 c101 | 0000 4c89 | 5424 0848 | c704 24ff 

  0x000001c1009aa500: ;   {runtime_call counter_overflow Runtime1 stub}
  0x000001c1009aa500: ffff ffe8 

  0x000001c1009aa504: ; ImmutableOopMap {rax=Oop [240]=Oop [248]=Oop }
                      ;*synchronization entry
                      ; - ui.utils.x::o@-1 (line 2128)
                      ; - ui.h.a.d::jIK@268 (line 96)
  0x000001c1009aa504: f841 cb06 | e9d9 f9ff 

  0x000001c1009aa50c: ;   {metadata({method} {0x000001c15c29b698} 'jIK' '()V' in 'ui/h/a/d')}
  0x000001c1009aa50c: ff49 ba90 | b629 5cc1 | 0100 004c | 8954 2408 | 48c7 0424 | 0f01 0000 

  0x000001c1009aa524: ;   {runtime_call counter_overflow Runtime1 stub}
  0x000001c1009aa524: e8d7 41cb 

  0x000001c1009aa528: ; ImmutableOopMap {[240]=Oop [248]=Oop }
                      ;*goto {reexecute=1 rethrow=0 return_oop=0}
                      ; - (reexecute) ui.h.a.d::jIK@271 (line 98)
  0x000001c1009aa528: 06e9 0efa 

  0x000001c1009aa52c: ;   {metadata({method} {0x000001c15c29b698} 'jIK' '()V' in 'ui/h/a/d')}
  0x000001c1009aa52c: ffff 49ba | 90b6 295c | c101 0000 | 4c89 5424 | 0848 c704 | 2439 0000 

  0x000001c1009aa544: ;   {runtime_call counter_overflow Runtime1 stub}
  0x000001c1009aa544: 00e8 b641 

  0x000001c1009aa548: ; ImmutableOopMap {[240]=Oop [248]=Oop }
                      ;*goto {reexecute=1 rethrow=0 return_oop=0}
                      ; - (reexecute) ui.h.a.d::jIK@57 (line 65)
  0x000001c1009aa548: cb06 e93c 

  0x000001c1009aa54c: ;   {internal_word}
  0x000001c1009aa54c: faff ff49 | baba 9f9a | 00c1 0100 | 004d 8997 | 6804 0000 

  0x000001c1009aa560: ;   {runtime_call SafepointBlob}
  0x000001c1009aa560: e91b c6bd | 0644 8b84 | 2420 0100 | 00e9 9df8 | ffff 448b | 8424 2001 | 0000 e923 | f8ff ff49 
  0x000001c1009aa580: 8b87 0005 | 0000 49c7 | 8700 0500 | 0000 0000 | 0049 c787 | 0805 0000 | 0000 0000 | 4881 c470 
  0x000001c1009aa5a0: 0100 005d 

  0x000001c1009aa5a4: ;   {runtime_call unwind_exception Runtime1 stub}
  0x000001c1009aa5a4: e957 f7c9 | 06f4 f4f4 | f4f4 f4f4 
[Stub Code]
  0x000001c1009aa5b0: ;   {no_reloc}
  0x000001c1009aa5b0: 0f1f 4400 

  0x000001c1009aa5b4: ;   {static_stub}
  0x000001c1009aa5b4: 0048 bb00 | 0000 0000 

  0x000001c1009aa5bc: ;   {runtime_call}
  0x000001c1009aa5bc: 0000 00e9 | fbff ffff 

  0x000001c1009aa5c4: ;   {static_stub}
  0x000001c1009aa5c4: 9048 bb00 | 0000 0000 

  0x000001c1009aa5cc: ;   {runtime_call}
  0x000001c1009aa5cc: 0000 00e9 | fbff ffff 

  0x000001c1009aa5d4: ;   {static_stub}
  0x000001c1009aa5d4: 9048 bb00 | 0000 0000 

  0x000001c1009aa5dc: ;   {runtime_call}
  0x000001c1009aa5dc: 0000 00e9 | fbff ffff 

  0x000001c1009aa5e4: ;   {static_stub}
  0x000001c1009aa5e4: 9048 bb00 | 0000 0000 

  0x000001c1009aa5ec: ;   {runtime_call}
  0x000001c1009aa5ec: 0000 00e9 | fbff ffff 

  0x000001c1009aa5f4: ;   {static_stub}
  0x000001c1009aa5f4: 9048 bb00 | 0000 0000 

  0x000001c1009aa5fc: ;   {runtime_call}
  0x000001c1009aa5fc: 0000 00e9 | fbff ffff 

  0x000001c1009aa604: ;   {static_stub}
  0x000001c1009aa604: 9048 bb00 | 0000 0000 

  0x000001c1009aa60c: ;   {runtime_call}
  0x000001c1009aa60c: 0000 00e9 | fbff ffff 

  0x000001c1009aa614: ;   {static_stub}
  0x000001c1009aa614: 9048 bb00 | 0000 0000 

  0x000001c1009aa61c: ;   {runtime_call}
  0x000001c1009aa61c: 0000 00e9 | fbff ffff 

  0x000001c1009aa624: ;   {static_stub}
  0x000001c1009aa624: 9048 bb00 | 0000 0000 

  0x000001c1009aa62c: ;   {runtime_call}
  0x000001c1009aa62c: 0000 00e9 | fbff ffff 

  0x000001c1009aa634: ;   {static_stub}
  0x000001c1009aa634: 9048 bb00 | 0000 0000 

  0x000001c1009aa63c: ;   {runtime_call}
  0x000001c1009aa63c: 0000 00e9 | fbff ffff 

  0x000001c1009aa644: ;   {static_stub}
  0x000001c1009aa644: 48bb 0000 | 0000 0000 

  0x000001c1009aa64c: ;   {runtime_call}
  0x000001c1009aa64c: 0000 e9fb 

  0x000001c1009aa650: ;   {static_stub}
  0x000001c1009aa650: ffff ff48 | bb00 0000 | 0000 0000 

  0x000001c1009aa65c: ;   {runtime_call}
  0x000001c1009aa65c: 00e9 fbff 

  0x000001c1009aa660: ;   {static_stub}
  0x000001c1009aa660: ffff 48bb | 0000 0000 | 0000 0000 

  0x000001c1009aa66c: ;   {runtime_call}
  0x000001c1009aa66c: e9fb ffff 

  0x000001c1009aa670: ;   {static_stub}
  0x000001c1009aa670: ff48 bb00 | 0000 0000 

  0x000001c1009aa678: ;   {runtime_call}
  0x000001c1009aa678: 0000 00e9 | fbff ffff 

  0x000001c1009aa680: ;   {static_stub}
  0x000001c1009aa680: 48bb 0000 | 0000 0000 

  0x000001c1009aa688: ;   {runtime_call}
  0x000001c1009aa688: 0000 e9fb 

  0x000001c1009aa68c: ;   {static_stub}
  0x000001c1009aa68c: ffff ff48 | bb00 0000 | 0000 0000 

  0x000001c1009aa698: ;   {runtime_call}
  0x000001c1009aa698: 00e9 fbff 

  0x000001c1009aa69c: ;   {static_stub}
  0x000001c1009aa69c: ffff 48bb | 0000 0000 | 0000 0000 

  0x000001c1009aa6a8: ;   {runtime_call}
  0x000001c1009aa6a8: e9fb ffff 

  0x000001c1009aa6ac: ;   {static_stub}
  0x000001c1009aa6ac: ff48 bb00 | 0000 0000 

  0x000001c1009aa6b4: ;   {runtime_call}
  0x000001c1009aa6b4: 0000 00e9 | fbff ffff 

  0x000001c1009aa6bc: ;   {static_stub}
  0x000001c1009aa6bc: 48bb 0000 | 0000 0000 

  0x000001c1009aa6c4: ;   {runtime_call}
  0x000001c1009aa6c4: 0000 e9fb 

  0x000001c1009aa6c8: ;   {static_stub}
  0x000001c1009aa6c8: ffff ff48 | bb00 0000 | 0000 0000 

  0x000001c1009aa6d4: ;   {runtime_call}
  0x000001c1009aa6d4: 00e9 fbff 

  0x000001c1009aa6d8: ;   {static_stub}
  0x000001c1009aa6d8: ffff 48bb | 0000 0000 | 0000 0000 

  0x000001c1009aa6e4: ;   {runtime_call}
  0x000001c1009aa6e4: e9fb ffff 

  0x000001c1009aa6e8: ;   {static_stub}
  0x000001c1009aa6e8: ff48 bb00 | 0000 0000 

  0x000001c1009aa6f0: ;   {runtime_call}
  0x000001c1009aa6f0: 0000 00e9 | fbff ffff 

  0x000001c1009aa6f8: ;   {static_stub}
  0x000001c1009aa6f8: 48bb 0000 | 0000 0000 

  0x000001c1009aa700: ;   {runtime_call}
  0x000001c1009aa700: 0000 e9fb 

  0x000001c1009aa704: ;   {static_stub}
  0x000001c1009aa704: ffff ff48 | bb00 0000 | 0000 0000 

  0x000001c1009aa710: ;   {runtime_call}
  0x000001c1009aa710: 00e9 fbff 

  0x000001c1009aa714: ;   {static_stub}
  0x000001c1009aa714: ffff 48bb | 0000 0000 | 0000 0000 

  0x000001c1009aa720: ;   {runtime_call}
  0x000001c1009aa720: e9fb ffff 

  0x000001c1009aa724: ;   {static_stub}
  0x000001c1009aa724: ff48 bb00 | 0000 0000 

  0x000001c1009aa72c: ;   {runtime_call}
  0x000001c1009aa72c: 0000 00e9 | fbff ffff 

  0x000001c1009aa734: ;   {static_stub}
  0x000001c1009aa734: 48bb 0000 | 0000 0000 

  0x000001c1009aa73c: ;   {runtime_call}
  0x000001c1009aa73c: 0000 e9fb 

  0x000001c1009aa740: ;   {runtime_call handle_exception_from_callee Runtime1 stub}
  0x000001c1009aa740: ffff ffe8 | 3803 cb06 

  0x000001c1009aa748: ;   {external_word}
  0x000001c1009aa748: 48b9 50e0 | 9711 fa7f | 0000 4883 

  0x000001c1009aa754: ;   {runtime_call}
  0x000001c1009aa754: e4f0 48b8 | 50ef 5a11 | fa7f 0000 

  0x000001c1009aa760: ;   {section_word}
  0x000001c1009aa760: ffd0 f449 | ba63 a79a | 00c1 0100 

  0x000001c1009aa76c: ;   {runtime_call DeoptimizationBlob}
  0x000001c1009aa76c: 0041 52e9 | acd8 bd06 | f4f4 f4f4 
[/MachCode]


---------------  P R O C E S S  ---------------

Threads class SMR info:
_java_thread_list=0x000001c1a01219a0, length=150, elements={
0x000001c174f39960, 0x000001c1763d7410, 0x000001c1763e4810, 0x000001c1763efee0,
0x000001c1763f0550, 0x000001c1763f0bc0, 0x000001c1763f4280, 0x000001c1763f5900,
0x000001c1763fc2f0, 0x000001c1763fc9a0, 0x000001c17662f4f0, 0x000001c17663d3a0,
0x000001c15d0d8640, 0x000001c15d5fe300, 0x000001c15d4ac4b0, 0x000001c15e904700,
0x000001c15ecf4c50, 0x000001c15ef60e70, 0x000001c15ef60150, 0x000001c15ef5e710,
0x000001c15ef5eda0, 0x000001c15dd91130, 0x000001c15dd8fd80, 0x000001c15dd8f060,
0x000001c15dd93890, 0x000001c15dd952d0, 0x000001c15dd945b0, 0x000001c15e5a0b70,
0x000001c15e59f130, 0x000001c15e59eaa0, 0x000001c15e5a25b0, 0x000001c15e5a32d0,
0x000001c15e5a2c40, 0x000001c15e5a3ff0, 0x000001c15e5a3960, 0x000001c15e5a4680,
0x000001c186d87170, 0x000001c180c22d80, 0x000001c180c26890, 0x000001c180c24130,
0x000001c180c28960, 0x000001c15dd93f20, 0x000001c15e59d6f0, 0x000001c15e59dd80,
0x000001c190128e80, 0x000001c19012f0f0, 0x000001c190127ad0, 0x000001c19012ea60,
0x000001c19012dd40, 0x000001c15dd8f6f0, 0x000001c19012af50, 0x000001c19012f780,
0x000001c18e5fc070, 0x000001c18e5fdab0, 0x000001c180c28ff0, 0x000001c180c26f20,
0x000001c187d4e4f0, 0x000001c187d4bd90, 0x000001c187d4f8a0, 0x000001c187d4de60,
0x000001c187d4cab0, 0x000001c18e5fd420, 0x000001c18e9deaa0, 0x000001c18e9e25b0,
0x000001c18e9de410, 0x000001c18e9ddd80, 0x000001c18e9e32d0, 0x000001c18e9e1200,
0x000001c18e9e3960, 0x000001c18e9e04e0, 0x000001c18e9dd060, 0x000001c18e9e4680,
0x000001c18e9e2c40, 0x000001c18ec7f210, 0x000001c18ec82d20, 0x000001c18ec85480,
0x000001c18ec84760, 0x000001c18ec82690, 0x000001c18ec83a40, 0x000001c18ec8b060,
0x000001c18ec8b6f0, 0x000001c18ec8d130, 0x000001c18ec86830, 0x000001c18ec8d7c0,
0x000001c18ec8caa0, 0x000001c18ec89620, 0x000001c18ec8a340, 0x000001c18ec8a9d0,
0x000001c18ec912d0, 0x000001c18ec8ff20, 0x000001c18ec8de50, 0x000001c18ec8f200,
0x000001c18ec8e4e0, 0x000001c18ec905b0, 0x000001c18ec8f890, 0x000001c18ec91960,
0x000001c18ec94750, 0x000001c18ec97bd0, 0x000001c18ec9d120, 0x000001c18eca0c30,
0x000001c18ec9bd70, 0x000001c18eca05a0, 0x000001c18eca1fe0, 0x000001c18ec833b0,
0x000001c18ec88270, 0x000001c18ec7ff30, 0x000001c18ec81970, 0x000001c18ec82000,
0x000001c18ec85b10, 0x000001c18ec8bd80, 0x000001c18ec89cb0, 0x000001c18ec90c40,
0x000001c18ec93a30, 0x000001c18ec940c0, 0x000001c18ec99610, 0x000001c18ec96190,
0x000001c18ec9de40, 0x000001c18ec9a9c0, 0x000001c18ec9eb60, 0x000001c18ec9f880,
0x000001c18ec9e4d0, 0x000001c18ec9b6e0, 0x000001c18eca5af0, 0x000001c18ec9f1f0,
0x000001c18eca2d00, 0x000001c18eca2670, 0x000001c18ec9ff10, 0x000001c18ec9ca90,
0x000001c18ec7f8a0, 0x000001c18ec7c420, 0x000001c18ec7bd90, 0x000001c18ec87be0,
0x000001c18ec86ec0, 0x000001c18ec84df0, 0x000001c18ec94de0, 0x000001c18eca1950,
0x000001c18eca9c90, 0x000001c18eca7530, 0x000001c18eca8250, 0x000001c18ec933a0,
0x000001c18eca7bc0, 0x000001c18eca8f70, 0x000001c18eca4dd0, 0x000001c18eca9600,
0x000001c18ecaa320, 0x000001c18ecaa9b0, 0x000001c18ecabd60, 0x000001c18ec88f90,
0x000001c18ec91ff0, 0x000001c18ecad110
}

Java Threads: ( => current thread )
  0x000001c174f39960 JavaThread "main"                              [_thread_blocked, id=18624, stack(0x000000bdd1600000,0x000000bdd1700000) (1024K)]
  0x000001c1763d7410 JavaThread "Reference Handler"          daemon [_thread_blocked, id=40076, stack(0x000000bdd1e00000,0x000000bdd2800000) (10240K)]
  0x000001c1763e4810 JavaThread "Finalizer"                  daemon [_thread_blocked, id=19444, stack(0x000000bdd2800000,0x000000bdd3200000) (10240K)]
  0x000001c1763efee0 JavaThread "Signal Dispatcher"          daemon [_thread_blocked, id=34360, stack(0x000000bdd3200000,0x000000bdd3c00000) (10240K)]
  0x000001c1763f0550 JavaThread "Attach Listener"            daemon [_thread_blocked, id=5504, stack(0x000000bdd3c00000,0x000000bdd4600000) (10240K)]
  0x000001c1763f0bc0 JavaThread "Service Thread"             daemon [_thread_blocked, id=25720, stack(0x000000bdd4600000,0x000000bdd5000000) (10240K)]
  0x000001c1763f4280 JavaThread "Monitor Deflation Thread"   daemon [_thread_blocked, id=37772, stack(0x000000bdd5000000,0x000000bdd5a00000) (10240K)]
  0x000001c1763f5900 JavaThread "C2 CompilerThread0"         daemon [_thread_blocked, id=16444, stack(0x000000bdd5a00000,0x000000bdd5b00000) (1024K)]
  0x000001c1763fc2f0 JavaThread "C1 CompilerThread0"         daemon [_thread_blocked, id=14384, stack(0x000000bdd5b00000,0x000000bdd5c00000) (1024K)]
  0x000001c1763fc9a0 JavaThread "StringDedupThread"          daemon [_thread_blocked, id=37852, stack(0x000000bdd5c00000,0x000000bdd6600000) (10240K)]
  0x000001c17662f4f0 JavaThread "Common-Cleaner"             daemon [_thread_blocked, id=26324, stack(0x000000bdd6600000,0x000000bdd7000000) (10240K)]
  0x000001c17663d3a0 JavaThread "Notification Thread"        daemon [_thread_blocked, id=17908, stack(0x000000bdd7000000,0x000000bdd7a00000) (10240K)]
  0x000001c15d0d8640 JavaThread "Java2D Disposer"            daemon [_thread_blocked, id=30712, stack(0x000000bdd7a00000,0x000000bdd8400000) (10240K)]
  0x000001c15d5fe300 JavaThread "AWT-Shutdown"                      [_thread_blocked, id=20864, stack(0x000000bdd8400000,0x000000bdd8e00000) (10240K)]
  0x000001c15d4ac4b0 JavaThread "AWT-Windows"                daemon [_thread_in_native, id=36120, stack(0x000000bdd8e00000,0x000000bdd9800000) (10240K)]
  0x000001c15e904700 JavaThread "TimerQueue"                 daemon [_thread_blocked, id=10416, stack(0x000000bdd9a00000,0x000000bdda400000) (10240K)]
=>0x000001c15ecf4c50 JavaThread "AWT-EventQueue-0"                  [_thread_in_native, id=28968, stack(0x000000bdda700000,0x000000bddb100000) (10240K)]
  0x000001c15ef60e70 JavaThread "Thread-1"                          [_thread_in_native, id=32964, stack(0x000000bdcfe00000,0x000000bdd1200000) (20480K)]
  0x000001c15ef60150 JavaThread "Process Messages Thread"           [_thread_blocked, id=23176, stack(0x000000bddc500000,0x000000bddcf00000) (10240K)]
  0x000001c15ef5e710 JavaThread "Batik CleanerThread"        daemon [_thread_blocked, id=37304, stack(0x000000bddcf00000,0x000000bddd900000) (10240K)]
  0x000001c15ef5eda0 JavaThread "SyntheticaCleanerThread"    daemon [_thread_blocked, id=39260, stack(0x000000bddd900000,0x000000bdde300000) (10240K)]
  0x000001c15dd91130 JavaThread "Timer-0"                           [_thread_blocked, id=13352, stack(0x000000bdded00000,0x000000bddf700000) (10240K)]
  0x000001c15dd8fd80 JavaThread "Monitor File Timestamp Swing Worker Thread"        [_thread_blocked, id=36220, stack(0x000000bddf700000,0x000000bde0100000) (10240K)]
  0x000001c15dd8f060 JavaThread "Monitor HEventQueue for Sluggish Gui Thread"        [_thread_blocked, id=36040, stack(0x000000bde0400000,0x000000bde0e00000) (10240K)]
  0x000001c15dd93890 JavaThread "SyntheticaAnimation 50"     daemon [_thread_blocked, id=20648, stack(0x000000bde0e00000,0x000000bde1800000) (10240K)]
  0x000001c15dd952d0 JavaThread "SyntheticaAnimation 25"     daemon [_thread_blocked, id=36604, stack(0x000000bde1800000,0x000000bde2200000) (10240K)]
  0x000001c15dd945b0 JavaThread "SyntheticaAnimation 70"     daemon [_thread_blocked, id=16708, stack(0x000000bde2c00000,0x000000bde3600000) (10240K)]
  0x000001c15e5a0b70 JavaThread "Refresh Filesets Swing Worker Thread"        [_thread_blocked, id=4832, stack(0x000000bddb100000,0x000000bddbb00000) (10240K)]
  0x000001c15e59f130 JavaThread "hw_ila_monitor"                    [_thread_blocked, id=18652, stack(0x000000bddbb00000,0x000000bddc500000) (10240K)]
  0x000001c15e59eaa0 JavaThread "pool-1-thread-1"                   [_thread_blocked, id=35128, stack(0x000000bde4000000,0x000000bde4a00000) (10240K)]
  0x000001c15e5a25b0 JavaThread "Timer-1"                           [_thread_blocked, id=10088, stack(0x000000bde4a00000,0x000000bde5400000) (10240K)]
  0x000001c15e5a32d0 JavaThread "pool-2-thread-1"                   [_thread_blocked, id=6320, stack(0x000000bde5400000,0x000000bde5e00000) (10240K)]
  0x000001c15e5a2c40 JavaThread "Timer-2"                           [_thread_blocked, id=16104, stack(0x000000bde5e00000,0x000000bde6800000) (10240K)]
  0x000001c15e5a3ff0 JavaThread "pool-3-thread-1"                   [_thread_blocked, id=34068, stack(0x000000bde6800000,0x000000bde7200000) (10240K)]
  0x000001c15e5a3960 JavaThread "Timer-3"                           [_thread_blocked, id=16360, stack(0x000000bde7200000,0x000000bde7c00000) (10240K)]
  0x000001c15e5a4680 JavaThread "pool-4-thread-1"                   [_thread_blocked, id=17604, stack(0x000000bde7c00000,0x000000bde8600000) (10240K)]
  0x000001c186d87170 JavaThread "Timer-4"                           [_thread_blocked, id=40796, stack(0x000000bde8600000,0x000000bde9000000) (10240K)]
  0x000001c180c22d80 JavaThread "Update Runs Swing Worker Thread"        [_thread_blocked, id=11688, stack(0x000000bde9a00000,0x000000bdea400000) (10240K)]
  0x000001c180c26890 JavaThread "Thread-33"                         [_thread_in_native, id=19516, stack(0x000000bde0100000,0x000000bde0200000) (1024K)]
  0x000001c180c24130 JavaThread "Thread-34"                         [_thread_in_native, id=11172, stack(0x000000bde0200000,0x000000bde0300000) (1024K)]
  0x000001c180c28960 JavaThread "SyntheticaAnimation 50"     daemon [_thread_blocked, id=20700, stack(0x000000bdde300000,0x000000bdded00000) (10240K)]
  0x000001c15dd93f20 JavaThread "Image Animator 3"           daemon [_thread_blocked, id=28824, stack(0x000000bde2200000,0x000000bde2c00000) (10240K)]
  0x000001c15e59d6f0 JavaThread "Timer-5"                           [_thread_blocked, id=17420, stack(0x000000bde3600000,0x000000bde4000000) (10240K)]
  0x000001c15e59dd80 JavaThread "Monitor File Timestamp Swing Worker Thread"        [_thread_blocked, id=38456, stack(0x000000bde9000000,0x000000bde9a00000) (10240K)]
  0x000001c190128e80 JavaThread "Thread-666"                        [_thread_in_native, id=19408, stack(0x000000bdcfa00000,0x000000bdcfb00000) (1024K)]
  0x000001c19012f0f0 JavaThread "Thread-667"                        [_thread_in_native, id=13888, stack(0x000000bdcfd00000,0x000000bdcfe00000) (1024K)]
  0x000001c190127ad0 JavaThread "Thread-719"                        [_thread_in_native, id=39796, stack(0x000000bdd1200000,0x000000bdd1300000) (1024K)]
  0x000001c19012ea60 JavaThread "Thread-720"                        [_thread_in_native, id=15332, stack(0x000000bdcf800000,0x000000bdcf900000) (1024K)]
  0x000001c19012dd40 JavaThread "Thread-883"                        [_thread_in_native, id=22416, stack(0x000000bdcf800000,0x000000bdcf900000) (1024K)]
  0x000001c15dd8f6f0 JavaThread "Thread-884"                        [_thread_in_native, id=34192, stack(0x000000bdcf900000,0x000000bdcfa00000) (1024K)]
  0x000001c19012af50 JavaThread "Thread-1983"                       [_thread_in_native, id=12304, stack(0x000000bdcf900000,0x000000bdcfa00000) (1024K)]
  0x000001c19012f780 JavaThread "Thread-1984"                       [_thread_in_native, id=20104, stack(0x000000bdcf800000,0x000000bdcf900000) (1024K)]
  0x000001c18e5fc070 JavaThread "Timer-18"                          [_thread_blocked, id=39852, stack(0x000000bdeb800000,0x000000bdec200000) (10240K)]
  0x000001c18e5fdab0 JavaThread "Monitor File Timestamp Swing Worker Thread"        [_thread_blocked, id=19420, stack(0x000000bdec200000,0x000000bdecc00000) (10240K)]
  0x000001c180c28ff0 JavaThread "Timer-19"                          [_thread_blocked, id=23408, stack(0x000000bdea400000,0x000000bdeae00000) (10240K)]
  0x000001c180c26f20 JavaThread "Monitor File Timestamp Swing Worker Thread"        [_thread_blocked, id=36336, stack(0x000000bdeae00000,0x000000bdeb800000) (10240K)]
  0x000001c187d4e4f0 JavaThread "Timer-21"                          [_thread_blocked, id=37976, stack(0x000000bdee000000,0x000000bdeea00000) (10240K)]
  0x000001c187d4bd90 JavaThread "Monitor File Timestamp Swing Worker Thread"        [_thread_blocked, id=38968, stack(0x000000bdeea00000,0x000000bdef400000) (10240K)]
  0x000001c187d4f8a0 JavaThread "Thread-3974"                       [_thread_in_native, id=40176, stack(0x000000bdcf900000,0x000000bdcfa00000) (1024K)]
  0x000001c187d4de60 JavaThread "Thread-3975"                       [_thread_in_native, id=31184, stack(0x000000bdcf800000,0x000000bdcf900000) (1024K)]
  0x000001c187d4cab0 JavaThread "Timer-24"                          [_thread_blocked, id=9832, stack(0x000000bdecc00000,0x000000bded600000) (10240K)]
  0x000001c18e5fd420 JavaThread "Thread-4213"                       [_thread_in_native, id=39144, stack(0x000000bdd1200000,0x000000bdd1300000) (1024K)]
  0x000001c18e9deaa0 JavaThread "Thread-4695"                       [_thread_in_native, id=39420, stack(0x000000bdcfa00000,0x000000bdcfb00000) (1024K)]
  0x000001c18e9e25b0 JavaThread "Thread-4696"                       [_thread_in_native, id=39508, stack(0x000000bdcfd00000,0x000000bdcfe00000) (1024K)]
  0x000001c18e9de410 JavaThread "Thread-4764"                       [_thread_in_native, id=18712, stack(0x000000bdd1300000,0x000000bdd1400000) (1024K)]
  0x000001c18e9ddd80 JavaThread "Thread-5742"                       [_thread_in_native, id=36564, stack(0x000000bdcf800000,0x000000bdcf900000) (1024K)]
  0x000001c18e9e32d0 JavaThread "Thread-5743"                       [_thread_in_native, id=30292, stack(0x000000bdcf900000,0x000000bdcfa00000) (1024K)]
  0x000001c18e9e1200 JavaThread "Thread-5878"                       [_thread_in_native, id=3516, stack(0x000000bdcfa00000,0x000000bdcfb00000) (1024K)]
  0x000001c18e9e3960 JavaThread "Thread-6835"                       [_thread_in_native, id=37088, stack(0x000000bdcf900000,0x000000bdcfa00000) (1024K)]
  0x000001c18e9e04e0 JavaThread "Thread-6836"                       [_thread_in_native, id=29400, stack(0x000000bdcf800000,0x000000bdcf900000) (1024K)]
  0x000001c18e9dd060 JavaThread "Thread-6985"                       [_thread_in_native, id=41352, stack(0x000000bdd1200000,0x000000bdd1300000) (1024K)]
  0x000001c18e9e4680 JavaThread "Thread-7689"                       [_thread_in_native, id=42016, stack(0x000000bdcfa00000,0x000000bdcfb00000) (1024K)]
  0x000001c18e9e2c40 JavaThread "Thread-7690"                       [_thread_in_native, id=42188, stack(0x000000bdcfd00000,0x000000bdcfe00000) (1024K)]
  0x000001c18ec7f210 JavaThread "Swing-Shell"                daemon [_thread_blocked, id=31204, stack(0x000000bded600000,0x000000bdee000000) (10240K)]
  0x000001c18ec82d20 JavaThread "Thread-7948"                       [_thread_in_native, id=20020, stack(0x000000bdcf800000,0x000000bdcf900000) (1024K)]
  0x000001c18ec85480 JavaThread "Thread-8065"                       [_thread_in_native, id=18520, stack(0x000000bdd1300000,0x000000bdd1400000) (1024K)]
  0x000001c18ec84760 JavaThread "Thread-8497"                       [_thread_in_native, id=19888, stack(0x000000bdd9800000,0x000000bdd9900000) (1024K)]
  0x000001c18ec82690 JavaThread "SyntheticaAnimation 50"     daemon [_thread_blocked, id=36068, stack(0x000000bdf3000000,0x000000bdf3a00000) (10240K)]
  0x000001c18ec83a40 JavaThread "Thread-8939"                       [_thread_in_native, id=42256, stack(0x000000bdcf800000,0x000000bdcf900000) (1024K)]
  0x000001c18ec8b060 JavaThread "Thread-9230"                       [_thread_in_native, id=11972, stack(0x000000bdcf900000,0x000000bdcfa00000) (1024K)]
  0x000001c18ec8b6f0 JavaThread "Thread-9539"                       [_thread_in_native, id=4452, stack(0x000000bdcf900000,0x000000bdcfa00000) (1024K)]
  0x000001c18ec8d130 JavaThread "Thread-9832"                       [_thread_in_native, id=17980, stack(0x000000bdcf800000,0x000000bdcf900000) (1024K)]
  0x000001c18ec86830 JavaThread "Thread-10113"                      [_thread_in_native, id=42816, stack(0x000000bdcf800000,0x000000bdcf900000) (1024K)]
  0x000001c18ec8d7c0 JavaThread "Thread-10114"                      [_thread_in_native, id=17928, stack(0x000000bdcf900000,0x000000bdcfa00000) (1024K)]
  0x000001c18ec8caa0 JavaThread "Timer-75"                          [_thread_blocked, id=41304, stack(0x000000bdef400000,0x000000bdefe00000) (10240K)]
  0x000001c18ec89620 JavaThread "Monitor File Timestamp Swing Worker Thread"        [_thread_blocked, id=5264, stack(0x000000bdefe00000,0x000000bdf0800000) (10240K)]
  0x000001c18ec8a340 JavaThread "Thread-10282"                      [_thread_in_native, id=29100, stack(0x000000bdd1200000,0x000000bdd1300000) (1024K)]
  0x000001c18ec8a9d0 JavaThread "Timer-76"                          [_thread_blocked, id=5296, stack(0x000000bdf0800000,0x000000bdf1200000) (10240K)]
  0x000001c18ec912d0 JavaThread "Monitor File Timestamp Swing Worker Thread"        [_thread_blocked, id=43928, stack(0x000000bdf2600000,0x000000bdf3000000) (10240K)]
  0x000001c18ec8ff20 JavaThread "Timer-78"                          [_thread_blocked, id=28868, stack(0x000000bdf6200000,0x000000bdf6c00000) (10240K)]
  0x000001c18ec8de50 JavaThread "Monitor File Timestamp Swing Worker Thread"        [_thread_blocked, id=41116, stack(0x000000bdf6c00000,0x000000bdf7600000) (10240K)]
  0x000001c18ec8f200 JavaThread "Timer-79"                          [_thread_blocked, id=23816, stack(0x000000bdf5800000,0x000000bdf6200000) (10240K)]
  0x000001c18ec8e4e0 JavaThread "Monitor File Timestamp Swing Worker Thread"        [_thread_blocked, id=32168, stack(0x000000bdf7600000,0x000000bdf8000000) (10240K)]
  0x000001c18ec905b0 JavaThread "Timer-81"                          [_thread_blocked, id=42800, stack(0x000000bdf8a00000,0x000000bdf9400000) (10240K)]
  0x000001c18ec8f890 JavaThread "Monitor File Timestamp Swing Worker Thread"        [_thread_blocked, id=29376, stack(0x000000bdf9e00000,0x000000bdfa800000) (10240K)]
  0x000001c18ec91960 JavaThread "Thread-10943"                      [_thread_in_native, id=6660, stack(0x000000bdcf900000,0x000000bdcfa00000) (1024K)]
  0x000001c18ec94750 JavaThread "Thread-10944"                      [_thread_in_native, id=29496, stack(0x000000bdcf800000,0x000000bdcf900000) (1024K)]
  0x000001c18ec97bd0 JavaThread "Thread-11122"                      [_thread_in_native, id=41884, stack(0x000000bdcfd00000,0x000000bdcfe00000) (1024K)]
  0x000001c18ec9d120 JavaThread "Thread-11956"                      [_thread_in_native, id=37520, stack(0x000000bdd1200000,0x000000bdd1300000) (1024K)]
  0x000001c18eca0c30 JavaThread "Thread-11957"                      [_thread_in_native, id=26860, stack(0x000000bdcfa00000,0x000000bdcfb00000) (1024K)]
  0x000001c18ec9bd70 JavaThread "Thread-12259"                      [_thread_in_native, id=41156, stack(0x000000bde0300000,0x000000bde0400000) (1024K)]
  0x000001c18eca05a0 JavaThread "Thread-13175"                      [_thread_in_native, id=23616, stack(0x000000bde0100000,0x000000bde0200000) (1024K)]
  0x000001c18eca1fe0 JavaThread "Thread-13176"                      [_thread_in_native, id=35104, stack(0x000000bdd9900000,0x000000bdd9a00000) (1024K)]
  0x000001c18ec833b0 JavaThread "Thread-13415"                      [_thread_in_native, id=7144, stack(0x000000bde0300000,0x000000bde0400000) (1024K)]
  0x000001c18ec88270 JavaThread "Thread-13816"                      [_thread_in_native, id=28588, stack(0x000000bdcf900000,0x000000bdcfa00000) (1024K)]
  0x000001c18ec7ff30 JavaThread "Thread-13817"                      [_thread_in_native, id=11412, stack(0x000000bdcf800000,0x000000bdcf900000) (1024K)]
  0x000001c18ec81970 JavaThread "Timer-107"                         [_thread_blocked, id=39600, stack(0x000000bdf4400000,0x000000bdf4e00000) (10240K)]
  0x000001c18ec82000 JavaThread "Monitor File Timestamp Swing Worker Thread"        [_thread_blocked, id=23064, stack(0x000000bdf8000000,0x000000bdf8a00000) (10240K)]
  0x000001c18ec85b10 JavaThread "Thread-14148"                      [_thread_in_native, id=27316, stack(0x000000bdd9800000,0x000000bdd9900000) (1024K)]
  0x000001c18ec8bd80 JavaThread "Timer-108"                         [_thread_blocked, id=19896, stack(0x000000bdf1c00000,0x000000bdf2600000) (10240K)]
  0x000001c18ec89cb0 JavaThread "Monitor File Timestamp Swing Worker Thread"        [_thread_blocked, id=31944, stack(0x000000bdf9400000,0x000000bdf9e00000) (10240K)]
  0x000001c18ec90c40 JavaThread "Thread-14720"                      [_thread_in_native, id=41432, stack(0x000000bdcf800000,0x000000bdcf900000) (1024K)]
  0x000001c18ec93a30 JavaThread "Timer-112"                         [_thread_blocked, id=43408, stack(0x000000bd80c00000,0x000000bd81600000) (10240K)]
  0x000001c18ec940c0 JavaThread "Monitor File Timestamp Swing Worker Thread"        [_thread_blocked, id=19300, stack(0x000000bd82000000,0x000000bd82a00000) (10240K)]
  0x000001c18ec99610 JavaThread "Timer-113"                         [_thread_blocked, id=21192, stack(0x000000bd82a00000,0x000000bd83400000) (10240K)]
  0x000001c18ec96190 JavaThread "Monitor File Timestamp Swing Worker Thread"        [_thread_blocked, id=43160, stack(0x000000bd83400000,0x000000bd83e00000) (10240K)]
  0x000001c18ec9de40 JavaThread "Timer-114"                         [_thread_blocked, id=13452, stack(0x000000bd83e00000,0x000000bd84800000) (10240K)]
  0x000001c18ec9a9c0 JavaThread "Monitor File Timestamp Swing Worker Thread"        [_thread_blocked, id=25700, stack(0x000000bd84800000,0x000000bd85200000) (10240K)]
  0x000001c18ec9eb60 JavaThread "Thread-16998"                      [_thread_in_native, id=41344, stack(0x000000bd80200000,0x000000bd80300000) (1024K)]
  0x000001c18ec9f880 JavaThread "Thread-16999"                      [_thread_in_native, id=24876, stack(0x000000bd80300000,0x000000bd80400000) (1024K)]
  0x000001c18ec9e4d0 JavaThread "Timer-115"                         [_thread_blocked, id=18980, stack(0x000000bd85200000,0x000000bd85c00000) (10240K)]
  0x000001c18ec9b6e0 JavaThread "Monitor File Timestamp Swing Worker Thread"        [_thread_blocked, id=14028, stack(0x000000bd85c00000,0x000000bd86600000) (10240K)]
  0x000001c18eca5af0 JavaThread "Thread-17626"                      [_thread_in_native, id=5456, stack(0x000000bd80400000,0x000000bd80500000) (1024K)]
  0x000001c18ec9f1f0 JavaThread "Timer-134"                         [_thread_blocked, id=43208, stack(0x000000bd87000000,0x000000bd87a00000) (10240K)]
  0x000001c18eca2d00 JavaThread "Monitor File Timestamp Swing Worker Thread"        [_thread_blocked, id=17964, stack(0x000000bd87a00000,0x000000bd88400000) (10240K)]
  0x000001c18eca2670 JavaThread "Thread-18492"                      [_thread_in_native, id=23892, stack(0x000000bd80600000,0x000000bd80700000) (1024K)]
  0x000001c18ec9ff10 JavaThread "Thread-19057"                      [_thread_in_native, id=30344, stack(0x000000bd80300000,0x000000bd80400000) (1024K)]
  0x000001c18ec9ca90 JavaThread "Thread-19058"                      [_thread_in_native, id=39704, stack(0x000000bd80200000,0x000000bd80300000) (1024K)]
  0x000001c18ec7f8a0 JavaThread "Timer-141"                         [_thread_blocked, id=30692, stack(0x000000bd81600000,0x000000bd82000000) (10240K)]
  0x000001c18ec7c420 JavaThread "Monitor File Timestamp Swing Worker Thread"        [_thread_blocked, id=42696, stack(0x000000bd86600000,0x000000bd87000000) (10240K)]
  0x000001c18ec7bd90 JavaThread "Thread-19530"                      [_thread_in_native, id=38336, stack(0x000000bd80600000,0x000000bd80700000) (1024K)]
  0x000001c18ec87be0 JavaThread "Timer-142"                         [_thread_blocked, id=41124, stack(0x000000bd88400000,0x000000bd88e00000) (10240K)]
  0x000001c18ec86ec0 JavaThread "Monitor File Timestamp Swing Worker Thread"        [_thread_blocked, id=16916, stack(0x000000bd89800000,0x000000bd8a200000) (10240K)]
  0x000001c18ec84df0 JavaThread "Thread-19602"                      [_thread_in_native, id=37060, stack(0x000000bd80400000,0x000000bd80500000) (1024K)]
  0x000001c18ec94de0 JavaThread "Thread-19681"                      [_thread_in_native, id=2552, stack(0x000000bd80000000,0x000000bd80100000) (1024K)]
  0x000001c18eca1950 JavaThread "Thread-19972"                      [_thread_in_native, id=38532, stack(0x000000bd80200000,0x000000bd80300000) (1024K)]
  0x000001c18eca9c90 JavaThread "Thread-19973"                      [_thread_in_native, id=43768, stack(0x000000bd80000000,0x000000bd80100000) (1024K)]
  0x000001c18eca7530 JavaThread "Thread-20507"                      [_thread_in_native, id=32852, stack(0x000000bd80200000,0x000000bd80300000) (1024K)]
  0x000001c18eca8250 JavaThread "Thread-20508"                      [_thread_in_native, id=38516, stack(0x000000bd80000000,0x000000bd80100000) (1024K)]
  0x000001c18ec933a0 JavaThread "Thread-20565"                      [_thread_in_native, id=41368, stack(0x000000bd80300000,0x000000bd80400000) (1024K)]
  0x000001c18eca7bc0 JavaThread "Thread-21023"                      [_thread_in_native, id=41956, stack(0x000000bd80200000,0x000000bd80300000) (1024K)]
  0x000001c18eca8f70 JavaThread "Thread-21024"                      [_thread_in_native, id=40876, stack(0x000000bd80000000,0x000000bd80100000) (1024K)]
  0x000001c18eca4dd0 JavaThread "Timer-155"                         [_thread_blocked, id=40452, stack(0x000000bd8c000000,0x000000bd8ca00000) (10240K)]
  0x000001c18eca9600 JavaThread "Monitor File Timestamp Swing Worker Thread"        [_thread_blocked, id=2772, stack(0x000000bd8ca00000,0x000000bd8d400000) (10240K)]
  0x000001c18ecaa320 JavaThread "Thread-21294"                      [_thread_in_native, id=43588, stack(0x000000bd80300000,0x000000bd80400000) (1024K)]
  0x000001c18ecaa9b0 JavaThread "Timer-160"                         [_thread_blocked, id=24600, stack(0x000000bd8ac00000,0x000000bd8b600000) (10240K)]
  0x000001c18ecabd60 JavaThread "Monitor File Timestamp Swing Worker Thread"        [_thread_blocked, id=19468, stack(0x000000bd8de00000,0x000000bd8e800000) (10240K)]
  0x000001c18ec88f90 JavaThread "Timer-161"                         [_thread_blocked, id=36208, stack(0x000000bd8a200000,0x000000bd8ac00000) (10240K)]
  0x000001c18ec91ff0 JavaThread "Monitor File Timestamp Swing Worker Thread"        [_thread_blocked, id=11948, stack(0x000000bd8e800000,0x000000bd8f200000) (10240K)]
  0x000001c18ecad110 JavaThread "Code Inspector Thread"             [_thread_in_native, id=20100, stack(0x000000bd90600000,0x000000bd91000000) (10240K)]
Total: 150

Other Threads:
  0x000001c17493a520 VMThread "VM Thread"                           [id=33720, stack(0x000000bdd1d00000,0x000000bdd1e00000) (1024K)]
  0x000001c1738751c0 WatcherThread "VM Periodic Task Thread"        [id=39944, stack(0x000000bdd1c00000,0x000000bdd1d00000) (1024K)]
  0x000001c174939de0 WorkerThread "GC Thread#0"                     [id=3796, stack(0x000000bdd1700000,0x000000bdd1800000) (1024K)]
  0x000001c1749380e0 WorkerThread "GC Thread#1"                     [id=11524, stack(0x000000bdda400000,0x000000bdda500000) (1024K)]
  0x000001c174937600 WorkerThread "GC Thread#2"                     [id=34492, stack(0x000000bdda500000,0x000000bdda600000) (1024K)]
  0x000001c174939300 WorkerThread "GC Thread#3"                     [id=26148, stack(0x000000bdda600000,0x000000bdda700000) (1024K)]
  0x000001c173508460 ConcurrentGCThread "G1 Main Marker"            [id=6444, stack(0x000000bdd1800000,0x000000bdd1900000) (1024K)]
  0x000001c17493a180 WorkerThread "G1 Conc#0"                       [id=33444, stack(0x000000bdd1900000,0x000000bdd1a00000) (1024K)]
  0x000001c1762eab60 ConcurrentGCThread "G1 Refine#0"               [id=21164, stack(0x000000bdd1a00000,0x000000bdd1b00000) (1024K)]
  0x000001c1745d04a0 ConcurrentGCThread "G1 Service"                [id=9744, stack(0x000000bdd1b00000,0x000000bdd1c00000) (1024K)]
Total: 10

Threads with active compile tasks:
Total: 0

VM state: not at safepoint (normal execution)

VM Mutex/Monitor currently owned by a thread: None

Heap address: 0x0000000680000000, size: 6144 MB, Compressed Oops mode: Zero based, Oop shift amount: 3

CDS archive(s) mapped at: [0x000001c118000000-0x000001c118c90000-0x000001c118c90000), size 13172736, SharedBaseAddress: 0x000001c118000000, ArchiveRelocationMode: 1.
Compressed class space mapped at: 0x000001c119000000-0x000001c159000000, reserved size: 1073741824
Narrow klass base: 0x000001c118000000, Narrow klass shift: 0, Narrow klass range: 0x100000000

GC Precious Log:
 CardTable entry size: 512
 Card Set container configuration: InlinePtr #cards 4 size 8 Array Of Cards #cards 32 size 80 Howl #buckets 8 coarsen threshold 7372 Howl Bitmap #cards 1024 size 144 coarsen threshold 921 Card regions per heap region 1 cards per card region 8192
 CPUs: 8 total, 8 available
 Memory: 36558M
 Large Page Support: Disabled
 NUMA Support: Disabled
 Compressed Oops: Enabled (Zero based)
 Heap Region Size: 4M
 Heap Min Capacity: 812M
 Heap Initial Capacity: 812M
 Heap Max Capacity: 6G
 Pre-touch: Disabled
 Parallel Workers: 4
 Concurrent Workers: 1
 Concurrent Refinement Workers: 4
 Periodic GC: Disabled
 String Deduplication is enabled

Heap:
 garbage-first heap   total 831488K, used 247228K [0x0000000680000000, 0x0000000800000000)
  region size 4096K, 14 young (57344K), 1 survivors (4096K)
 Metaspace       used 105861K, committed 106624K, reserved 1179648K
  class space    used 14691K, committed 15040K, reserved 1048576K

Heap Regions: E=young(eden), S=young(survivor), O=old, HS=humongous(starts), HC=humongous(continues), CS=collection set, F=free, TAMS=top-at-mark-start, PB=parsable bottom
|   0|0x0000000680000000, 0x00000006803ffff0, 0x0000000680400000| 99%| O|  |TAMS 0x0000000680000000| PB 0x0000000680000000| Untracked 
|   1|0x0000000680400000, 0x00000006807fffd0, 0x0000000680800000| 99%| O|  |TAMS 0x0000000680400000| PB 0x0000000680400000| Untracked 
|   2|0x0000000680800000, 0x0000000680bfffc0, 0x0000000680c00000| 99%| O|  |TAMS 0x0000000680800000| PB 0x0000000680800000| Untracked 
|   3|0x0000000680c00000, 0x0000000681000000, 0x0000000681000000|100%| O|  |TAMS 0x0000000680c00000| PB 0x0000000680c00000| Untracked 
|   4|0x0000000681000000, 0x0000000681400000, 0x0000000681400000|100%| O|  |TAMS 0x0000000681000000| PB 0x0000000681000000| Untracked 
|   5|0x0000000681400000, 0x0000000681800000, 0x0000000681800000|100%| O|  |TAMS 0x0000000681400000| PB 0x0000000681400000| Untracked 
|   6|0x0000000681800000, 0x0000000681bffde0, 0x0000000681c00000| 99%| O|  |TAMS 0x0000000681800000| PB 0x0000000681800000| Untracked 
|   7|0x0000000681c00000, 0x0000000681fffff8, 0x0000000682000000| 99%| O|  |TAMS 0x0000000681c00000| PB 0x0000000681c00000| Untracked 
|   8|0x0000000682000000, 0x0000000682400000, 0x0000000682400000|100%| O|  |TAMS 0x0000000682000000| PB 0x0000000682000000| Untracked 
|   9|0x0000000682400000, 0x00000006827ff7c0, 0x0000000682800000| 99%| O|  |TAMS 0x0000000682400000| PB 0x0000000682400000| Untracked 
|  10|0x0000000682800000, 0x0000000682bfffe8, 0x0000000682c00000| 99%| O|  |TAMS 0x0000000682800000| PB 0x0000000682800000| Untracked 
|  11|0x0000000682c00000, 0x0000000682ffff30, 0x0000000683000000| 99%| O|  |TAMS 0x0000000682c00000| PB 0x0000000682c00000| Untracked 
|  12|0x0000000683000000, 0x00000006833ffff0, 0x0000000683400000| 99%| O|  |TAMS 0x0000000683000000| PB 0x0000000683000000| Untracked 
|  13|0x0000000683400000, 0x00000006837fff00, 0x0000000683800000| 99%| O|  |TAMS 0x0000000683400000| PB 0x0000000683400000| Untracked 
|  14|0x0000000683800000, 0x0000000683bfffa0, 0x0000000683c00000| 99%| O|  |TAMS 0x0000000683800000| PB 0x0000000683800000| Untracked 
|  15|0x0000000683c00000, 0x0000000683fffe58, 0x0000000684000000| 99%| O|  |TAMS 0x0000000683c00000| PB 0x0000000683c00000| Untracked 
|  16|0x0000000684000000, 0x00000006843ffed0, 0x0000000684400000| 99%| O|  |TAMS 0x0000000684000000| PB 0x0000000684000000| Untracked 
|  17|0x0000000684400000, 0x00000006847ffef0, 0x0000000684800000| 99%| O|  |TAMS 0x0000000684400000| PB 0x0000000684400000| Untracked 
|  18|0x0000000684800000, 0x0000000684bffff8, 0x0000000684c00000| 99%| O|  |TAMS 0x0000000684800000| PB 0x0000000684800000| Untracked 
|  19|0x0000000684c00000, 0x0000000684fffff0, 0x0000000685000000| 99%| O|  |TAMS 0x0000000684c00000| PB 0x0000000684c00000| Untracked 
|  20|0x0000000685000000, 0x00000006853ffff8, 0x0000000685400000| 99%| O|  |TAMS 0x0000000685000000| PB 0x0000000685000000| Untracked 
|  21|0x0000000685400000, 0x00000006857ffff8, 0x0000000685800000| 99%| O|  |TAMS 0x0000000685400000| PB 0x0000000685400000| Untracked 
|  22|0x0000000685800000, 0x0000000685bfffe0, 0x0000000685c00000| 99%| O|  |TAMS 0x0000000685800000| PB 0x0000000685800000| Untracked 
|  23|0x0000000685c00000, 0x0000000685ffffe8, 0x0000000686000000| 99%| O|  |TAMS 0x0000000685c00000| PB 0x0000000685c00000| Untracked 
|  24|0x0000000686000000, 0x0000000686400000, 0x0000000686400000|100%| O|  |TAMS 0x0000000686000000| PB 0x0000000686000000| Untracked 
|  25|0x0000000686400000, 0x00000006867ffa28, 0x0000000686800000| 99%| O|  |TAMS 0x0000000686400000| PB 0x0000000686400000| Untracked 
|  26|0x0000000686800000, 0x0000000686bfffe8, 0x0000000686c00000| 99%| O|  |TAMS 0x0000000686800000| PB 0x0000000686800000| Untracked 
|  27|0x0000000686c00000, 0x0000000686fffff8, 0x0000000687000000| 99%| O|  |TAMS 0x0000000686c00000| PB 0x0000000686c00000| Untracked 
|  28|0x0000000687000000, 0x00000006873fffe8, 0x0000000687400000| 99%| O|  |TAMS 0x0000000687000000| PB 0x0000000687000000| Untracked 
|  29|0x0000000687400000, 0x0000000687800000, 0x0000000687800000|100%| O|  |TAMS 0x0000000687400000| PB 0x0000000687400000| Untracked 
|  30|0x0000000687800000, 0x0000000687c00000, 0x0000000687c00000|100%|HS|  |TAMS 0x0000000687800000| PB 0x0000000687800000| Untracked 
|  31|0x0000000687c00000, 0x0000000688000000, 0x0000000688000000|100%|HC|  |TAMS 0x0000000687c00000| PB 0x0000000687c00000| Untracked 
|  32|0x0000000688000000, 0x00000006883ff840, 0x0000000688400000| 99%| O|  |TAMS 0x0000000688000000| PB 0x0000000688000000| Untracked 
|  33|0x0000000688400000, 0x00000006887fffe0, 0x0000000688800000| 99%| O|  |TAMS 0x0000000688400000| PB 0x0000000688400000| Untracked 
|  34|0x0000000688800000, 0x0000000688bfffe8, 0x0000000688c00000| 99%| O|  |TAMS 0x0000000688800000| PB 0x0000000688800000| Untracked 
|  35|0x0000000688c00000, 0x0000000689000000, 0x0000000689000000|100%| O|  |TAMS 0x0000000688c00000| PB 0x0000000688c00000| Untracked 
|  36|0x0000000689000000, 0x00000006893fffb0, 0x0000000689400000| 99%| O|  |TAMS 0x0000000689000000| PB 0x0000000689000000| Untracked 
|  37|0x0000000689400000, 0x00000006897fffe0, 0x0000000689800000| 99%| O|  |TAMS 0x0000000689400000| PB 0x0000000689400000| Untracked 
|  38|0x0000000689800000, 0x0000000689bffa60, 0x0000000689c00000| 99%| O|  |TAMS 0x0000000689800000| PB 0x0000000689800000| Untracked 
|  39|0x0000000689c00000, 0x000000068a000000, 0x000000068a000000|100%| O|  |TAMS 0x0000000689c00000| PB 0x0000000689c00000| Untracked 
|  40|0x000000068a000000, 0x000000068a1e8028, 0x000000068a400000| 47%| O|  |TAMS 0x000000068a000000| PB 0x000000068a000000| Untracked 
|  41|0x000000068a400000, 0x000000068a7c5ed0, 0x000000068a800000| 94%| O|  |TAMS 0x000000068a400000| PB 0x000000068a400000| Untracked 
|  42|0x000000068a800000, 0x000000068a978eb8, 0x000000068ac00000| 36%| O|  |TAMS 0x000000068a800000| PB 0x000000068a800000| Untracked 
|  43|0x000000068ac00000, 0x000000068ac79eb0, 0x000000068b000000| 11%| O|  |TAMS 0x000000068ac00000| PB 0x000000068ac00000| Untracked 
|  44|0x000000068b000000, 0x000000068b400000, 0x000000068b400000|100%| O|  |TAMS 0x000000068b000000| PB 0x000000068b000000| Untracked 
|  45|0x000000068b400000, 0x000000068b800000, 0x000000068b800000|100%| O|  |TAMS 0x000000068b400000| PB 0x000000068b400000| Untracked 
|  46|0x000000068b800000, 0x000000068bc00000, 0x000000068bc00000|100%| O|  |TAMS 0x000000068b800000| PB 0x000000068b800000| Untracked 
|  47|0x000000068bc00000, 0x000000068c000000, 0x000000068c000000|100%|HS|  |TAMS 0x000000068bc00000| PB 0x000000068bc00000| Untracked 
|  48|0x000000068c000000, 0x000000068c400000, 0x000000068c400000|100%|HC|  |TAMS 0x000000068c000000| PB 0x000000068c000000| Untracked 
|  49|0x000000068c400000, 0x000000068c5ea718, 0x000000068c800000| 47%| O|  |TAMS 0x000000068c400000| PB 0x000000068c400000| Untracked 
|  50|0x000000068c800000, 0x000000068c800000, 0x000000068cc00000|  0%| F|  |TAMS 0x000000068c800000| PB 0x000000068c800000| Untracked 
|  51|0x000000068cc00000, 0x000000068cc00000, 0x000000068d000000|  0%| F|  |TAMS 0x000000068cc00000| PB 0x000000068cc00000| Untracked 
|  52|0x000000068d000000, 0x000000068d000000, 0x000000068d400000|  0%| F|  |TAMS 0x000000068d000000| PB 0x000000068d000000| Untracked 
|  53|0x000000068d400000, 0x000000068d400000, 0x000000068d800000|  0%| F|  |TAMS 0x000000068d400000| PB 0x000000068d400000| Untracked 
|  54|0x000000068d800000, 0x000000068d800000, 0x000000068dc00000|  0%| F|  |TAMS 0x000000068d800000| PB 0x000000068d800000| Untracked 
|  55|0x000000068dc00000, 0x000000068dc00000, 0x000000068e000000|  0%| F|  |TAMS 0x000000068dc00000| PB 0x000000068dc00000| Untracked 
|  56|0x000000068e000000, 0x000000068e000000, 0x000000068e400000|  0%| F|  |TAMS 0x000000068e000000| PB 0x000000068e000000| Untracked 
|  57|0x000000068e400000, 0x000000068e400000, 0x000000068e800000|  0%| F|  |TAMS 0x000000068e400000| PB 0x000000068e400000| Untracked 
|  58|0x000000068e800000, 0x000000068e800000, 0x000000068ec00000|  0%| F|  |TAMS 0x000000068e800000| PB 0x000000068e800000| Untracked 
|  59|0x000000068ec00000, 0x000000068ec00000, 0x000000068f000000|  0%| F|  |TAMS 0x000000068ec00000| PB 0x000000068ec00000| Untracked 
|  60|0x000000068f000000, 0x000000068f000000, 0x000000068f400000|  0%| F|  |TAMS 0x000000068f000000| PB 0x000000068f000000| Untracked 
|  61|0x000000068f400000, 0x000000068f400000, 0x000000068f800000|  0%| F|  |TAMS 0x000000068f400000| PB 0x000000068f400000| Untracked 
|  62|0x000000068f800000, 0x000000068f800000, 0x000000068fc00000|  0%| F|  |TAMS 0x000000068f800000| PB 0x000000068f800000| Untracked 
|  63|0x000000068fc00000, 0x000000068fc00000, 0x0000000690000000|  0%| F|  |TAMS 0x000000068fc00000| PB 0x000000068fc00000| Untracked 
|  64|0x0000000690000000, 0x0000000690000000, 0x0000000690400000|  0%| F|  |TAMS 0x0000000690000000| PB 0x0000000690000000| Untracked 
|  65|0x0000000690400000, 0x0000000690400000, 0x0000000690800000|  0%| F|  |TAMS 0x0000000690400000| PB 0x0000000690400000| Untracked 
|  66|0x0000000690800000, 0x0000000690800000, 0x0000000690c00000|  0%| F|  |TAMS 0x0000000690800000| PB 0x0000000690800000| Untracked 
|  67|0x0000000690c00000, 0x0000000690c00000, 0x0000000691000000|  0%| F|  |TAMS 0x0000000690c00000| PB 0x0000000690c00000| Untracked 
|  68|0x0000000691000000, 0x0000000691000000, 0x0000000691400000|  0%| F|  |TAMS 0x0000000691000000| PB 0x0000000691000000| Untracked 
|  69|0x0000000691400000, 0x0000000691400000, 0x0000000691800000|  0%| F|  |TAMS 0x0000000691400000| PB 0x0000000691400000| Untracked 
|  70|0x0000000691800000, 0x0000000691800000, 0x0000000691c00000|  0%| F|  |TAMS 0x0000000691800000| PB 0x0000000691800000| Untracked 
|  71|0x0000000691c00000, 0x0000000691c00000, 0x0000000692000000|  0%| F|  |TAMS 0x0000000691c00000| PB 0x0000000691c00000| Untracked 
|  72|0x0000000692000000, 0x0000000692000000, 0x0000000692400000|  0%| F|  |TAMS 0x0000000692000000| PB 0x0000000692000000| Untracked 
|  73|0x0000000692400000, 0x0000000692400000, 0x0000000692800000|  0%| F|  |TAMS 0x0000000692400000| PB 0x0000000692400000| Untracked 
|  74|0x0000000692800000, 0x0000000692800000, 0x0000000692c00000|  0%| F|  |TAMS 0x0000000692800000| PB 0x0000000692800000| Untracked 
|  75|0x0000000692c00000, 0x0000000692c00000, 0x0000000693000000|  0%| F|  |TAMS 0x0000000692c00000| PB 0x0000000692c00000| Untracked 
|  76|0x0000000693000000, 0x0000000693000000, 0x0000000693400000|  0%| F|  |TAMS 0x0000000693000000| PB 0x0000000693000000| Untracked 
|  77|0x0000000693400000, 0x0000000693400000, 0x0000000693800000|  0%| F|  |TAMS 0x0000000693400000| PB 0x0000000693400000| Untracked 
|  78|0x0000000693800000, 0x0000000693800000, 0x0000000693c00000|  0%| F|  |TAMS 0x0000000693800000| PB 0x0000000693800000| Untracked 
|  79|0x0000000693c00000, 0x0000000693c00000, 0x0000000694000000|  0%| F|  |TAMS 0x0000000693c00000| PB 0x0000000693c00000| Untracked 
|  80|0x0000000694000000, 0x0000000694000000, 0x0000000694400000|  0%| F|  |TAMS 0x0000000694000000| PB 0x0000000694000000| Untracked 
|  81|0x0000000694400000, 0x0000000694400000, 0x0000000694800000|  0%| F|  |TAMS 0x0000000694400000| PB 0x0000000694400000| Untracked 
|  82|0x0000000694800000, 0x0000000694800000, 0x0000000694c00000|  0%| F|  |TAMS 0x0000000694800000| PB 0x0000000694800000| Untracked 
|  83|0x0000000694c00000, 0x0000000694c00000, 0x0000000695000000|  0%| F|  |TAMS 0x0000000694c00000| PB 0x0000000694c00000| Untracked 
|  84|0x0000000695000000, 0x0000000695000000, 0x0000000695400000|  0%| F|  |TAMS 0x0000000695000000| PB 0x0000000695000000| Untracked 
|  85|0x0000000695400000, 0x0000000695400000, 0x0000000695800000|  0%| F|  |TAMS 0x0000000695400000| PB 0x0000000695400000| Untracked 
|  86|0x0000000695800000, 0x0000000695800000, 0x0000000695c00000|  0%| F|  |TAMS 0x0000000695800000| PB 0x0000000695800000| Untracked 
|  87|0x0000000695c00000, 0x0000000695c00000, 0x0000000696000000|  0%| F|  |TAMS 0x0000000695c00000| PB 0x0000000695c00000| Untracked 
|  88|0x0000000696000000, 0x0000000696000000, 0x0000000696400000|  0%| F|  |TAMS 0x0000000696000000| PB 0x0000000696000000| Untracked 
|  89|0x0000000696400000, 0x0000000696400000, 0x0000000696800000|  0%| F|  |TAMS 0x0000000696400000| PB 0x0000000696400000| Untracked 
|  90|0x0000000696800000, 0x0000000696800000, 0x0000000696c00000|  0%| F|  |TAMS 0x0000000696800000| PB 0x0000000696800000| Untracked 
|  91|0x0000000696c00000, 0x0000000696c00000, 0x0000000697000000|  0%| F|  |TAMS 0x0000000696c00000| PB 0x0000000696c00000| Untracked 
|  92|0x0000000697000000, 0x0000000697000000, 0x0000000697400000|  0%| F|  |TAMS 0x0000000697000000| PB 0x0000000697000000| Untracked 
|  93|0x0000000697400000, 0x0000000697400000, 0x0000000697800000|  0%| F|  |TAMS 0x0000000697400000| PB 0x0000000697400000| Untracked 
|  94|0x0000000697800000, 0x0000000697800000, 0x0000000697c00000|  0%| F|  |TAMS 0x0000000697800000| PB 0x0000000697800000| Untracked 
|  95|0x0000000697c00000, 0x0000000697c00000, 0x0000000698000000|  0%| F|  |TAMS 0x0000000697c00000| PB 0x0000000697c00000| Untracked 
|  96|0x0000000698000000, 0x0000000698000000, 0x0000000698400000|  0%| F|  |TAMS 0x0000000698000000| PB 0x0000000698000000| Untracked 
|  97|0x0000000698400000, 0x0000000698400000, 0x0000000698800000|  0%| F|  |TAMS 0x0000000698400000| PB 0x0000000698400000| Untracked 
|  98|0x0000000698800000, 0x0000000698800000, 0x0000000698c00000|  0%| F|  |TAMS 0x0000000698800000| PB 0x0000000698800000| Untracked 
|  99|0x0000000698c00000, 0x0000000698c00000, 0x0000000699000000|  0%| F|  |TAMS 0x0000000698c00000| PB 0x0000000698c00000| Untracked 
| 100|0x0000000699000000, 0x0000000699000000, 0x0000000699400000|  0%| F|  |TAMS 0x0000000699000000| PB 0x0000000699000000| Untracked 
| 101|0x0000000699400000, 0x0000000699400000, 0x0000000699800000|  0%| F|  |TAMS 0x0000000699400000| PB 0x0000000699400000| Untracked 
| 102|0x0000000699800000, 0x0000000699800000, 0x0000000699c00000|  0%| F|  |TAMS 0x0000000699800000| PB 0x0000000699800000| Untracked 
| 103|0x0000000699c00000, 0x0000000699c00000, 0x000000069a000000|  0%| F|  |TAMS 0x0000000699c00000| PB 0x0000000699c00000| Untracked 
| 104|0x000000069a000000, 0x000000069a000000, 0x000000069a400000|  0%| F|  |TAMS 0x000000069a000000| PB 0x000000069a000000| Untracked 
| 105|0x000000069a400000, 0x000000069a400000, 0x000000069a800000|  0%| F|  |TAMS 0x000000069a400000| PB 0x000000069a400000| Untracked 
| 106|0x000000069a800000, 0x000000069a800000, 0x000000069ac00000|  0%| F|  |TAMS 0x000000069a800000| PB 0x000000069a800000| Untracked 
| 107|0x000000069ac00000, 0x000000069ac00000, 0x000000069b000000|  0%| F|  |TAMS 0x000000069ac00000| PB 0x000000069ac00000| Untracked 
| 108|0x000000069b000000, 0x000000069b000000, 0x000000069b400000|  0%| F|  |TAMS 0x000000069b000000| PB 0x000000069b000000| Untracked 
| 109|0x000000069b400000, 0x000000069b400000, 0x000000069b800000|  0%| F|  |TAMS 0x000000069b400000| PB 0x000000069b400000| Untracked 
| 110|0x000000069b800000, 0x000000069b800000, 0x000000069bc00000|  0%| F|  |TAMS 0x000000069b800000| PB 0x000000069b800000| Untracked 
| 111|0x000000069bc00000, 0x000000069bc00000, 0x000000069c000000|  0%| F|  |TAMS 0x000000069bc00000| PB 0x000000069bc00000| Untracked 
| 112|0x000000069c000000, 0x000000069c000000, 0x000000069c400000|  0%| F|  |TAMS 0x000000069c000000| PB 0x000000069c000000| Untracked 
| 113|0x000000069c400000, 0x000000069c400000, 0x000000069c800000|  0%| F|  |TAMS 0x000000069c400000| PB 0x000000069c400000| Untracked 
| 114|0x000000069c800000, 0x000000069c800000, 0x000000069cc00000|  0%| F|  |TAMS 0x000000069c800000| PB 0x000000069c800000| Untracked 
| 115|0x000000069cc00000, 0x000000069cc00000, 0x000000069d000000|  0%| F|  |TAMS 0x000000069cc00000| PB 0x000000069cc00000| Untracked 
| 116|0x000000069d000000, 0x000000069d000000, 0x000000069d400000|  0%| F|  |TAMS 0x000000069d000000| PB 0x000000069d000000| Untracked 
| 117|0x000000069d400000, 0x000000069d400000, 0x000000069d800000|  0%| F|  |TAMS 0x000000069d400000| PB 0x000000069d400000| Untracked 
| 118|0x000000069d800000, 0x000000069d800000, 0x000000069dc00000|  0%| F|  |TAMS 0x000000069d800000| PB 0x000000069d800000| Untracked 
| 119|0x000000069dc00000, 0x000000069dc00000, 0x000000069e000000|  0%| F|  |TAMS 0x000000069dc00000| PB 0x000000069dc00000| Untracked 
| 120|0x000000069e000000, 0x000000069e000000, 0x000000069e400000|  0%| F|  |TAMS 0x000000069e000000| PB 0x000000069e000000| Untracked 
| 121|0x000000069e400000, 0x000000069e400000, 0x000000069e800000|  0%| F|  |TAMS 0x000000069e400000| PB 0x000000069e400000| Untracked 
| 122|0x000000069e800000, 0x000000069e800000, 0x000000069ec00000|  0%| F|  |TAMS 0x000000069e800000| PB 0x000000069e800000| Untracked 
| 123|0x000000069ec00000, 0x000000069ec00000, 0x000000069f000000|  0%| F|  |TAMS 0x000000069ec00000| PB 0x000000069ec00000| Untracked 
| 124|0x000000069f000000, 0x000000069f000000, 0x000000069f400000|  0%| F|  |TAMS 0x000000069f000000| PB 0x000000069f000000| Untracked 
| 125|0x000000069f400000, 0x000000069f400000, 0x000000069f800000|  0%| F|  |TAMS 0x000000069f400000| PB 0x000000069f400000| Untracked 
| 126|0x000000069f800000, 0x000000069f800000, 0x000000069fc00000|  0%| F|  |TAMS 0x000000069f800000| PB 0x000000069f800000| Untracked 
| 127|0x000000069fc00000, 0x000000069fc00000, 0x00000006a0000000|  0%| F|  |TAMS 0x000000069fc00000| PB 0x000000069fc00000| Untracked 
| 128|0x00000006a0000000, 0x00000006a0000000, 0x00000006a0400000|  0%| F|  |TAMS 0x00000006a0000000| PB 0x00000006a0000000| Untracked 
| 129|0x00000006a0400000, 0x00000006a0400000, 0x00000006a0800000|  0%| F|  |TAMS 0x00000006a0400000| PB 0x00000006a0400000| Untracked 
| 130|0x00000006a0800000, 0x00000006a0800000, 0x00000006a0c00000|  0%| F|  |TAMS 0x00000006a0800000| PB 0x00000006a0800000| Untracked 
| 131|0x00000006a0c00000, 0x00000006a0c00000, 0x00000006a1000000|  0%| F|  |TAMS 0x00000006a0c00000| PB 0x00000006a0c00000| Untracked 
| 132|0x00000006a1000000, 0x00000006a1000000, 0x00000006a1400000|  0%| F|  |TAMS 0x00000006a1000000| PB 0x00000006a1000000| Untracked 
| 133|0x00000006a1400000, 0x00000006a1400000, 0x00000006a1800000|  0%| F|  |TAMS 0x00000006a1400000| PB 0x00000006a1400000| Untracked 
| 134|0x00000006a1800000, 0x00000006a1800000, 0x00000006a1c00000|  0%| F|  |TAMS 0x00000006a1800000| PB 0x00000006a1800000| Untracked 
| 135|0x00000006a1c00000, 0x00000006a1c00000, 0x00000006a2000000|  0%| F|  |TAMS 0x00000006a1c00000| PB 0x00000006a1c00000| Untracked 
| 136|0x00000006a2000000, 0x00000006a2000000, 0x00000006a2400000|  0%| F|  |TAMS 0x00000006a2000000| PB 0x00000006a2000000| Untracked 
| 137|0x00000006a2400000, 0x00000006a2400000, 0x00000006a2800000|  0%| F|  |TAMS 0x00000006a2400000| PB 0x00000006a2400000| Untracked 
| 138|0x00000006a2800000, 0x00000006a2800000, 0x00000006a2c00000|  0%| F|  |TAMS 0x00000006a2800000| PB 0x00000006a2800000| Untracked 
| 139|0x00000006a2c00000, 0x00000006a2c00000, 0x00000006a3000000|  0%| F|  |TAMS 0x00000006a2c00000| PB 0x00000006a2c00000| Untracked 
| 140|0x00000006a3000000, 0x00000006a3000000, 0x00000006a3400000|  0%| F|  |TAMS 0x00000006a3000000| PB 0x00000006a3000000| Untracked 
| 141|0x00000006a3400000, 0x00000006a3400000, 0x00000006a3800000|  0%| F|  |TAMS 0x00000006a3400000| PB 0x00000006a3400000| Untracked 
| 142|0x00000006a3800000, 0x00000006a3800000, 0x00000006a3c00000|  0%| F|  |TAMS 0x00000006a3800000| PB 0x00000006a3800000| Untracked 
| 143|0x00000006a3c00000, 0x00000006a3c00000, 0x00000006a4000000|  0%| F|  |TAMS 0x00000006a3c00000| PB 0x00000006a3c00000| Untracked 
| 144|0x00000006a4000000, 0x00000006a4000000, 0x00000006a4400000|  0%| F|  |TAMS 0x00000006a4000000| PB 0x00000006a4000000| Untracked 
| 145|0x00000006a4400000, 0x00000006a4400000, 0x00000006a4800000|  0%| F|  |TAMS 0x00000006a4400000| PB 0x00000006a4400000| Untracked 
| 146|0x00000006a4800000, 0x00000006a4800000, 0x00000006a4c00000|  0%| F|  |TAMS 0x00000006a4800000| PB 0x00000006a4800000| Untracked 
| 147|0x00000006a4c00000, 0x00000006a4c00000, 0x00000006a5000000|  0%| F|  |TAMS 0x00000006a4c00000| PB 0x00000006a4c00000| Untracked 
| 148|0x00000006a5000000, 0x00000006a5000000, 0x00000006a5400000|  0%| F|  |TAMS 0x00000006a5000000| PB 0x00000006a5000000| Untracked 
| 149|0x00000006a5400000, 0x00000006a5400000, 0x00000006a5800000|  0%| F|  |TAMS 0x00000006a5400000| PB 0x00000006a5400000| Untracked 
| 150|0x00000006a5800000, 0x00000006a5800000, 0x00000006a5c00000|  0%| F|  |TAMS 0x00000006a5800000| PB 0x00000006a5800000| Untracked 
| 151|0x00000006a5c00000, 0x00000006a5c00000, 0x00000006a6000000|  0%| F|  |TAMS 0x00000006a5c00000| PB 0x00000006a5c00000| Untracked 
| 152|0x00000006a6000000, 0x00000006a6000000, 0x00000006a6400000|  0%| F|  |TAMS 0x00000006a6000000| PB 0x00000006a6000000| Untracked 
| 153|0x00000006a6400000, 0x00000006a6400000, 0x00000006a6800000|  0%| F|  |TAMS 0x00000006a6400000| PB 0x00000006a6400000| Untracked 
| 154|0x00000006a6800000, 0x00000006a6800000, 0x00000006a6c00000|  0%| F|  |TAMS 0x00000006a6800000| PB 0x00000006a6800000| Untracked 
| 155|0x00000006a6c00000, 0x00000006a6c00000, 0x00000006a7000000|  0%| F|  |TAMS 0x00000006a6c00000| PB 0x00000006a6c00000| Untracked 
| 156|0x00000006a7000000, 0x00000006a7000000, 0x00000006a7400000|  0%| F|  |TAMS 0x00000006a7000000| PB 0x00000006a7000000| Untracked 
| 157|0x00000006a7400000, 0x00000006a7400000, 0x00000006a7800000|  0%| F|  |TAMS 0x00000006a7400000| PB 0x00000006a7400000| Untracked 
| 158|0x00000006a7800000, 0x00000006a7800000, 0x00000006a7c00000|  0%| F|  |TAMS 0x00000006a7800000| PB 0x00000006a7800000| Untracked 
| 159|0x00000006a7c00000, 0x00000006a7c00000, 0x00000006a8000000|  0%| F|  |TAMS 0x00000006a7c00000| PB 0x00000006a7c00000| Untracked 
| 160|0x00000006a8000000, 0x00000006a8000000, 0x00000006a8400000|  0%| F|  |TAMS 0x00000006a8000000| PB 0x00000006a8000000| Untracked 
| 161|0x00000006a8400000, 0x00000006a8400000, 0x00000006a8800000|  0%| F|  |TAMS 0x00000006a8400000| PB 0x00000006a8400000| Untracked 
| 162|0x00000006a8800000, 0x00000006a8800000, 0x00000006a8c00000|  0%| F|  |TAMS 0x00000006a8800000| PB 0x00000006a8800000| Untracked 
| 163|0x00000006a8c00000, 0x00000006a8c00000, 0x00000006a9000000|  0%| F|  |TAMS 0x00000006a8c00000| PB 0x00000006a8c00000| Untracked 
| 164|0x00000006a9000000, 0x00000006a9000000, 0x00000006a9400000|  0%| F|  |TAMS 0x00000006a9000000| PB 0x00000006a9000000| Untracked 
| 165|0x00000006a9400000, 0x00000006a9400000, 0x00000006a9800000|  0%| F|  |TAMS 0x00000006a9400000| PB 0x00000006a9400000| Untracked 
| 166|0x00000006a9800000, 0x00000006a9800000, 0x00000006a9c00000|  0%| F|  |TAMS 0x00000006a9800000| PB 0x00000006a9800000| Untracked 
| 167|0x00000006a9c00000, 0x00000006a9c00000, 0x00000006aa000000|  0%| F|  |TAMS 0x00000006a9c00000| PB 0x00000006a9c00000| Untracked 
| 168|0x00000006aa000000, 0x00000006aa000000, 0x00000006aa400000|  0%| F|  |TAMS 0x00000006aa000000| PB 0x00000006aa000000| Untracked 
| 169|0x00000006aa400000, 0x00000006aa400000, 0x00000006aa800000|  0%| F|  |TAMS 0x00000006aa400000| PB 0x00000006aa400000| Untracked 
| 170|0x00000006aa800000, 0x00000006aa800000, 0x00000006aac00000|  0%| F|  |TAMS 0x00000006aa800000| PB 0x00000006aa800000| Untracked 
| 171|0x00000006aac00000, 0x00000006aac00000, 0x00000006ab000000|  0%| F|  |TAMS 0x00000006aac00000| PB 0x00000006aac00000| Untracked 
| 172|0x00000006ab000000, 0x00000006ab000000, 0x00000006ab400000|  0%| F|  |TAMS 0x00000006ab000000| PB 0x00000006ab000000| Untracked 
| 173|0x00000006ab400000, 0x00000006ab400000, 0x00000006ab800000|  0%| F|  |TAMS 0x00000006ab400000| PB 0x00000006ab400000| Untracked 
| 174|0x00000006ab800000, 0x00000006ab800000, 0x00000006abc00000|  0%| F|  |TAMS 0x00000006ab800000| PB 0x00000006ab800000| Untracked 
| 175|0x00000006abc00000, 0x00000006abc00000, 0x00000006ac000000|  0%| F|  |TAMS 0x00000006abc00000| PB 0x00000006abc00000| Untracked 
| 176|0x00000006ac000000, 0x00000006ac000000, 0x00000006ac400000|  0%| F|  |TAMS 0x00000006ac000000| PB 0x00000006ac000000| Untracked 
| 177|0x00000006ac400000, 0x00000006ac400000, 0x00000006ac800000|  0%| F|  |TAMS 0x00000006ac400000| PB 0x00000006ac400000| Untracked 
| 178|0x00000006ac800000, 0x00000006ac800000, 0x00000006acc00000|  0%| F|  |TAMS 0x00000006ac800000| PB 0x00000006ac800000| Untracked 
| 179|0x00000006acc00000, 0x00000006acc00000, 0x00000006ad000000|  0%| F|  |TAMS 0x00000006acc00000| PB 0x00000006acc00000| Untracked 
| 180|0x00000006ad000000, 0x00000006ad000000, 0x00000006ad400000|  0%| F|  |TAMS 0x00000006ad000000| PB 0x00000006ad000000| Untracked 
| 181|0x00000006ad400000, 0x00000006ad400000, 0x00000006ad800000|  0%| F|  |TAMS 0x00000006ad400000| PB 0x00000006ad400000| Untracked 
| 182|0x00000006ad800000, 0x00000006adbe6550, 0x00000006adc00000| 97%| S|CS|TAMS 0x00000006ad800000| PB 0x00000006ad800000| Complete 
| 183|0x00000006adc00000, 0x00000006adc00000, 0x00000006ae000000|  0%| F|  |TAMS 0x00000006adc00000| PB 0x00000006adc00000| Untracked 
| 184|0x00000006ae000000, 0x00000006ae000000, 0x00000006ae400000|  0%| F|  |TAMS 0x00000006ae000000| PB 0x00000006ae000000| Untracked 
| 185|0x00000006ae400000, 0x00000006ae400000, 0x00000006ae800000|  0%| F|  |TAMS 0x00000006ae400000| PB 0x00000006ae400000| Untracked 
| 186|0x00000006ae800000, 0x00000006ae800000, 0x00000006aec00000|  0%| F|  |TAMS 0x00000006ae800000| PB 0x00000006ae800000| Untracked 
| 187|0x00000006aec00000, 0x00000006aec00000, 0x00000006af000000|  0%| F|  |TAMS 0x00000006aec00000| PB 0x00000006aec00000| Untracked 
| 188|0x00000006af000000, 0x00000006af000000, 0x00000006af400000|  0%| F|  |TAMS 0x00000006af000000| PB 0x00000006af000000| Untracked 
| 189|0x00000006af400000, 0x00000006af400000, 0x00000006af800000|  0%| F|  |TAMS 0x00000006af400000| PB 0x00000006af400000| Untracked 
| 190|0x00000006af800000, 0x00000006afa42260, 0x00000006afc00000| 56%| E|  |TAMS 0x00000006af800000| PB 0x00000006af800000| Complete 
| 191|0x00000006afc00000, 0x00000006b0000000, 0x00000006b0000000|100%| E|CS|TAMS 0x00000006afc00000| PB 0x00000006afc00000| Complete 
| 192|0x00000006b0000000, 0x00000006b0400000, 0x00000006b0400000|100%| E|CS|TAMS 0x00000006b0000000| PB 0x00000006b0000000| Complete 
| 193|0x00000006b0400000, 0x00000006b0800000, 0x00000006b0800000|100%| E|CS|TAMS 0x00000006b0400000| PB 0x00000006b0400000| Complete 
| 194|0x00000006b0800000, 0x00000006b0c00000, 0x00000006b0c00000|100%| E|CS|TAMS 0x00000006b0800000| PB 0x00000006b0800000| Complete 
| 195|0x00000006b0c00000, 0x00000006b1000000, 0x00000006b1000000|100%| E|CS|TAMS 0x00000006b0c00000| PB 0x00000006b0c00000| Complete 
| 196|0x00000006b1000000, 0x00000006b1400000, 0x00000006b1400000|100%| E|CS|TAMS 0x00000006b1000000| PB 0x00000006b1000000| Complete 
| 197|0x00000006b1400000, 0x00000006b1800000, 0x00000006b1800000|100%| E|CS|TAMS 0x00000006b1400000| PB 0x00000006b1400000| Complete 
| 198|0x00000006b1800000, 0x00000006b1c00000, 0x00000006b1c00000|100%| E|CS|TAMS 0x00000006b1800000| PB 0x00000006b1800000| Complete 
| 199|0x00000006b1c00000, 0x00000006b2000000, 0x00000006b2000000|100%| E|CS|TAMS 0x00000006b1c00000| PB 0x00000006b1c00000| Complete 
| 200|0x00000006b2000000, 0x00000006b2400000, 0x00000006b2400000|100%| E|CS|TAMS 0x00000006b2000000| PB 0x00000006b2000000| Complete 
| 201|0x00000006b2400000, 0x00000006b2800000, 0x00000006b2800000|100%| E|CS|TAMS 0x00000006b2400000| PB 0x00000006b2400000| Complete 
| 202|0x00000006b2800000, 0x00000006b2c00000, 0x00000006b2c00000|100%| E|CS|TAMS 0x00000006b2800000| PB 0x00000006b2800000| Complete 

Card table byte_map: [0x000001c10f000000,0x000001c10fc00000] _byte_map_base: 0x000001c10bc00000

Marking Bits: (CMBitMap*) 0x000001c174f3e880
 Bits: [0x000001c10fc00000, 0x000001c115c00000)

Polling page: 0x000001c16ba20000

Metaspace:

Usage:
  Non-class:     89.03 MB used.
      Class:     14.35 MB used.
       Both:    103.38 MB used.

Virtual space:
  Non-class space:      128.00 MB reserved,      89.44 MB ( 70%) committed,  2 nodes.
      Class space:        1.00 GB reserved,      14.69 MB (  1%) committed,  1 nodes.
             Both:        1.12 GB reserved,     104.12 MB (  9%) committed. 

Chunk freelists:
   Non-Class:  6.55 MB
       Class:  1.25 MB
        Both:  7.80 MB

MaxMetaspaceSize: unlimited
CompressedClassSpaceSize: 1.00 GB
Initial GC threshold: 21.00 MB
Current GC threshold: 172.75 MB
CDS: on
 - commit_granule_bytes: 65536.
 - commit_granule_words: 8192.
 - virtual_space_node_default_size: 8388608.
 - enlarge_chunks_in_place: 1.
 - use_allocation_guard: 0.


Internal statistics:

num_allocs_failed_limit: 18.
num_arena_births: 1518.
num_arena_deaths: 470.
num_vsnodes_births: 3.
num_vsnodes_deaths: 0.
num_space_committed: 1658.
num_space_uncommitted: 0.
num_chunks_returned_to_freelist: 587.
num_chunks_taken_from_freelist: 4846.
num_chunk_merges: 166.
num_chunk_splits: 3236.
num_chunks_enlarged: 2290.
num_inconsistent_stats: 0.

CodeHeap 'non-profiled nmethods': size=120000Kb used=29312Kb max_used=30929Kb free=90687Kb
 bounds [0x000001c107ad0000, 0x000001c109910000, 0x000001c10f000000]
CodeHeap 'profiled nmethods': size=120000Kb used=22250Kb max_used=43664Kb free=97749Kb
 bounds [0x000001c100000000, 0x000001c102ab0000, 0x000001c107530000]
CodeHeap 'non-nmethods': size=5760Kb used=2806Kb max_used=2890Kb free=2953Kb
 bounds [0x000001c107530000, 0x000001c107820000, 0x000001c107ad0000]
 total_blobs=14405 nmethods=13087 adapters=1215
 compilation: enabled
              stopped_count=0, restarted_count=0
 full_count=0

Compilation events (20 events):
Event: 51482.942 Thread 0x000001c1763fc2f0 nmethod 75624 0x000001c102064290 code [0x000001c102064480, 0x000001c102064ab0]
Event: 51482.942 Thread 0x000001c1763fc2f0 75625       3       com.sun.org.apache.xerces.internal.jaxp.DocumentBuilderImpl::setFeatures (67 bytes)
Event: 51482.942 Thread 0x000001c1763fc2f0 nmethod 75625 0x000001c102063390 code [0x000001c1020635e0, 0x000001c102064018]
Event: 51482.942 Thread 0x000001c1763fc2f0 75626       3       com.sun.org.apache.xerces.internal.jaxp.DocumentBuilderImpl::setDocumentBuilderFactoryAttributes (300 bytes)
Event: 51482.942 Thread 0x000001c1763fc2f0 nmethod 75626 0x000001c1019e1c10 code [0x000001c1019e2060, 0x000001c1019e3e20]
Event: 51482.942 Thread 0x000001c1763fc2f0 75629       3       jdk.xml.internal.SecuritySupport::getJAXPSystemProperty (59 bytes)
Event: 51482.943 Thread 0x000001c1763fc2f0 nmethod 75629 0x000001c1019dfa10 code [0x000001c1019dfdc0, 0x000001c1019e14d0]
Event: 51482.948 Thread 0x000001c1763fc2f0 75630       3       javax.swing.plaf.basic.BasicGraphicsUtils::isLeftToRight (8 bytes)
Event: 51482.948 Thread 0x000001c1763fc2f0 nmethod 75630 0x000001c102062d10 code [0x000001c102062ec0, 0x000001c102063120]
Event: 51482.961 Thread 0x000001c1763f5900 nmethod 75627 0x000001c108e42c90 code [0x000001c108e42ea0, 0x000001c108e43cc0]
Event: 51482.961 Thread 0x000001c1763f5900 75628       4       ui.frmwork.aK::c (143 bytes)
Event: 51483.160 Thread 0x000001c1763fc2f0 75633       3       java.lang.Class::getEnclosingClass (70 bytes)
Event: 51483.160 Thread 0x000001c1763fc2f0 nmethod 75633 0x000001c1019df010 code [0x000001c1019df240, 0x000001c1019df7c8]
Event: 51483.160 Thread 0x000001c1763fc2f0 75634       3       java.lang.Class::getEnclosingMethodInfo (20 bytes)
Event: 51483.160 Thread 0x000001c1763fc2f0 nmethod 75634 0x000001c1019deb10 code [0x000001c1019dece0, 0x000001c1019def10]
Event: 51483.167 Thread 0x000001c1763f5900 nmethod 75628 0x000001c108394b90 code [0x000001c108395540, 0x000001c10839e0c0]
Event: 51483.167 Thread 0x000001c1763f5900 75632       4       ui.frmwork.d.d::size (8 bytes)
Event: 51483.168 Thread 0x000001c1763f5900 nmethod 75632 0x000001c108394890 code [0x000001c108394a20, 0x000001c108394ad8]
Event: 51483.168 Thread 0x000001c1763f5900 75631       4       ui.data.experiment.b.a::getName (8 bytes)
Event: 51483.168 Thread 0x000001c1763f5900 nmethod 75631 0x000001c108394590 code [0x000001c108394720, 0x000001c1083947d8]

GC Heap History (20 events):
Event: 51434.966 GC heap before
{Heap before GC invocations=1526 (full 744):
 garbage-first heap   total 831488K, used 266844K [0x0000000680000000, 0x0000000800000000)
  region size 4096K, 20 young (81920K), 2 survivors (8192K)
 Metaspace       used 105844K, committed 106560K, reserved 1179648K
  class space    used 14691K, committed 15040K, reserved 1048576K
}
Event: 51434.972 GC heap after
{Heap after GC invocations=1527 (full 744):
 garbage-first heap   total 831488K, used 198266K [0x0000000680000000, 0x0000000800000000)
  region size 4096K, 2 young (8192K), 2 survivors (8192K)
 Metaspace       used 105844K, committed 106560K, reserved 1179648K
  class space    used 14691K, committed 15040K, reserved 1048576K
}
Event: 51439.150 GC heap before
{Heap before GC invocations=1527 (full 744):
 garbage-first heap   total 831488K, used 271994K [0x0000000680000000, 0x0000000800000000)
  region size 4096K, 20 young (81920K), 2 survivors (8192K)
 Metaspace       used 105844K, committed 106560K, reserved 1179648K
  class space    used 14691K, committed 15040K, reserved 1048576K
}
Event: 51439.158 GC heap after
{Heap after GC invocations=1528 (full 744):
 garbage-first heap   total 831488K, used 197525K [0x0000000680000000, 0x0000000800000000)
  region size 4096K, 2 young (8192K), 2 survivors (8192K)
 Metaspace       used 105844K, committed 106560K, reserved 1179648K
  class space    used 14691K, committed 15040K, reserved 1048576K
}
Event: 51455.411 GC heap before
{Heap before GC invocations=1528 (full 744):
 garbage-first heap   total 831488K, used 271253K [0x0000000680000000, 0x0000000800000000)
  region size 4096K, 20 young (81920K), 2 survivors (8192K)
 Metaspace       used 105844K, committed 106560K, reserved 1179648K
  class space    used 14691K, committed 15040K, reserved 1048576K
}
Event: 51455.416 GC heap after
{Heap after GC invocations=1529 (full 744):
 garbage-first heap   total 831488K, used 197318K [0x0000000680000000, 0x0000000800000000)
  region size 4096K, 2 young (8192K), 2 survivors (8192K)
 Metaspace       used 105844K, committed 106560K, reserved 1179648K
  class space    used 14691K, committed 15040K, reserved 1048576K
}
Event: 51456.941 GC heap before
{Heap before GC invocations=1529 (full 744):
 garbage-first heap   total 831488K, used 271046K [0x0000000680000000, 0x0000000800000000)
  region size 4096K, 20 young (81920K), 2 survivors (8192K)
 Metaspace       used 105844K, committed 106560K, reserved 1179648K
  class space    used 14691K, committed 15040K, reserved 1048576K
}
Event: 51456.945 GC heap after
{Heap after GC invocations=1530 (full 744):
 garbage-first heap   total 831488K, used 197983K [0x0000000680000000, 0x0000000800000000)
  region size 4096K, 2 young (8192K), 2 survivors (8192K)
 Metaspace       used 105844K, committed 106560K, reserved 1179648K
  class space    used 14691K, committed 15040K, reserved 1048576K
}
Event: 51458.969 GC heap before
{Heap before GC invocations=1530 (full 744):
 garbage-first heap   total 831488K, used 271711K [0x0000000680000000, 0x0000000800000000)
  region size 4096K, 20 young (81920K), 2 survivors (8192K)
 Metaspace       used 105844K, committed 106560K, reserved 1179648K
  class space    used 14691K, committed 15040K, reserved 1048576K
}
Event: 51458.974 GC heap after
{Heap after GC invocations=1531 (full 744):
 garbage-first heap   total 831488K, used 198052K [0x0000000680000000, 0x0000000800000000)
  region size 4096K, 2 young (8192K), 2 survivors (8192K)
 Metaspace       used 105844K, committed 106560K, reserved 1179648K
  class space    used 14691K, committed 15040K, reserved 1048576K
}
Event: 51463.349 GC heap before
{Heap before GC invocations=1531 (full 744):
 garbage-first heap   total 831488K, used 271780K [0x0000000680000000, 0x0000000800000000)
  region size 4096K, 20 young (81920K), 2 survivors (8192K)
 Metaspace       used 105845K, committed 106560K, reserved 1179648K
  class space    used 14691K, committed 15040K, reserved 1048576K
}
Event: 51463.353 GC heap after
{Heap after GC invocations=1532 (full 744):
 garbage-first heap   total 831488K, used 197914K [0x0000000680000000, 0x0000000800000000)
  region size 4096K, 2 young (8192K), 2 survivors (8192K)
 Metaspace       used 105845K, committed 106560K, reserved 1179648K
  class space    used 14691K, committed 15040K, reserved 1048576K
}
Event: 51466.003 GC heap before
{Heap before GC invocations=1532 (full 744):
 garbage-first heap   total 831488K, used 271642K [0x0000000680000000, 0x0000000800000000)
  region size 4096K, 20 young (81920K), 2 survivors (8192K)
 Metaspace       used 105845K, committed 106560K, reserved 1179648K
  class space    used 14691K, committed 15040K, reserved 1048576K
}
Event: 51466.008 GC heap after
{Heap after GC invocations=1533 (full 744):
 garbage-first heap   total 831488K, used 197874K [0x0000000680000000, 0x0000000800000000)
  region size 4096K, 2 young (8192K), 2 survivors (8192K)
 Metaspace       used 105845K, committed 106560K, reserved 1179648K
  class space    used 14691K, committed 15040K, reserved 1048576K
}
Event: 51476.982 GC heap before
{Heap before GC invocations=1533 (full 744):
 garbage-first heap   total 831488K, used 271602K [0x0000000680000000, 0x0000000800000000)
  region size 4096K, 20 young (81920K), 2 survivors (8192K)
 Metaspace       used 105860K, committed 106624K, reserved 1179648K
  class space    used 14691K, committed 15040K, reserved 1048576K
}
Event: 51476.987 GC heap after
{Heap after GC invocations=1534 (full 744):
 garbage-first heap   total 831488K, used 198105K [0x0000000680000000, 0x0000000800000000)
  region size 4096K, 2 young (8192K), 2 survivors (8192K)
 Metaspace       used 105860K, committed 106624K, reserved 1179648K
  class space    used 14691K, committed 15040K, reserved 1048576K
}
Event: 51479.844 GC heap before
{Heap before GC invocations=1534 (full 744):
 garbage-first heap   total 831488K, used 271833K [0x0000000680000000, 0x0000000800000000)
  region size 4096K, 20 young (81920K), 2 survivors (8192K)
 Metaspace       used 105860K, committed 106624K, reserved 1179648K
  class space    used 14691K, committed 15040K, reserved 1048576K
}
Event: 51479.848 GC heap after
{Heap after GC invocations=1535 (full 744):
 garbage-first heap   total 831488K, used 197903K [0x0000000680000000, 0x0000000800000000)
  region size 4096K, 2 young (8192K), 2 survivors (8192K)
 Metaspace       used 105860K, committed 106624K, reserved 1179648K
  class space    used 14691K, committed 15040K, reserved 1048576K
}
Event: 51481.502 GC heap before
{Heap before GC invocations=1535 (full 744):
 garbage-first heap   total 831488K, used 271631K [0x0000000680000000, 0x0000000800000000)
  region size 4096K, 20 young (81920K), 2 survivors (8192K)
 Metaspace       used 105861K, committed 106624K, reserved 1179648K
  class space    used 14691K, committed 15040K, reserved 1048576K
}
Event: 51481.506 GC heap after
{Heap after GC invocations=1536 (full 744):
 garbage-first heap   total 831488K, used 198076K [0x0000000680000000, 0x0000000800000000)
  region size 4096K, 1 young (4096K), 1 survivors (4096K)
 Metaspace       used 105861K, committed 106624K, reserved 1179648K
  class space    used 14691K, committed 15040K, reserved 1048576K
}

Dll operation events (20 events):
Event: 0.638 Loaded shared library C:\Xilinx\2025.1\Vivado\lib\win64.o\xv_simtcltasks.dll
Event: 0.641 Loaded shared library C:\Xilinx\2025.1\Vivado\lib\win64.o\xv_ipservicestasks.dll
Event: 0.642 Loaded shared library C:\Xilinx\2025.1\Vivado\lib\win64.o\xv_vivadotasks.dll
Event: 0.643 Loaded shared library C:\Xilinx\2025.1\Vivado\lib\win64.o\xv_board.dll
Event: 0.643 Loaded shared library C:\Xilinx\2025.1\Vivado\lib\win64.o\xv_boarddep.dll
Event: 0.644 Loaded shared library C:\Xilinx\2025.1\Vivado\lib\win64.o\xv_boardcommontasks.dll
Event: 0.645 Loaded shared library C:\Xilinx\2025.1\Vivado\lib\win64.o\xv_ptgen.dll
Event: 0.645 Loaded shared library C:\Xilinx\2025.1\Vivado\lib\win64.o\xv_ip.dll
Event: 0.646 Loaded shared library C:\Xilinx\2025.1\Vivado\lib\win64.o\xv_mig.dll
Event: 0.647 Loaded shared library C:\Xilinx\2025.1\Vivado\lib\win64.o\xv_implflow.dll
Event: 0.648 Loaded shared library C:\Xilinx\2025.1\Vivado\lib\win64.o\xv_xhubtasks.dll
Event: 0.651 Loaded shared library C:\Xilinx\2025.1\Vivado\lib\win64.o\xv_iptasks.dll
Event: 0.652 Loaded shared library C:\Xilinx\2025.1\Vivado\lib\win64.o\xv_synth.dll
Event: 1.859 Loaded shared library C:\Xilinx\2025.1\Vivado\tps\win64\jre21.0.1_12\bin\verify.dll
Event: 1.964 Loaded shared library C:\Xilinx\2025.1\Vivado\tps\win64\jre21.0.1_12\bin\freetype.dll
Event: 1.967 Loaded shared library C:\Xilinx\2025.1\Vivado\tps\win64\jre21.0.1_12\bin\fontmanager.dll
Event: 8.455 Loaded shared library C:\Xilinx\2025.1\Vivado\lib\win64.o\xv_xhub.dll
Event: 15.487 Loaded shared library C:\Xilinx\2025.1\Vivado\tps\win64\jre21.0.1_12\bin\management.dll
Event: 15.491 Loaded shared library C:\Xilinx\2025.1\Vivado\tps\win64\jre21.0.1_12\bin\management_ext.dll
Event: 45810.979 Loaded shared library C:\Xilinx\2025.1\Vivado\lib\win64.o\nlview.dll

Deoptimization events (20 events):
Event: 51476.276 Thread 0x000001c15ecf4c50 DEOPT PACKING pc=0x000001c109326ebc sp=0x000000bddb0fdee0
Event: 51476.276 Thread 0x000001c15ecf4c50 DEOPT UNPACKING pc=0x000001c107587da2 sp=0x000000bddb0fdeb0 mode 2
Event: 51476.277 Thread 0x000001c15ecf4c50 Uncommon trap: trap_request=0xffffffd6 fr.pc=0x000001c109094dc8 relative=0x00000000000012c8
Event: 51476.277 Thread 0x000001c15ecf4c50 Uncommon trap: reason=array_check action=maybe_recompile pc=0x000001c109094dc8 method=java.util.TimSort.mergeLo(IIII)V @ 245 c2
Event: 51476.277 Thread 0x000001c15ecf4c50 DEOPT PACKING pc=0x000001c109094dc8 sp=0x000000bddb0fe2e0
Event: 51476.277 Thread 0x000001c15ecf4c50 DEOPT UNPACKING pc=0x000001c107587da2 sp=0x000000bddb0fe2a0 mode 2
Event: 51476.278 Thread 0x000001c15ecf4c50 Uncommon trap: trap_request=0xffffffd6 fr.pc=0x000001c109094d50 relative=0x0000000000001250
Event: 51476.278 Thread 0x000001c15ecf4c50 Uncommon trap: reason=array_check action=maybe_recompile pc=0x000001c109094d50 method=java.util.TimSort.mergeLo(IIII)V @ 212 c2
Event: 51476.279 Thread 0x000001c15ecf4c50 DEOPT PACKING pc=0x000001c109094d50 sp=0x000000bddb0fe2e0
Event: 51476.279 Thread 0x000001c15ecf4c50 DEOPT UNPACKING pc=0x000001c107587da2 sp=0x000000bddb0fe2a0 mode 2
Event: 51476.279 Thread 0x000001c15ecf4c50 Uncommon trap: trap_request=0xffffffd6 fr.pc=0x000001c109094dc8 relative=0x00000000000012c8
Event: 51476.279 Thread 0x000001c15ecf4c50 Uncommon trap: reason=array_check action=maybe_recompile pc=0x000001c109094dc8 method=java.util.TimSort.mergeLo(IIII)V @ 245 c2
Event: 51476.279 Thread 0x000001c15ecf4c50 DEOPT PACKING pc=0x000001c109094dc8 sp=0x000000bddb0fe2e0
Event: 51476.279 Thread 0x000001c15ecf4c50 DEOPT UNPACKING pc=0x000001c107587da2 sp=0x000000bddb0fe2a0 mode 2
Event: 51478.940 Thread 0x000001c15ecf4c50 DEOPT PACKING pc=0x000001c10166aae8 sp=0x000000bddb0feac0
Event: 51478.940 Thread 0x000001c15ecf4c50 DEOPT UNPACKING pc=0x000001c1075888e2 sp=0x000000bddb0fe040 mode 0
Event: 51482.940 Thread 0x000001c15ecf4c50 DEOPT PACKING pc=0x000001c100738685 sp=0x000000bddb0fe9c0
Event: 51482.940 Thread 0x000001c15ecf4c50 DEOPT UNPACKING pc=0x000001c1075888e2 sp=0x000000bddb0fde98 mode 0
Event: 51482.940 Thread 0x000001c15ecf4c50 DEOPT PACKING pc=0x000001c1024ae17e sp=0x000000bddb0febb0
Event: 51482.940 Thread 0x000001c15ecf4c50 DEOPT UNPACKING pc=0x000001c1075888e2 sp=0x000000bddb0fe0e8 mode 0

Classes loaded (20 events):
Event: 45946.776 Loading class java/net/InetAddress$CachedLocalHost
Event: 45946.776 Loading class java/net/InetAddress$CachedLocalHost done
Event: 46032.702 Loading class java/awt/Robot
Event: 46032.702 Loading class java/awt/Robot done
Event: 46032.702 Loading class sun/awt/windows/WRobotPeer
Event: 46032.703 Loading class java/awt/peer/RobotPeer
Event: 46032.703 Loading class java/awt/peer/RobotPeer done
Event: 46032.703 Loading class sun/awt/windows/WRobotPeer done
Event: 46032.742 Loading class sun/awt/image/OffScreenImage
Event: 46032.742 Loading class sun/awt/image/OffScreenImage done
Event: 47749.153 Loading class javax/swing/event/HyperlinkEvent$EventType
Event: 47749.153 Loading class javax/swing/event/HyperlinkEvent$EventType done
Event: 48698.547 Loading class java/awt/TexturePaintContext
Event: 48698.548 Loading class java/awt/TexturePaintContext done
Event: 48698.548 Loading class java/awt/TexturePaintContext$Int
Event: 48698.548 Loading class java/awt/TexturePaintContext$Int done
Event: 50294.446 Loading class javax/swing/plaf/basic/BasicSplitPaneDivider$DragController
Event: 50294.448 Loading class javax/swing/plaf/basic/BasicSplitPaneDivider$DragController done
Event: 51408.661 Loading class sun/awt/geom/Order2
Event: 51408.663 Loading class sun/awt/geom/Order2 done

Classes unloaded (20 events):
Event: 49236.809 Thread 0x000001c17493a520 Unloading class 0x000001c119494800 'java/lang/invoke/LambdaForm$MH+0x000001c119494800'
Event: 49236.809 Thread 0x000001c17493a520 Unloading class 0x000001c119495400 'java/lang/invoke/LambdaForm$MH+0x000001c119495400'
Event: 49236.809 Thread 0x000001c17493a520 Unloading class 0x000001c119495800 'java/lang/invoke/LambdaForm$MH+0x000001c119495800'
Event: 49236.809 Thread 0x000001c17493a520 Unloading class 0x000001c119496800 'java/lang/invoke/LambdaForm$MH+0x000001c119496800'
Event: 49236.809 Thread 0x000001c17493a520 Unloading class 0x000001c119497400 'java/lang/invoke/LambdaForm$MH+0x000001c119497400'
Event: 49236.809 Thread 0x000001c17493a520 Unloading class 0x000001c119498c00 'java/lang/invoke/LambdaForm$MH+0x000001c119498c00'
Event: 49236.809 Thread 0x000001c17493a520 Unloading class 0x000001c119304c00 'java/lang/invoke/LambdaForm$MH+0x000001c119304c00'
Event: 49236.809 Thread 0x000001c17493a520 Unloading class 0x000001c119304800 'java/lang/invoke/LambdaForm$MH+0x000001c119304800'
Event: 50161.255 Thread 0x000001c17493a520 Unloading class 0x000001c1193cc000 'java/lang/invoke/LambdaForm$MH+0x000001c1193cc000'
Event: 50161.255 Thread 0x000001c17493a520 Unloading class 0x000001c119475400 'java/lang/invoke/LambdaForm$MH+0x000001c119475400'
Event: 50161.255 Thread 0x000001c17493a520 Unloading class 0x000001c119497c00 'java/lang/invoke/LambdaForm$MH+0x000001c119497c00'
Event: 50161.255 Thread 0x000001c17493a520 Unloading class 0x000001c119497800 'java/lang/invoke/LambdaForm$MH+0x000001c119497800'
Event: 50161.255 Thread 0x000001c17493a520 Unloading class 0x000001c119499c00 'java/lang/invoke/LambdaForm$MH+0x000001c119499c00'
Event: 50161.255 Thread 0x000001c17493a520 Unloading class 0x000001c11949c800 'java/lang/invoke/LambdaForm$MH+0x000001c11949c800'
Event: 50161.255 Thread 0x000001c17493a520 Unloading class 0x000001c11949e000 'java/lang/invoke/LambdaForm$MH+0x000001c11949e000'
Event: 50161.255 Thread 0x000001c17493a520 Unloading class 0x000001c119765000 'java/lang/invoke/LambdaForm$MH+0x000001c119765000'
Event: 50161.255 Thread 0x000001c17493a520 Unloading class 0x000001c11977ac00 'java/lang/invoke/LambdaForm$MH+0x000001c11977ac00'
Event: 50161.255 Thread 0x000001c17493a520 Unloading class 0x000001c11977a800 'java/lang/invoke/LambdaForm$MH+0x000001c11977a800'
Event: 50161.255 Thread 0x000001c17493a520 Unloading class 0x000001c11977d400 'java/lang/invoke/LambdaForm$MH+0x000001c11977d400'
Event: 50161.255 Thread 0x000001c17493a520 Unloading class 0x000001c11977d000 'java/lang/invoke/LambdaForm$MH+0x000001c11977d000'

Classes redefined (0 events):
No events

Internal exceptions (20 events):
Event: 51444.655 Thread 0x000001c15ecf4c50 Exception <a 'java/io/FileNotFoundException'{0x00000006b1086090}> (0x00000006b1086090) 
thrown [s\src\hotspot\share\prims\jni.cpp, line 520]
Event: 51449.488 Thread 0x000001c15ecf4c50 Exception <a 'java/io/FileNotFoundException'{0x00000006b01c9468}> (0x00000006b01c9468) 
thrown [s\src\hotspot\share\prims\jni.cpp, line 520]
Event: 51449.656 Thread 0x000001c15ecf4c50 Exception <a 'java/io/FileNotFoundException'{0x00000006b01cf7b8}> (0x00000006b01cf7b8) 
thrown [s\src\hotspot\share\prims\jni.cpp, line 520]
Event: 51454.490 Thread 0x000001c15ecf4c50 Exception <a 'java/io/FileNotFoundException'{0x00000006aea23500}> (0x00000006aea23500) 
thrown [s\src\hotspot\share\prims\jni.cpp, line 520]
Event: 51454.657 Thread 0x000001c15ecf4c50 Exception <a 'java/io/FileNotFoundException'{0x00000006aebb86b0}> (0x00000006aebb86b0) 
thrown [s\src\hotspot\share\prims\jni.cpp, line 520]
Event: 51455.380 Thread 0x000001c18ecaa9b0 Exception <a 'java/lang/InterruptedException'{0x00000006ae799010}: sleep interrupted> (0x00000006ae799010) 
thrown [s\src\hotspot\share\prims\jvm.cpp, line 3074]
Event: 51459.490 Thread 0x000001c15ecf4c50 Exception <a 'java/io/FileNotFoundException'{0x00000006b26cfc78}> (0x00000006b26cfc78) 
thrown [s\src\hotspot\share\prims\jni.cpp, line 520]
Event: 51459.663 Thread 0x000001c15ecf4c50 Exception <a 'java/io/FileNotFoundException'{0x00000006b2057450}> (0x00000006b2057450) 
thrown [s\src\hotspot\share\prims\jni.cpp, line 520]
Event: 51461.680 Thread 0x000001c18ecaa9b0 Exception <a 'java/lang/InterruptedException'{0x00000006b13c6fd0}: sleep interrupted> (0x00000006b13c6fd0) 
thrown [s\src\hotspot\share\prims\jvm.cpp, line 3074]
Event: 51464.490 Thread 0x000001c15ecf4c50 Exception <a 'java/io/FileNotFoundException'{0x00000006b1834f20}> (0x00000006b1834f20) 
thrown [s\src\hotspot\share\prims\jni.cpp, line 520]
Event: 51464.659 Thread 0x000001c15ecf4c50 Exception <a 'java/io/FileNotFoundException'{0x00000006b19ba3c8}> (0x00000006b19ba3c8) 
thrown [s\src\hotspot\share\prims\jni.cpp, line 520]
Event: 51469.491 Thread 0x000001c15ecf4c50 Exception <a 'java/io/FileNotFoundException'{0x00000006b1e0f448}> (0x00000006b1e0f448) 
thrown [s\src\hotspot\share\prims\jni.cpp, line 520]
Event: 51469.660 Thread 0x000001c15ecf4c50 Exception <a 'java/io/FileNotFoundException'{0x00000006b1e154a0}> (0x00000006b1e154a0) 
thrown [s\src\hotspot\share\prims\jni.cpp, line 520]
Event: 51474.496 Thread 0x000001c15ecf4c50 Exception <a 'java/io/FileNotFoundException'{0x00000006b16ddb60}> (0x00000006b16ddb60) 
thrown [s\src\hotspot\share\prims\jni.cpp, line 520]
Event: 51474.662 Thread 0x000001c15ecf4c50 Exception <a 'java/io/FileNotFoundException'{0x00000006b0ce0310}> (0x00000006b0ce0310) 
thrown [s\src\hotspot\share\prims\jni.cpp, line 520]
Event: 51476.901 Thread 0x000001c18ecab040 Exception <a 'java/lang/InterruptedException'{0x00000006afa2a6f8}: sleep interrupted> (0x00000006afa2a6f8) 
thrown [s\src\hotspot\share\prims\jvm.cpp, line 3074]
Event: 51479.493 Thread 0x000001c15ecf4c50 Exception <a 'java/io/FileNotFoundException'{0x00000006af36fd68}> (0x00000006af36fd68) 
thrown [s\src\hotspot\share\prims\jni.cpp, line 520]
Event: 51479.662 Thread 0x000001c15ecf4c50 Exception <a 'java/io/FileNotFoundException'{0x00000006aee387e8}> (0x00000006aee387e8) 
thrown [s\src\hotspot\share\prims\jni.cpp, line 520]
Event: 51479.874 Thread 0x000001c18eca88e0 Exception <a 'java/lang/InterruptedException'{0x00000006b29683e8}: sleep interrupted> (0x00000006b29683e8) 
thrown [s\src\hotspot\share\prims\jvm.cpp, line 3074]
Event: 51481.458 Thread 0x000001c18ec91ff0 Exception <a 'java/lang/InterruptedException'{0x00000006ae42c028}: sleep interrupted> (0x00000006ae42c028) 
thrown [s\src\hotspot\share\prims\jvm.cpp, line 3074]

ZGC Phase Switch (0 events):
No events

VM Operations (20 events):
Event: 51458.968 Executing VM operation: G1CollectForAllocation (G1 Evacuation Pause)
Event: 51458.974 Executing VM operation: G1CollectForAllocation (G1 Evacuation Pause) done
Event: 51461.975 Executing VM operation: Cleanup
Event: 51461.976 Executing VM operation: Cleanup done
Event: 51463.349 Executing VM operation: G1CollectForAllocation (G1 Evacuation Pause)
Event: 51463.353 Executing VM operation: G1CollectForAllocation (G1 Evacuation Pause) done
Event: 51465.354 Executing VM operation: Cleanup
Event: 51465.354 Executing VM operation: Cleanup done
Event: 51466.003 Executing VM operation: G1CollectForAllocation (G1 Evacuation Pause)
Event: 51466.008 Executing VM operation: G1CollectForAllocation (G1 Evacuation Pause) done
Event: 51467.008 Executing VM operation: Cleanup
Event: 51467.008 Executing VM operation: Cleanup done
Event: 51476.982 Executing VM operation: G1CollectForAllocation (G1 Evacuation Pause)
Event: 51476.987 Executing VM operation: G1CollectForAllocation (G1 Evacuation Pause) done
Event: 51479.844 Executing VM operation: G1CollectForAllocation (G1 Evacuation Pause)
Event: 51479.848 Executing VM operation: G1CollectForAllocation (G1 Evacuation Pause) done
Event: 51480.849 Executing VM operation: Cleanup
Event: 51480.849 Executing VM operation: Cleanup done
Event: 51481.502 Executing VM operation: G1CollectForAllocation (G1 Evacuation Pause)
Event: 51481.506 Executing VM operation: G1CollectForAllocation (G1 Evacuation Pause) done

Events (20 events):
Event: 51481.940 Thread 0x000001c18ecad110 Thread exited: 0x000001c18ecad110
Event: 51482.000 Thread 0x000001c18ecad7a0 Thread added: 0x000001c18ecad7a0
Event: 51482.461 Thread 0x000001c18ec88900 Thread exited: 0x000001c18ec88900
Event: 51482.539 Thread 0x000001c18eca88e0 Thread exited: 0x000001c18eca88e0
Event: 51482.948 Thread 0x000001c18ecab040 Thread added: 0x000001c18ecab040
Event: 51482.952 Thread 0x000001c18ecab6d0 Thread added: 0x000001c18ecab6d0
Event: 51482.952 Thread 0x000001c18ecab6d0 Thread exited: 0x000001c18ecab6d0
Event: 51482.962 Thread 0x000001c18ecab040 Thread exited: 0x000001c18ecab040
Event: 51483.013 Thread 0x000001c18ecad7a0 Thread exited: 0x000001c18ecad7a0
Event: 51483.172 Thread 0x000001c18ecab040 Thread added: 0x000001c18ecab040
Event: 51483.172 Thread 0x000001c18ecab6d0 Thread added: 0x000001c18ecab6d0
Event: 51483.172 Thread 0x000001c18eca88e0 Thread added: 0x000001c18eca88e0
Event: 51483.172 Thread 0x000001c18ecac3f0 Thread added: 0x000001c18ecac3f0
Event: 51483.172 Thread 0x000001c18ecaca80 Thread added: 0x000001c18ecaca80
Event: 51483.172 Thread 0x000001c18ecad110 Thread added: 0x000001c18ecad110
Event: 51483.175 Thread 0x000001c18ecab6d0 Thread exited: 0x000001c18ecab6d0
Event: 51483.175 Thread 0x000001c18ecac3f0 Thread exited: 0x000001c18ecac3f0
Event: 51483.175 Thread 0x000001c18ecaca80 Thread exited: 0x000001c18ecaca80
Event: 51483.175 Thread 0x000001c18eca88e0 Thread exited: 0x000001c18eca88e0
Event: 51483.175 Thread 0x000001c18ecab040 Thread exited: 0x000001c18ecab040


Dynamic libraries:
0x00007ff738430000 - 0x00007ff738438000 	C:\Xilinx\2025.1\Vivado\bin\unwrapped\win64.o\vivado.exe
0x00007ffade160000 - 0x00007ffade3c7000 	C:\WINDOWS\SYSTEM32\ntdll.dll
0x00007ffadcaa0000 - 0x00007ffadcb69000 	C:\WINDOWS\System32\KERNEL32.DLL
0x00007ffadaa40000 - 0x00007ffadae31000 	C:\WINDOWS\System32\KERNELBASE.dll
0x00007ffad7d30000 - 0x00007ffad7dcf000 	C:\WINDOWS\SYSTEM32\apphelp.dll
0x00007ffadb540000 - 0x00007ffadb68b000 	C:\WINDOWS\System32\ucrtbase.dll
0x00007ffa93f70000 - 0x00007ffa93ff9000 	C:\WINDOWS\SYSTEM32\MSVCP140.dll
0x00007ffad2e50000 - 0x00007ffad2e6e000 	C:\WINDOWS\SYSTEM32\VCRUNTIME140.dll
0x00007ffad2cd0000 - 0x00007ffad2cdc000 	C:\WINDOWS\SYSTEM32\VCRUNTIME140_1.dll
0x00007ffad0180000 - 0x00007ffad01a7000 	C:\Xilinx\2025.1\Vivado\lib\win64.o\xv_commonmain.dll
0x00007ffa21300000 - 0x00007ffa229a7000 	C:\Xilinx\2025.1\Vivado\lib\win64.o\xv_common.dll
0x00007ffadcb90000 - 0x00007ffadcd55000 	C:\WINDOWS\System32\USER32.dll
0x00007ffadb320000 - 0x00007ffadb347000 	C:\WINDOWS\System32\win32u.dll
0x00007ffadd600000 - 0x00007ffadd62b000 	C:\WINDOWS\System32\GDI32.dll
0x00007ffadb130000 - 0x00007ffadb25b000 	C:\WINDOWS\System32\gdi32full.dll
0x00007ffad06f0000 - 0x00007ffad06fc000 	C:\Xilinx\2025.1\Vivado\lib\win64.o\xv_commonversion.dll
0x00007ffadb400000 - 0x00007ffadb4a3000 	C:\WINDOWS\System32\msvcp_win.dll
0x00007ffa5ff20000 - 0x00007ffa60170000 	C:\Xilinx\2025.1\Vivado\lib\win64.o\xv_commonxillic.dll
0x00007ffadc800000 - 0x00007ffadc8bb000 	C:\WINDOWS\System32\ADVAPI32.dll
0x00007ffaa6af0000 - 0x00007ffaa6b1a000 	C:\Xilinx\2025.1\Vivado\lib\win64.o\boost_filesystem.dll
0x00007ffadd580000 - 0x00007ffadd5f4000 	C:\WINDOWS\System32\WS2_32.dll
0x00007ffade070000 - 0x00007ffade119000 	C:\WINDOWS\System32\msvcrt.dll
0x00007ffadc8c0000 - 0x00007ffadc9d8000 	C:\WINDOWS\System32\RPCRT4.dll
0x00007ffadd180000 - 0x00007ffadd227000 	C:\WINDOWS\System32\sechost.dll
0x00007ffa815c0000 - 0x00007ffa81761000 	C:\Xilinx\2025.1\Vivado\lib\win64.o\tcl86t.dll
0x00007ffadd6c0000 - 0x00007ffadde1f000 	C:\WINDOWS\System32\SHELL32.dll
0x00007ffac9f00000 - 0x00007ffac9f0a000 	C:\WINDOWS\SYSTEM32\WSOCK32.dll
0x00007ffa2c0c0000 - 0x00007ffa2c80b000 	C:\Xilinx\2025.1\Vivado\lib\win64.o\python313.dll
0x00007ffadae40000 - 0x00007ffadafaa000 	C:\WINDOWS\System32\wintypes.dll
0x00007ffadcd70000 - 0x00007ffadd0f2000 	C:\WINDOWS\System32\combase.dll
0x00007ffadb4b0000 - 0x00007ffadb531000 	C:\WINDOWS\System32\WINTRUST.dll
0x00007ffada930000 - 0x00007ffada95a000 	C:\WINDOWS\SYSTEM32\bcrypt.dll
0x00007ffa4d820000 - 0x00007ffa4db36000 	C:\Xilinx\2025.1\Vivado\lib\win64.o\libXil_lmgr11.dll
0x00007ffa1f460000 - 0x00007ffa204ea000 	C:\Xilinx\2025.1\Vivado\lib\win64.o\xv_isl_iostreams.dll
0x00007ffa81cb0000 - 0x00007ffa81df4000 	C:\Xilinx\2025.1\Vivado\lib\win64.o\boost_regex.dll
0x00007ffac46d0000 - 0x00007ffac46ea000 	C:\WINDOWS\SYSTEM32\NETAPI32.dll
0x00007ffadc6c0000 - 0x00007ffadc7ae000 	C:\WINDOWS\System32\COMDLG32.dll
0x00007ffac3a10000 - 0x00007ffac3c98000 	C:\WINDOWS\SYSTEM32\WININET.dll
0x00007ffadd470000 - 0x00007ffadd567000 	C:\WINDOWS\System32\shcore.dll
0x00007ffac2ac0000 - 0x00007ffac2c9d000 	C:\WINDOWS\SYSTEM32\urlmon.dll
0x00007ffad39d0000 - 0x00007ffad3af7000 	C:\WINDOWS\SYSTEM32\WINHTTP.dll
0x00007ffade000000 - 0x00007ffade067000 	C:\WINDOWS\System32\SHLWAPI.dll
0x00007ffadb690000 - 0x00007ffadbef4000 	C:\WINDOWS\System32\windows.storage.dll
0x00007ffad9df0000 - 0x00007ffad9e22000 	C:\WINDOWS\SYSTEM32\USERENV.dll
0x00007ffadd230000 - 0x00007ffadd307000 	C:\WINDOWS\System32\OLEAUT32.dll
0x00007ffadde60000 - 0x00007ffaddff5000 	C:\WINDOWS\System32\ole32.dll
0x00007ffadafb0000 - 0x00007ffadb127000 	C:\WINDOWS\System32\CRYPT32.dll
0x00007ffa9ea50000 - 0x00007ffa9ea7a000 	C:\Xilinx\2025.1\Vivado\lib\win64.o\zlib1.dll
0x00007ffab1d30000 - 0x00007ffab1d49000 	C:\Xilinx\2025.1\Vivado\lib\win64.o\boost_date_time.dll
0x00007ffa9e7d0000 - 0x00007ffa9e7f7000 	C:\Xilinx\2025.1\Vivado\lib\win64.o\boost_thread.dll
0x00007ffa9e700000 - 0x00007ffa9e724000 	C:\Xilinx\2025.1\Vivado\lib\win64.o\xv_isl_sysinfo.dll
0x00007ffa930d0000 - 0x00007ffa93164000 	C:\Xilinx\2025.1\Vivado\lib\win64.o\boost_program_options.dll
0x00007ffad0450000 - 0x00007ffad0460000 	C:\Xilinx\2025.1\Vivado\lib\win64.o\xv_boost_xilinx.dll
0x00007ffad3c40000 - 0x00007ffad3c4b000 	C:\WINDOWS\SYSTEM32\VERSION.dll
0x00007ffa44ad0000 - 0x00007ffa44f70000 	C:\Xilinx\2025.1\Vivado\lib\win64.o\xv_COIN-all.dll
0x00007ffaaceb0000 - 0x00007ffaacecc000 	C:\Xilinx\2025.1\Vivado\lib\win64.o\librdiconfig.dll
0x00007ffa929f0000 - 0x00007ffa92a95000 	C:\Xilinx\2025.1\Vivado\lib\win64.o\libhdxml.dll
0x00007ffaacd30000 - 0x00007ffaacd4a000 	C:\Xilinx\2025.1\Vivado\lib\win64.o\pthreadVC2.dll
0x00007ff9f7620000 - 0x00007ff9f9537000 	C:\Xilinx\2025.1\Vivado\lib\win64.o\gurobi90.dll
0x00007ffadd100000 - 0x00007ffadd172000 	C:\WINDOWS\System32\WLDAP32.dll
0x00007ffa8d1b0000 - 0x00007ffa8d227000 	C:\Xilinx\2025.1\Vivado\lib\win64.o\xv_lmx.dll
0x00007ffadc6b0000 - 0x00007ffadc6b8000 	C:\WINDOWS\System32\Normaliz.dll
0x00007ffa87de0000 - 0x00007ffa87e97000 	C:\Xilinx\2025.1\Vivado\lib\win64.o\libzstd.dll
0x00007ffa896b0000 - 0x00007ffa89732000 	C:\Xilinx\2025.1\Vivado\lib\win64.o\libhdlpsolve.dll
0x00007ffa9dac0000 - 0x00007ffa9dae3000 	C:\Xilinx\2025.1\Vivado\lib\win64.o\librdizlib.dll
0x00007ffa9c9d0000 - 0x00007ffa9ca00000 	C:\WINDOWS\SYSTEM32\VCOMP140.DLL
0x00007ffaa49b0000 - 0x00007ffaa49cc000 	C:\Xilinx\2025.1\Vivado\lib\win64.o\xv_isl_iosutils.dll
0x00007ffa4d550000 - 0x00007ffa4d811000 	C:\Xilinx\2025.1\Vivado\lib\win64.o\xerces-c_3_2.dll
0x00007ffac27f0000 - 0x00007ffac2ab4000 	C:\WINDOWS\SYSTEM32\iertutil.dll
0x00007ffab2550000 - 0x00007ffab2604000 	C:\WINDOWS\WinSxS\amd64_microsoft.windows.common-controls_6595b64144ccf1df_5.82.26100.8037_none_87ebc5097a2f9e52\COMCTL32.dll
0x00007ffa9c8b0000 - 0x00007ffa9c8d1000 	C:\Xilinx\2025.1\Vivado\lib\win64.o\boost_iostreams.dll
0x00007ffad4d70000 - 0x00007ffad4d93000 	C:\WINDOWS\SYSTEM32\dhcpcsvc.DLL
0x00007ffad94d0000 - 0x00007ffad94dd000 	C:\WINDOWS\SYSTEM32\netutils.dll
0x00007ffac1c20000 - 0x00007ffac1c49000 	C:\WINDOWS\SYSTEM32\srvcli.dll
0x00007ffad9d40000 - 0x00007ffad9dab000 	C:\WINDOWS\SYSTEM32\MSWSOCK.DLL
0x00007ffad9b10000 - 0x00007ffad9b57000 	C:\WINDOWS\SYSTEM32\LOGONCLI.DLL
0x00007ffad9130000 - 0x00007ffad914c000 	C:\WINDOWS\SYSTEM32\SAMCLI.DLL
0x00007ffadc7c0000 - 0x00007ffadc7f1000 	C:\WINDOWS\System32\IMM32.DLL
0x00007ffada090000 - 0x00007ffada0a3000 	C:\WINDOWS\SYSTEM32\MSASN1.dll
0x00007ffada020000 - 0x00007ffada03b000 	C:\WINDOWS\SYSTEM32\CRYPTSP.dll
0x00007ffad9710000 - 0x00007ffad9749000 	C:\WINDOWS\system32\rsaenh.dll
0x00007ffada040000 - 0x00007ffada04c000 	C:\WINDOWS\SYSTEM32\CRYPTBASE.dll
0x00007ffadb350000 - 0x00007ffadb3f5000 	C:\WINDOWS\System32\bcryptPrimitives.dll
0x00007ffad9750000 - 0x00007ffad976b000 	C:\WINDOWS\SYSTEM32\kernel.appcore.dll
0x00007ffadde30000 - 0x00007ffadde50000 	C:\WINDOWS\System32\imagehlp.dll
0x00007ffa28350000 - 0x00007ffa28a20000 	C:\Xilinx\2025.1\Vivado\lib\win64.o\xv_commontasks.dll
0x00007ffa10f90000 - 0x00007ffa11d11000 	C:\Xilinx\2025.1\Vivado\tps\win64\jre21.0.1_12\bin\server\jvm.dll
0x00007ffa27e50000 - 0x00007ffa28349400 	C:\Xilinx\2025.1\Vivado\lib\win64.o\xv_sio.dll
0x00007ffad9180000 - 0x00007ffad91b3000 	C:\WINDOWS\SYSTEM32\IPHLPAPI.DLL
0x00007ffada8a0000 - 0x00007ffada8fe000 	C:\WINDOWS\SYSTEM32\POWRPROF.dll
0x00007ffad0770000 - 0x00007ffad07a5000 	C:\WINDOWS\SYSTEM32\WINMM.dll
0x00007ffada880000 - 0x00007ffada894000 	C:\WINDOWS\SYSTEM32\UMPDC.dll
0x00007ffad9db0000 - 0x00007ffad9de0000 	C:\WINDOWS\SYSTEM32\gpapi.dll
0x00007ffaad620000 - 0x00007ffaad65b000 	C:\Windows\System32\cryptnet.dll
0x00007ffada960000 - 0x00007ffada989000 	C:\WINDOWS\SYSTEM32\profapi.dll
0x00007ffad7f20000 - 0x00007ffad7f2e000 	C:\WINDOWS\SYSTEM32\WINNSI.DLL
0x00007ffadc9e0000 - 0x00007ffadc9ea000 	C:\WINDOWS\System32\NSI.dll
0x00007ffad9a70000 - 0x00007ffad9ab9000 	C:\WINDOWS\SYSTEM32\SspiCli.dll
0x00007ffa7e3e0000 - 0x00007ffa7e3f8000 	C:\WINDOWS\system32\napinsp.dll
0x00007ffad9270000 - 0x00007ffad939a000 	C:\WINDOWS\SYSTEM32\DNSAPI.dll
0x00007ffa7e400000 - 0x00007ffa7e412000 	C:\WINDOWS\System32\winrnr.dll
0x00007ffa9fac0000 - 0x00007ffa9fae2000 	C:\WINDOWS\system32\nlansp_c.dll
0x00007ffacfd70000 - 0x00007ffacfd86000 	C:\WINDOWS\system32\wshbth.dll
0x00007ffacfe60000 - 0x00007ffacfe7b000 	C:\WINDOWS\SYSTEM32\wkscli.dll
0x00007ffab8ed0000 - 0x00007ffab8ee3000 	C:\WINDOWS\SYSTEM32\cscapi.dll
0x00007ff9eec00000 - 0x00007ff9f2cd1000 	C:\Xilinx\2025.1\Vivado\lib\win64.o\xv_tcltasks.dll
0x00007ffa7ff00000 - 0x00007ffa7ffd9000 	C:\Xilinx\2025.1\Vivado\lib\win64.o\xv_xhubtasks.dll
0x00007ff9df2b0000 - 0x00007ff9e1089000 	C:\Xilinx\2025.1\Vivado\lib\win64.o\xv_implflow.dll
0x00007ff998b00000 - 0x00007ff99e4dc000 	C:\Xilinx\2025.1\Vivado\lib\win64.o\xv_route.dll
0x00007ff9edf00000 - 0x00007ff9eebf4000 	C:\Xilinx\2025.1\Vivado\lib\win64.o\xv_project.dll
0x00007ff9ed0a0000 - 0x00007ff9edef2000 	C:\Xilinx\2025.1\Vivado\lib\win64.o\xv_power.dll
0x00007ff9563b0000 - 0x00007ff95c0b5000 	C:\Xilinx\2025.1\Vivado\lib\win64.o\xv_place.dll
0x00007ff9f6990000 - 0x00007ff9f7617000 	C:\Xilinx\2025.1\Vivado\lib\win64.o\xv_lopt.dll
0x00007ffa20d90000 - 0x00007ffa212f3000 	C:\Xilinx\2025.1\Vivado\lib\win64.o\xv_dfximpl.dll
0x00007ff9ec8c0000 - 0x00007ff9ed093000 	C:\Xilinx\2025.1\Vivado\lib\win64.o\xv_runs.dll
0x00007ffa7d320000 - 0x00007ffa7d487000 	C:\Xilinx\2025.1\Vivado\lib\win64.o\xv_chipscope.dll
0x00007ff9de5d0000 - 0x00007ff9df2a1000 	C:\Xilinx\2025.1\Vivado\lib\win64.o\xv_drc.dll
0x00007ff9dd950000 - 0x00007ff9de5ca000 	C:\Xilinx\2025.1\Vivado\lib\win64.o\xv_rsb.dll
0x00007ffa7bc40000 - 0x00007ffa7bd4c000 	C:\Xilinx\2025.1\Vivado\lib\win64.o\xv_dsp.dll
0x00007ff9d23f0000 - 0x00007ff9d5072000 	C:\Xilinx\2025.1\Vivado\lib\win64.o\xv_mig.dll
0x00007ffa441b0000 - 0x00007ffa44436000 	C:\Xilinx\2025.1\Vivado\lib\win64.o\xv_chipscopeimpl.dll
0x00007ffa10ad0000 - 0x00007ffa10f8c000 	C:\Xilinx\2025.1\Vivado\lib\win64.o\xv_dlyest.dll
0x00007ffa5bc50000 - 0x00007ffa5bdd2000 	C:\Xilinx\2025.1\Vivado\lib\win64.o\xv_vsta.dll
0x00007ff9e9f90000 - 0x00007ff9ea650000 	C:\Xilinx\2025.1\Vivado\lib\win64.o\xv_memdata.dll
0x00007ffa7dfd0000 - 0x00007ffa7e052000 	C:\Xilinx\2025.1\Vivado\lib\win64.o\xv_pfi.dll
0x00007ff9c0150000 - 0x00007ff9c1acc000 	C:\Xilinx\2025.1\Vivado\lib\win64.o\xv_timing.dll
0x00007ff9baa20000 - 0x00007ff9bd7b2000 	C:\Xilinx\2025.1\Vivado\lib\win64.o\xv_designutils.dll
0x00007ff9dd250000 - 0x00007ff9dd94b000 	C:\Xilinx\2025.1\Vivado\lib\win64.o\xv_bitstream.dll

dbghelp: loaded successfully - version: 4.0.5 - missing functions: none
symbol engine: initialized successfully - sym options: 0x614 - pdb path: .;C:\Xilinx\2025.1\Vivado\bin\unwrapped\win64.o;C:\WINDOWS\SYSTEM32;C:\Xilinx\2025.1\Vivado\lib\win64.o;C:\WINDOWS\WinSxS\amd64_microsoft.windows.common-controls_6595b64144ccf1df_5.82.26100.8037_none_87ebc5097a2f9e52;C:\Xilinx\2025.1\Vivado\tps\win64\jre21.0.1_12\bin\server;C:\Xilinx\2025.1\Vivado\tps\win64\jre21.0.1_12\bin;C:\WINDOWS\WinSxS\amd64_microsoft.windows.common-controls_6595b64144ccf1df_6.0.26100.8037_none_3e092faae333b53b;C:\WINDOWS\WinSxS\amd64_microsoft.windows.gdiplus_6595b64144ccf1df_1.1.26100.8036_none_6ef439583dc61568

VM Arguments:
jvm_args: -Dsun.java2d.pmoffscreen=false -Dhttps.protocols=TLSv1,TLSv1.1,TLSv1.2 -Dsun.java2d.xrender=false -Dsun.java2d.d3d=false -Dsun.awt.nopixfmt=true -Dsun.java2d.dpiaware=true -Dsun.java2d.uiScale.enabled=false -Dswing.aatext=true -XX:-UsePerfData -Djdk.map.althashing.threshold=512 -XX:StringTableSize=4072 -XX:+UseStringDeduplication -XX:MaxGCPauseMillis=200 -XX:ParallelGCThreads=4 -XX:+ParallelRefProcEnabled --add-opens=java.desktop/javax.swing.plaf.synth=ALL-UNNAMED --add-opens=java.base/java.nio=ALL-UNNAMED --add-opens=java.desktop/sun.swing=ALL-UNNAMED --add-opens=java.desktop/javax.swing=ALL-UNNAMED --add-opens=java.desktop/javax.swing.tree=ALL-UNNAMED --add-opens=java.desktop/javax.swing.plaf.basic=ALL-UNNAMED --add-opens=java.desktop/javax.swing.plaf.synth=ALL-UNNAMED --add-opens=java.desktop/javax.swing.plaf.basic=ALL-UNNAMED --add-opens=java.desktop/javax.swing=ALL-UNNAMED --add-opens=java.desktop/javax.swing.tree=ALL-UNNAMED --add-opens=java.desktop/java.awt.event=ALL-UNNAMED --add-exports=java.desktop/javax.swing.plaf.synth=ALL-UNNAMED --add-exports=java.base/java.nio=ALL-UNNAMED --add-exports=java.desktop/sun.swing=ALL-UNNAMED --add-exports=java.desktop/javax.swing=ALL-UNNAMED --add-exports=java.desktop/javax.swing.tree=ALL-UNNAMED --add-exports=java.desktop/javax.swing.plaf.basic=ALL-UNNAMED --add-exports=java.desktop/sun.swing=ALL-UNNAMED --add-exports=java.desktop/sun.swing.table=ALL-UNNAMED --add-exports=java.desktop/sun.swing.plaf.synth=ALL-UNNAMED --add-exports=java.desktop/sun.awt.shell=ALL-UNNAMED --add-exports=java.base/sun.security.action=ALL-UNNAMED --add-exports=java.desktop/sun.font=ALL-UNNAMED -XX:NewSize=80m -XX:MaxNewSize=80m -Xms812m -Xmx6144m -Xss10m 
java_command: <unknown>
java_class_path (initial): C:/Xilinx/2025.1/Vivado\lib\classes\apiguardian-api-1.1.0.jar;C:/Xilinx/2025.1/Vivado\lib\classes\asm-9.6-11.0.11-62.jar;C:/Xilinx/2025.1/Vivado\lib\classes\asm-analysis-9.6-11.0.11-62.jar;C:/Xilinx/2025.1/Vivado\lib\classes\asm-commons-9.6-11.0.11-62.jar;C:/Xilinx/2025.1/Vivado\lib\classes\asm-tree-9.6-11.0.11-62.jar;C:/Xilinx/2025.1/Vivado\lib\classes\autoesl-models-1.0.0-62.jar;C:/Xilinx/2025.1/Vivado\lib\classes\batik-anim-1.0.0-62.jar;C:/Xilinx/2025.1/Vivado\lib\classes\batik-awt-util-1.0.0-62.jar;C:/Xilinx/2025.1/Vivado\lib\classes\batik-bridge-1.0.0-62.jar;C:/Xilinx/2025.1/Vivado\lib\classes\batik-codec-1.0.0-62.jar;C:/Xilinx/2025.1/Vivado\lib\classes\batik-constants-1.0.0-62.jar;C:/Xilinx/2025.1/Vivado\lib\classes\batik-css-1.0.0-62.jar;C:/Xilinx/2025.1/Vivado\lib\classes\batik-dom-1.0.0-62.jar;C:/Xilinx/2025.1/Vivado\lib\classes\batik-ext-1.0.0-62.jar;C:/Xilinx/2025.1/Vivado\lib\classes\batik-gui-util-1.0.0-62.jar;C:/Xilinx/2025.1/Vivado\lib\classes\batik-gvt-1.0.0-62.jar;C:/Xilinx/2025.1/Vivado\lib\classes\batik-i18n-1.0.0-62.jar;C:/Xilinx/2025.1/Vivado\lib\classes\batik-parser-1.0.0-62.jar;C:/Xilinx/2025.1/Vivado\lib\classes\batik-script-1.0.0-62.jar;C:/Xilinx/2025.1/Vivado\lib\classes\batik-svg-dom-1.0.0-62.jar;C:/Xilinx/2025.1/Vivado\lib\classes\batik-svggen-1.0.0-62.jar;C:/Xilinx/2025.1/Vivado\lib\classes\batik-swing-1.0.0-62.jar;C:/Xilinx/2025.1/Vivado\lib\classes\batik-transcoder-1.0.0-62.jar;C:/Xilinx/2025.1/Vivado\lib\classes\batik-util-1.0.0-62.jar;C:/Xilinx/2025.1/Vivado\lib\classes\batik-xml-1.0.0-62.jar;C:/Xilinx/2025.1/Vivado\lib\classes\checker-qual-3.12.0.jar;C:/Xilinx/2025.1/Vivado\lib\classes\com.fasterxml.jackson.core.jackson-annotations_2.12.1.v20210128-1726-1.0.0-62.jar;C:/Xilinx/2025.1/Vivado\lib\classes\com.fasterxml.jackson.core.jackson-annotations_2.12.1.v20210128-1726-1.5.0-62.jar;C:/Xilinx/2025.1/Vivado\lib\classes\com.fasterxml.jackson.core.jackson-core_2.12.1.v20210128-1726-1.0.0-62.jar;C:/Xilinx/2025.1/Vivado\lib\classes\com.fasterxml.jackson.core.jackson-core_2.12.1.v20210128-1726-1.5.0-62.jar;C:/Xilinx/2025.1/Vivado\lib\classes\com.fasterxml.jackson.core.jackson-databind_2.12.1.v20210128-1726-1.0.0-62.jar;C:/Xilinx/2025.1/Vivado\lib\classes\com.fasterxml.jackson.core.jackson-databind_2.12.1.v20210128-1726-1.5.0-62.jar;C:/Xilinx/2025.1/Vivado\lib\classes\com.google.gson_2.8.9.v20220111-1409-1.5.0-62.jar;C:/Xilinx/2025.1/Vivado\lib\classes\com.google.guava_30.1.0.v20210127-2300-1.5.0-62.jar;C:/Xilinx/2025.1/Vivado\lib\classes\com.sigasi.hdt.connection_4.17.2.202304211001-1.5.0-62.jar;C:/Xilinx/2025.1/Vivado\lib\classes\com.sigasi.hdt.epl_4.17.2.202304211001-1.5.0-62.jar;C:/Xilinx/2025.1/Vivado\lib\classes\com.sigasi.hdt.project_4.17.2.202304211001-1.5.0-62.jar;C:/Xilinx/2025.1/Vivado\lib\classes\com.sigasi.hdt.readonlyfilesystem_4.17.2.202304211001-1.5.0-62.jar;C:/Xilinx/2025.1/Vivado\lib\classes\com.sigasi.hdt.shared_4.17.2.202304211001-1.5.0-62.jar;C:/Xilinx/2025.1/Vivado\lib\classes\com.sigasi.lcm_4.17.2.202304211001-1.5.0-62.jar;C:/Xilinx/2025.1/Vivado\lib\classes\com.sigasi.lsp.server.extensions_4.17.2.202304211001-1.5.0-62.jar;C:/Xilinx/2025.1/Vivado\lib\classes\com.sigasi.sdk.client_1.5.0.202304211001-1.5.0-62.jar;C:/Xilinx/2025.1/Vivado\lib\classes\commons-collections4-4.1-3.7.8-62.jar;C:/Xilinx/2025.1/Vivado\lib\classes\commons-compress-1.21-3.7.8-62.jar;C:/Xilinx/2025.1/Vivado\lib\classes\commons-io-2.15.0-11.0.11-62.jar;C:/Xilinx/2025.1/Vivado\lib\classes\commons-io-2.6.jar;C:/Xilinx/2025.1/Vivado\lib\classes\commons-lang3-3.14.0-11.0.11-62.jar;C:/Xilinx/2025.1/Vivado\lib\classes\commons-math-2.2-3.7.8-62.jar;C:/Xilinx/2025.1/Vivado\lib\classes\DispatchProtocol-1.24.0-526.jar;C:/Xilinx/2025.1/Vivado\lib\classes\dom4j-1.6.1-3.7.8-62.jar;C:/Xilinx/2025.1/Vivado\lib\classes\error_prone_annotations-2.11.0.jar;C:/Xilinx/2025.1/Vivado\lib\classes\failureaccess-1.0.1.jar;C:/Xilinx/2025.1/Vivado\lib\classes\frank_frameworks-1.0.0-526.jar;C:/Xilinx/2025.1/Vivado\lib\classes\gson-2.8.9.jar;C:/Xilinx/2025.1/Vivado\lib\classes\guava-31.1-android.jar;C:/Xilinx/2025.1/Vivado\lib\classes\help-1.24.0-356.jar;C:/Xilinx/2025.1/Vivado\lib\classes\hsqldb-3.7.8-62.jar;C:/Xilinx/2025.1/Vivado\lib\classes\j2objc-annotations-1.3.jar;C:/Xilinx/2025.1/Vivado\lib\classes\jakarta.annotation-api-2.1.0-11.0.11-62.jar;C:/Xilinx/2025.1/Vivado\lib\classes\jakarta.json-2.0.0-RC2-1.5.0-62.jar;C:/Xilinx/2025.1/Vivado\lib\classes\jakarta.json-api-2.0.0-RC2-1.5.0-62.jar;C:/Xilinx/2025.1/Vivado\lib\classes\jakarta.transaction-api-2.0.0-11.0.11-62.jar;C:/Xilinx/2025.1/Vivado\lib\classes\jaxb-api-2.3.0.jar;C:/Xilinx/2025.1/Vivado\lib\classes\jericho-html-3.4-1.0.0-62.jar;C:/Xilinx/2025.1/Vivado\lib\classes\jetty-jakarta-servlet-api-5.0.2-11.0.11-62.jar;C:/Xilinx/2025.1/Vivado\lib\classes\jh-2.0.05-62.jar;C:/Xilinx/2025.1/Vivado\lib\classes\jide-action-3.7.8-62.jar;C:/Xilinx/2025.1/Vivado\lib\classes\jide-charts-3.7.8-62.jar;C:/Xilinx/2025.1/Vivado\lib\classes\jide-common-3.7.8-62.jar;C:/Xilinx/2025.1/Vivado\lib\classes\jide-components-3.7.8-62.jar;C:/Xilinx/2025.1/Vivado\lib\classes\jide-dashboard-3.7.8-62.jar;C:/Xilinx/2025.1/Vivado\lib\classes\jide-data-3.7.8-62.jar;C:/Xilinx/2025.1/Vivado\lib\classes\jide-dialogs-3.7.8-62.jar;C:/Xilinx/2025.1/Vivado\lib\classes\jide-diff-3.7.8-62.jar;C:/Xilinx/2025.1/Vivado\lib\classes\jide-dock-3.7.8-62.jar;C:/Xilinx/2025.1/Vivado\lib\classes\jide-editor-3.7.8-62.jar;C:/Xilinx/2025.1/Vivado\lib\classes\jide-gantt-3.7.8-62.jar;C:/Xilinx/2025.1/Vivado\lib\classes\jide-grids-3.7.8-62.jar;C:/Xilinx/2025.1/Vivado\lib\classes\jide-pivot-3.7.8-62.jar;C:/Xilinx/2025.1/Vivado\lib\classes\jide-plaf-jdk7-3.7.8-62.jar;C:/Xilinx/2025.1/Vivado\lib\classes\jide-properties-3.7.8-62.jar;C:/Xilinx/2025.1/Vivado\lib\classes\jide-shortcut-3.7.8-62.jar;C:/Xilinx/2025.1/Vivado\lib\classes\jide-treemap-3.7.8-62.jar;C:/Xilinx/2025.1/Vivado\lib\classes\JRCClient-1.24.0-526.jar;C:/Xilinx/2025.1/Vivado\lib\classes\jsr305-3.0.2.jar;C:/Xilinx/2025.1/Vivado\lib\classes\junit-jupiter-api-5.6.2.jar;C:/Xilinx/2025.1/Vivado\lib\classes\junit-platform-commons-1.6.2.jar;C:/Xilinx/2025.1/Vivado\lib\classes\justify-3.0.0-RC2-1.5.0-62.jar;C:/Xilinx/2025.1/Vivado\lib\classes\jydocking-3.3.1-62.jar;C:/Xilinx/2025.1/Vivado\lib\classes\jytable-3.3.1-62.jar;C:/Xilinx/2025.1/Vivado\lib\classes\jywidgets-3.3.1-62.jar;C:/Xilinx/2025.1/Vivado\lib\classes\listenablefuture-9999.0-empty-to-avoid-conflict-with-guava.jar;C:/Xilinx/2025.1/Vivado\lib\classes\log4j-1.2-api-2.17.1-1.5.0-62.jar;C:/Xilinx/2025.1/Vivado\lib\classes\log4j-api-2.17.1-1.5.0-62.jar;C:/Xilinx/2025.1/Vivado\lib\classes\log4j-core-2.17.1-1.5.0-62.jar;C:/Xilinx/2025.1/Vivado\lib\classes\lucene-analyzers-common-4.10.2-3.7.8-62.jar;C:/Xilinx/2025.1/Vivado\lib\classes\lucene-core-4.10.2-3.7.8-62.jar;C:/Xilinx/2025.1/Vivado\lib\classes\lucene-queryparser-4.10.2-3.7.8-62.jar;C:/Xilinx/2025.1/Vivado\lib\classes\miglayout-3.7.3.1.jar;C:/Xilinx/2025.1/Vivado\lib\classes\nlview_java-1.0.0-62.jar;C:/Xilinx/2025.1/Vivado\lib\classes\opentest4j-1.2.0.jar;C:/Xilinx/2025.1/Vivado\lib\classes\org.apache.commons.lang_2.6.0.v201404270220-1.0.0-62.jar;C:/Xilinx/2025.1/Vivado\lib\classes\org.eclipse.core.commands-3.6.0-1.0.0-62.jar;C:/Xilinx/2025.1/Vivado\lib\classes\org.eclipse.core.filesystem_1.7.400.v20190518-1151-1.0.0-62.jar;C:/Xilinx/2025.1/Vivado\lib\classes\org.eclipse.core.jobs_3.10.400.v20190506-1457-1.0.0-62.jar;C:/Xilinx/2025.1/Vivado\lib\classes\org.eclipse.core.resources_3.13.400.v20190505-1655-1.0.0-62.jar;C:/Xilinx/2025.1/Vivado\lib\classes\org.eclipse.emf.common_2.18.0.v20191225-1014-1.0.0-62.jar;C:/Xilinx/2025.1/Vivado\lib\classes\org.eclipse.emf.common_2.24.0.v20220123-0838-1.5.0-62.jar;C:/Xilinx/2025.1/Vivado\lib\classes\org.eclipse.emf.ecore.xmi_2.16.0.v20190528-0725-1.0.0-62.jar;C:/Xilinx/2025.1/Vivado\lib\classes\org.eclipse.emf.ecore_2.21.0.v20200127-1342-1.0.0-62.jar;C:/Xilinx/2025.1/Vivado\lib\classes\org.eclipse.equinox.common_3.11.0.v20200206-0817-1.0.0-62.jar;C:/Xilinx/2025.1/Vivado\lib\classes\org.eclipse.equinox.registry_3.8.400.v20190516-1504-1.0.0-62.jar;C:/Xilinx/2025.1/Vivado\lib\classes\org.eclipse.jetty.alpn.client_11.0.18-11.0.11-62.jar;C:/Xilinx/2025.1/Vivado\lib\classes\org.eclipse.jetty.annotations_11.0.18-11.0.11-62.jar;C:/Xilinx/2025.1/Vivado\lib\classes\org.eclipse.jetty.client_11.0.18-11.0.11-62.jar;C:/Xilinx/2025.1/Vivado\lib\classes\org.eclipse.jetty.http_11.0.18-11.0.11-62.jar;C:/Xilinx/2025.1/Vivado\lib\classes\org.eclipse.jetty.io_11.0.18-11.0.11-62.jar;C:/Xilinx/2025.1/Vivado\lib\classes\org.eclipse.jetty.jndi_11.0.18-11.0.11-62.jar;C:/Xilinx/2025.1/Vivado\lib\classes\org.eclipse.jetty.plus_11.0.18-11.0.11-62.jar;C:/Xilinx/2025.1/Vivado\lib\classes\org.eclipse.jetty.security_11.0.18-11.0.11-62.jar;C:/Xilinx/2025.1/Vivado\lib\classes\org.eclipse.jetty.server_11.0.18-11.0.11-62.jar;C:/Xilinx/2025.1/Vivado\lib\classes\org.eclipse.jetty.servlet_11.0.18-11.0.11-62.jar;C:/Xilinx/2025.1/Vivado\lib\classes\org.eclipse.jetty.util_11.0.18-11.0.11-62.jar;C:/Xilinx/2025.1/Vivado\lib\classes\org.eclipse.jetty.webapp_11.0.18-11.0.11-62.jar;C:/Xilinx/2025.1/Vivado\lib\classes\org.eclipse.jetty.websocket.api_11.0.18-11.0.11-62.jar;C:/Xilinx/2025.1/Vivado\lib\classes\org.eclipse.jetty.websocket.client_11.0.18-11.0.11-62.jar;C:/Xilinx/2025.1/Vivado\lib\classes\org.eclipse.jetty.websocket.common_11.0.18-11.0.11-62.jar;C:/Xilinx/2025.1/Vivado\lib\classes\org.eclipse.jetty.websocket.core.client_11.0.18-11.0.11-62.jar;C:/Xilinx/2025.1/Vivado\lib\classes\org.eclipse.jetty.websocket.core.common_11.0.18-11.0.11-62.jar;C:/Xilinx/2025.1/Vivado\lib\classes\org.eclipse.jetty.websocket.core.server_11.0.18-11.0.11-62.jar;C:/Xilinx/2025.1/Vivado\lib\classes\org.eclipse.jetty.websocket.server_11.0.18-11.0.11-62.jar;C:/Xilinx/2025.1/Vivado\lib\classes\org.eclipse.jetty.websocket.servlet_11.0.18-11.0.11-62.jar;C:/Xilinx/2025.1/Vivado\lib\classes\org.eclipse.jetty.xml_11.0.18-11.0.11-62.jar;C:/Xilinx/2025.1/Vivado\lib\classes\org.eclipse.lsp4j.jsonrpc_0.12.0.v20210402-1305-1.5.0-62.jar;C:/Xilinx/2025.1/Vivado\lib\classes\org.eclipse.lsp4j_0.12.0.v20210402-1305-1.5.0-62.jar;C:/Xilinx/2025.1/Vivado\lib\classes\org.eclipse.xtext.util_2.18.0.v20190603-1042-1.0.0-62.jar;C:/Xilinx/2025.1/Vivado\lib\classes\org.eclipse.xtext.util_2.26.0.v20220228-0751-1.5.0-62.jar;C:/Xilinx/2025.1/Vivado\lib\classes\org.eclipse.xtext.xbase.lib_2.26.0.v20220228-0748-1.5.0-62.jar;C:/Xilinx/2025.1/Vivado\lib\classes\picocli-4.1.2.jar;C:/Xilinx/2025.1/Vivado\lib\classes\planAhead.jar;C:/Xilinx/2025.1/Vivado\lib\classes\poi-4.1.1-3.7.8-62.jar;C:/Xilinx/2025.1/Vivado\lib\classes\poi-ooxml-4.1.1-3.7.8-62.jar;C:/Xilinx/2025.1/Vivado\lib\classes\poi-ooxml-schemas-4.1.1-3.7.8-62.jar;C:/Xilinx/2025.1/Vivado\lib\classes\protobuf-java-3.21.12.jar;C:/Xilinx/2025.1/Vivado\lib\classes\protobuf-java-util-3.21.12.jar;C:/Xilinx/2025.1/Vivado\lib\classes\RuleService-1.24.0-526.jar;C:/Xilinx/2025.1/Vivado\lib\classes\slf4j-api-2.0.9-11.0.11-62.jar;C:/Xilinx/2025.1/Vivado\lib\classes\swingx-core-1.6.2-62.jar;C:/Xilinx/2025.1/Vivado\lib\classes\synthetica-3.3.1-62.jar;C:/Xilinx/2025.1/Vivado\lib\classes\syntheticaAddons-3.3.1-62.jar;C:/Xilinx/2025.1/Vivado\lib\classes\syntheticaDark-3.3.1-62.jar;C:/Xilinx/2025.1/Vivado\lib\classes\syntheticaPlain-3.3.1-62.jar;C:/Xilinx/2025.1/Vivado\lib\classes\syntheticaPlainAddon-3.3.1-62.jar;C:/Xilinx/2025.1/Vivado\lib\classes\sysgen.jar;C:/Xilinx/2025.1/Vivado\lib\classes\va-shared-1.0.0-526.jar;C:/Xilinx/2025.1/Vivado\lib\classes\VlmGUI.jar;C:/Xilinx/2025.1/Vivado\lib\classes\xml-apis-ext-1.0.0-62.jar;C:/Xilinx/2025.1/Vivado\lib\classes\xmlbeans-3.1.0-3.7.8-62.jar;C:/Xilinx/2025.1/Vivado\lib\classes\xmlgraphics-commons-1.0.0-62.jar;C:/Xilinx/2025.1/Vivado\lib\classes\yfiles-for-java-swing-3.3.0-62.jar;C:/Xilinx/2025.1/Vivado\lib\classes\windows\gluegen-rt-95.0.4638.69.jar;C:/Xilinx/2025.1/Vivado\lib\classes\windows\gluegen-rt-natives-windows-amd64-95.0.4638.69.jar;C:/Xilinx/2025.1/Vivado\lib\classes\windows\javafx-swt-21.0.1.jar;C:/Xilinx/2025.1/Vivado\lib\classes\windows\javafx.base-21.0.1.jar;C:/Xilinx/2025.1/Vivado\lib\classes\windows\javafx.controls-21.0.1.jar;C:/Xilinx/2025.1/Vivado\lib\classes\windows\javafx.fxml-21.0.1.jar;C:/Xilinx/2025.1/Vivado\lib\classes\windows\javafx.graphics-21.0.1.jar;C:/Xilinx/2025.1/Vivado\lib\classes\windows\javafx.media-21.0.1.jar;C:/Xilinx/2025.1/Vivado\lib\classes\windows\javafx.swing-21.0.1.jar;C:/Xilinx/2025.1/Vivado\lib\classes\windows\javafx.web-21.0.1.jar;C:/Xilinx/2025.1/Vivado\lib\classes\windows\jcef-95.0.4638.69.jar;C:/Xilinx/2025.1/Vivado\lib\classes\windows\jcef-tests-95.0.4638.69.jar;C:/Xilinx/2025.1/Vivado\lib\classes\windows\jogl-all-95.0.4638.69.jar;C:/Xilinx/2025.1/Vivado\lib\classes\windows\jogl-all-natives-windows-amd64-95.0.4638.69.jar
Launcher Type: generic

[Global flags]
     intx CICompilerCount                          = 4                                         {product} {ergonomic}
     uint ConcGCThreads                            = 1                                         {product} {ergonomic}
     uint G1ConcRefinementThreads                  = 4                                         {product} {ergonomic}
   size_t G1HeapRegionSize                         = 4194304                                   {product} {ergonomic}
    uintx GCDrainStackTargetSize                   = 64                                        {product} {ergonomic}
   size_t InitialHeapSize                          = 851443712                                 {product} {command line}
   size_t MarkStackSize                            = 4194304                                   {product} {ergonomic}
    uintx MaxGCPauseMillis                         = 200                                       {product} {command line}
   size_t MaxHeapSize                              = 6442450944                                {product} {command line}
   size_t MaxNewSize                               = 83886080                                  {product} {command line}
   size_t MinHeapDeltaBytes                        = 4194304                                   {product} {ergonomic}
   size_t MinHeapSize                              = 851443712                                 {product} {command line}
   size_t NewSize                                  = 83886080                                  {product} {command line}
    uintx NonNMethodCodeHeapSize                   = 5839372                                {pd product} {ergonomic}
    uintx NonProfiledCodeHeapSize                  = 122909434                              {pd product} {ergonomic}
     uint ParallelGCThreads                        = 4                                         {product} {command line}
     bool ParallelRefProcEnabled                   = true                                      {product} {command line}
    uintx ProfiledCodeHeapSize                     = 122909434                              {pd product} {ergonomic}
    uintx ReservedCodeCacheSize                    = 251658240                              {pd product} {ergonomic}
     bool SegmentedCodeCache                       = true                                      {product} {ergonomic}
   size_t SoftMaxHeapSize                          = 6442450944                             {manageable} {ergonomic}
    uintx StringTableSize                          = 4072                                      {product} {command line}
     intx ThreadStackSize                          = 10240                                  {pd product} {command line}
     bool UseCompressedOops                        = true                           {product lp64_product} {ergonomic}
     bool UseG1GC                                  = true                                      {product} {ergonomic}
     bool UseLargePagesIndividualAllocation        = false                                  {pd product} {ergonomic}
     bool UsePerfData                              = false                                     {product} {command line}
     bool UseStringDeduplication                   = true                                      {product} {command line}

Logging:
Log output configuration:
 #0: stdout all=warning uptime,level,tags foldmultilines=false
 #1: stderr all=off uptime,level,tags foldmultilines=false

Environment Variables:
PATH=C:/Xilinx/2025.1/Vivado\gnuwin\bin;C:/Xilinx/2025.1/Vivado\gnu\microblaze\nt\bin;C:/Xilinx/2025.1/Vivado/bin;C:/Xilinx/2025.1/Vivado\tps\win64;C:/Xilinx/2025.1/Vivado/tps/win64/java-cef-95.0.4638.69/bin/lib/win64;C:/Xilinx/2025.1/Vivado/tps/win64/javafx-sdk-21.0.1/lib;C:/Xilinx/2025.1/Vivado/tps/win64/javafx-sdk-21.0.1/bin;C:/Xilinx/2025.1/Vivado/lib/win64.o;C:/Xilinx/2025.1/Vivado/tps/win64/jre21.0.1_12/bin/server;C:/Xilinx/2025.1/Vivado/tps/win64/jre21.0.1_12/bin;C:/Xilinx/2025.1/Vitis/bin;C:/Xilinx/2025.1/Vivado/ids_lite/ISE/bin/nt64;C:/Xilinx/2025.1/Vivado/ids_lite/ISE/lib/nt64;C:\WINDOWS\System32;C:\Users\Kheph\.platformio\penv\Scripts;C:\Program Files\usbipd-win\;C:\Program Files\MATLAB\R2025b\bin;C:\Users\Kheph\.local\bin;C:\Program Files (x86)\Windows Kits\10\Windows Performance Toolkit\;C:\Users\Kheph\AppData\Local\Programs\Python\Python313\Scripts\;C:\Users\Kheph\AppData\Local\Programs\Python\Python313\;C:\Users\Kheph\AppData\Local\Programs\Python\Launcher\;C:\WINDOWS;C:\WINDOWS\System32\Wbem;C:\WINDOWS\System32\WindowsPowerShell\v1.0\;C:\WINDOWS\System32\OpenSSH\;C:\Program Files\CMake\bin;C:\Program Files\Git\cmd;C:\Program Files\PuTTY\;C:
USERNAME=Kheph
OS=Windows_NT
PROCESSOR_IDENTIFIER=Intel64 Family 6 Model 140 Stepping 1, GenuineIntel
TMP=C:\Users\Kheph\AppData\Local\Temp
TEMP=C:\Users\Kheph\AppData\Local\Temp




Periodic native trim disabled

---------------  S Y S T E M  ---------------

OS:
 Windows 11 , 64 bit Build 26100 (10.0.26100.7920)
OS uptime: 7 days 8:01 hours
Hyper-V role detected

CPU: total 8 (initial active 8) (4 cores per cpu, 2 threads per core) family 6 model 140 stepping 1 microcode 0x86, cx8, cmov, fxsr, ht, mmx, 3dnowpref, sse, sse2, sse3, ssse3, sse4.1, sse4.2, popcnt, lzcnt, tsc, tscinvbit, avx, avx2, aes, erms, clmul, bmi1, bmi2, adx, avx512f, avx512dq, avx512cd, avx512bw, avx512vl, sha, fma, vzeroupper, avx512_vpopcntdq, avx512_vpclmulqdq, avx512_vaes, avx512_vnni, clflush, clflushopt, clwb, avx512_vbmi2, avx512_vbmi, hv, rdtscp, rdpid, fsrm, gfni, avx512_bitalg, f16c, cet_ibt, cet_ss, avx512_ifma
Processor Information for all 8 processors :
  Max Mhz: 2803, Current Mhz: 2803, Mhz Limit: 2803

Memory: 4k page, system-wide physical 36558M (18948M free)
TotalPageFile size 53966M (AvailPageFile size 28534M)
current process WorkingSet (physical memory assigned to process): 975M, peak: 1147M
current process commit charge ("private bytes"): 1965M, peak: 3569M

vm_info: OpenJDK 64-Bit Server VM (21.0.1+12-LTS) for windows-amd64 JRE (21.0.1+12-LTS), built on 2023-10-17T00:00:00Z by "admin" with unknown MS VC++:1937

END.
